Sarah_Funace_Cave
SURVEY NAME: Sarah_Furnace_Cave_Data
SURVEY DATE: 3 09 2025  COMMENT: All Sarah Furnac cave data as of 2024
SURVEY TEAM: 
SAS
DECLINATION:  0  FORMAT: DDDDLRUDLAaDdNF  CORRECTIONS:  0.00 0.00 0.00  CORRECTIONS2:  0.00 0.00  DISCOVERY: 2 20 2025  PREFIX:

	FROM	TO		LENGTH	BEARING	INC		LEFT	UP		DOWN	RIGHT	FLAGS	COMMENTS

	AAA01	AAA02	15.15	104.73	-15.40	0.00	0.00	0.00	0.00
	AAA02	AAA03	8.46	63.29	-11.90	0.00	0.00	0.00	0.00
	AAA02	AAA04	13.63	102.85	-11.70	0.00	0.00	0.00	0.00
	AAA05	AAA04	6.96	176.35	-4.05	0.00	0.00	0.00	0.00
	AAA02	AAA06	10.75	104.20	-15.25	0.00	0.00	0.00	0.00
	AAA04	AAA07	8.34	75.20	2.00	0.00	0.00	0.00	0.00
	AAA08	AAA04	8.83	224.35	-2.80	0.00	0.00	0.00	0.00
	AAA04	AAA09	10.00	120.73	13.00	0.00	0.00	0.00	0.00
	AAA04	AAA10	15.04	145.85	4.65	0.00	0.00	0.00	0.00
	AAA10	AAA11	10.69	307.10	-1.50	0.00	0.00	0.00	0.00
	AAA09	AAA12	17.38	217.50	4.03	0.00	0.00	0.00	0.00
	AAA12	AAA13	9.80	211.40	3.85	0.00	0.00	0.00	0.00
	AAA12	AAA14	10.24	276.00	-21.45	0.00	0.00	0.00	0.00
	AAA14	AAA13	10.48	155.15	24.85	0.00	0.00	0.00	0.00
	AAA13	AAA15	14.05	65.70	-5.10	0.00	0.00	0.00	0.00
	AAA15	AAA12	8.07	289.40	2.85	0.00	0.00	0.00	0.00
	AAA13	AAA16	21.65	189.22	-7.50	0.00	0.00	0.00	0.00
	AAA16	AAA17	8.33	278.45	5.75	0.00	0.00	0.00	0.00
	AAA17	AAA18	18.85	219.15	0.45	0.00	0.00	0.00	0.00
	AAA18	AAA19	16.79	163.90	-0.60	0.00	0.00	0.00	0.00
	AAA19	AAA16	33.39	27.13	-0.50	0.00	0.00	0.00	0.00
	AAA08	ABA01	4.79	60.55	-0.40	0.00	0.00	0.00	0.00
	ABA01	ABA02	9.55	147.12	3.10	0.00	0.00	0.00	0.00
	ABA02	AAA04	15.51	265.45	-4.30	0.00	0.00	0.00	0.00
	ABA02	ABA03	5.33	67.55	11.30	0.00	0.00	0.00	0.00
	ABA03	ABA04	14.62	224.25	1.65	0.00	0.00	0.00	0.00
	ABA04	AAA04	12.90	307.45	-9.20	0.00	0.00	0.00	0.00
	ABA04	ABA05	4.42	53.78	13.70	0.00	0.00	0.00	0.00
	ABA05	ABA06	10.87	325.52	-5.30	0.00	0.00	0.00	0.00
	ABA06	AAA07	0.00	350.35	0.00	0.00	0.00	0.00	0.00
	AAA05	ABA07	7.06	24.05	-3.40	0.00	0.00	0.00	0.00
	ABA01	ABA08	7.37	322.10	-3.25	0.00	0.00	0.00	0.00
	ABA08	ABA07	3.75	256.75	1.25	0.00	0.00	0.00	0.00
	ABA09	ABA07	3.93	8.35	13.05	0.00	0.00	0.00	0.00
	ABA09	ABA10	7.10	276.70	5.00	0.00	0.00	0.00	0.00
	AAA03	ABA10	3.69	8.08	-19.35	0.00	0.00	0.00	0.00
	ABA10	ABA11	10.00	24.35	0.00	0.00	0.00	0.00	0.00
	ABA08	ABA12	7.77	89.40	0.75	0.00	0.00	0.00	0.00
	ABA01	ABA12	6.43	28.65	-2.30	0.00	0.00	0.00	0.00
	ABA12	ABA13	2.28	207.10	-17.75	0.00	0.00	0.00	0.00
	ABA13	ABA01	4.63	209.50	12.35	0.00	0.00	0.00	0.00
	ABA13	ABA14	6.54	137.55	7.40	0.00	0.00	0.00	0.00
	ABA01	ABA14	6.46	99.25	-0.65	0.00	0.00	0.00	0.00
	ABA15	ABA14	4.75	248.70	1.00	0.00	0.00	0.00	0.00
	ABA03	ABA15	7.41	5.25	-15.10	0.00	0.00	0.00	0.00
	ABA15	ABA16	3.08	30.25	0.10	0.00	0.00	0.00	0.00
	ABA17	ABA16	4.33	204.00	-1.70	0.00	0.00	0.00	0.00
	ABA17	ABA08	19.19	265.40	-0.35	0.00	0.00	0.00	0.00
	ABA02	ACA01	11.61	73.30	-2.00	0.00	0.00	0.00	0.00
	ACA01	ACA02	3.68	94.00	1.95	0.00	0.00	0.00	0.00
	ACA02	ACA03	2.42	213.35	-14.70	0.00	0.00	0.00	0.00
	ACA02	ACA04	4.83	27.75	-14.50	0.00	0.00	0.00	0.00
	ACA04	ACA05	5.93	90.55	11.63	0.00	0.00	0.00	0.00
	ACA05	ACA06	6.39	169.90	-8.77	0.00	0.00	0.00	0.00
	ACA06	ACA01	12.73	277.90	6.36	0.00	0.00	0.00	0.00
	ACA06	ACA07	2.23	102.15	23.95	0.00	0.00	0.00	0.00
	ACA07	ACA09	16.05	71.28	19.14	0.00	0.00	0.00	0.00
	ACA05	ACA08	18.41	86.92	9.13	0.00	0.00	0.00	0.00
	ACA08	ACA09	3.10	181.00	20.10	0.00	0.00	0.00	0.00
	ACA05	ACA05a	8.51	92.05	14.20	0.00	0.00	0.00	0.00
	ACA05a	ACA05b	7.76	16.55	-9.00	0.00	0.00	0.00	0.00
	ACA08	ACA10	29.36	218.85	-2.75	0.00	0.00	0.00	0.00
	ACA07	ACA11	8.71	232.90	12.00	0.00	0.00	0.00	0.00
	ACA11	ACA12	3.19	215.00	-9.40	0.00	0.00	0.00	0.00
	ACA12	ACA13	8.65	289.05	-6.75	0.00	0.00	0.00	0.00
	ACA13	ACA02	9.13	44.32	-0.90	0.00	0.00	0.00	0.00
	ACA10	ACA11	9.92	340.20	-2.90	0.00	0.00	0.00	0.00
	ACA04	ACA14	8.32	263.70	0.08	0.00	0.00	0.00	0.00
	ACA14	ACA15	3.99	293.75	12.80	0.00	0.00	0.00	0.00
	ACA14	ACA03	7.70	142.50	4.40	0.00	0.00	0.00	0.00
	AAA10	ACA16	5.20	110.55	9.78	0.00	0.00	0.00	0.00
	ACA16	AAA15	11.19	233.95	6.95	0.00	0.00	0.00	0.00
	AAA15	ACA17	6.70	190.65	8.60	0.00	0.00	0.00	0.00
	ACA17	ACA18	11.11	94.65	1.30	0.00	0.00	0.00	0.00
	ACA18	ACA19	6.41	53.67	18.07	0.00	0.00	0.00	0.00
	ACA19	ACA20	19.90	119.70	-14.40	0.00	0.00	0.00	0.00
	ACA20	ACA21	20.04	26.75	-4.45	0.00	0.00	0.00	0.00
	ACA21	ACA10	8.26	286.90	15.35	0.00	0.00	0.00	0.00
	AAA13	ADA01	25.70	284.35	-5.00	0.00	0.00	0.00	0.00
	ADA01	ADA02	5.67	252.35	19.00	0.00	0.00	0.00	0.00
	AAA13	ADA03	10.83	343.02	-26.50	0.00	0.00	0.00	0.00
	ADA03	AAA12	9.67	103.35	25.50	0.00	0.00	0.00	0.00
	ADA03	ADA04	11.00	263.35	11.50	0.00	0.00	0.00	0.00
	ADA03	AAA14	0.90	260.35	8.00	0.00	0.00	0.00	0.00
	ADA03	ADA05	5.17	257.85	15.00	0.00	0.00	0.00	0.00
	ADA05	ADA06	7.83	26.85	-5.00	0.00	0.00	0.00	0.00
	ADA06	ADA07	15.42	96.35	3.00	0.00	0.00	0.00	0.00
	ADA06	ADA08	6.40	99.02	0.00	0.00	0.00	0.00	0.00
	ADA08	ADA09	4.42	10.02	0.63	0.00	0.00	0.00	0.00
	ADA09	AAA11	5.98	81.60	5.83	0.00	0.00	0.00	0.00
	ACA08	ADB01	10.30	87.90	-7.90	0.00	0.00	0.00	0.00
	ADB01	ADB02	13.29	18.20	-1.85	0.00	0.00	0.00	0.00
	ADB02	ADB03	7.00	49.30	-2.20	0.00	0.00	0.00	0.00
	ADB03	ADB04	8.24	338.40	-6.75	0.00	0.00	0.00	0.00
	ADB04	ADB04a	7.68	226.65	-1.20	0.00	0.00	0.00	0.00
	ADB04	ADB05	4.80	302.85	-23.20	0.00	0.00	0.00	0.00
	ADB05	ADB06	2.90	250.85	2.80	0.00	0.00	0.00	0.00
	ADB06	ADB07	3.38	261.00	2.10	0.00	0.00	0.00	0.00
	ADB07	ADB07a	6.43	116.85	1.30	0.00	0.00	0.00	0.00
	ADB08	ADB07	2.73	72.05	4.65	0.00	0.00	0.00	0.00
	ADB08	ADB08a	8.08	146.35	-0.80	0.00	0.00	0.00	0.00
	ADB08	ADB09	5.46	231.75	5.05	0.00	0.00	0.00	0.00
	ADB09	ADB10	2.54	154.60	13.10	0.00	0.00	0.00	0.00
	ADB10	ADB10a	6.47	88.25	-12.70	0.00	0.00	0.00	0.00
	ADB08	ADB11	6.64	0.40	11.60	0.00	0.00	0.00	0.00
	ADA04	AEA01	9.23	331.15	-12.00	0.00	0.00	0.00	0.00
	AEA01	AEA02	9.53	208.07	9.10	0.00	0.00	0.00	0.00
	AEA01	AEA03	8.56	325.65	5.70	0.00	0.00	0.00	0.00
	AEA02	ADA01	3.73	246.37	2.90	0.00	0.00	0.00	0.00
	ADA09	AEA04	8.26	318.32	-0.77	0.00	0.00	0.00	0.00
	AEA04	AAA03	10.30	27.95	4.85	0.00	0.00	0.00	0.00
	AEA04	AEA05	7.75	215.87	4.63	0.00	0.00	0.00	0.00
	AEA05	AEA06	3.78	280.25	0.40	0.00	0.00	0.00	0.00
	AEA06	AEA07	8.71	205.65	3.20	0.00	0.00	0.00	0.00
	AEA07	AEA01	6.54	334.65	-9.80	0.00	0.00	0.00	0.00
	AAA13	AEA08	13.94	273.73	-15.45	0.00	0.00	0.00	0.00
	AEA08	AEA09	13.65	225.51	-0.05	0.00	0.00	0.00	0.00
	AEA09	AEA10	3.66	190.25	9.35	0.00	0.00	0.00	0.00
	AEA10	AEA11	10.31	235.95	-7.85	0.00	0.00	0.00	0.00
	AEA11	AEA12	13.26	202.05	1.83	0.00	0.00	0.00	0.00
	AEA12	AAA18	15.44	110.95	5.50	0.00	0.00	0.00	0.00
	ACA08	AFA01	13.90	140.48	1.50	0.00	0.00	0.00	0.00
	AFA01	114.00	9.90	170.35	-22.50	0.00	0.00	0.00	0.00
	AFA02	AFA03	7.45	191.60	1.50	0.00	0.00	0.00	0.00
	AFA03	ACA21	13.45	309.10	-8.75	0.00	0.00	0.00	0.00
	AFA03	AFA04	9.90	65.35	-1.75	0.00	0.00	0.00	0.00
	AFA04	AFA05	5.35	114.35	1.25	0.00	0.00	0.00	0.00
	AFA05	114.00	11.70	340.85	-6.50	0.00	0.00	0.00	0.00
	AFA04	AFA06	14.80	60.60	-0.25	0.00	0.00	0.00	0.00
	AFA05	AFA07	16.90	50.85	-3.25	0.00	0.00	0.00	0.00
	AFA06	AFA07	5.40	79.10	-12.00	0.00	0.00	0.00	0.00
	AFA07	AFA08	5.30	118.85	11.25	0.00	0.00	0.00	0.00
	AFA08	AFA09	7.50	80.35	-11.00	0.00	0.00	0.00	0.00
	AFA08	AFA10	6.00	22.35	-19.00	0.00	0.00	0.00	0.00
	AFA08	AFA11	5.60	233.52	-20.75	0.00	0.00	0.00	0.00
	AFA11	AFA12	12.00	137.35	-6.00	0.00	0.00	0.00	0.00
	AFA11	AFA13	4.75	188.35	8.00	0.00	0.00	0.00	0.00
	AFA13	AFA14	6.00	168.35	0.00	0.00	0.00	0.00	0.00
	AFA13	AFA15	8.00	230.35	16.00	0.00	0.00	0.00	0.00
	AFA07	AFA16	7.50	0.35	0.00	0.00	0.00	0.00	0.00
	114a	AFA17	19.15	43.35	-6.75	0.00	0.00	0.00	0.00
	AFA17	AFA18	9.70	86.10	3.75	0.00	0.00	0.00	0.00
	AFA17	AEB06	10.55	3.60	9.00	0.00	0.00	0.00	0.00
	AEB06	ADB01	15.70	257.35	-0.25	0.00	0.00	0.00	0.00
	AEB06	AFA19	5.75	109.60	-13.25	0.00	0.00	0.00	0.00
	ADB03	AFB01	6.00	68.85	-8.30	0.00	0.00	0.00	0.00
	AFB01	AFB02	8.75	346.85	-5.00	0.00	0.00	0.00	0.00
	AFB02	AFB03	7.67	267.35	2.00	0.00	0.00	0.00	0.00
	AFB03	ADB04	2.83	153.35	0.00	0.00	0.00	0.00	0.00
	AFB02	AFB04	3.92	314.85	-12.50	0.00	0.00	0.00	0.00
	AFB04	AFB05	9.25	334.60	3.50	0.00	0.00	0.00	0.00
	AFB05	AFB06	11.92	214.35	-7.50	0.00	0.00	0.00	0.00
	AFB06	ADB06	3.25	169.35	2.00	0.00	0.00	0.00	0.00
	AFB06	ADB11	5.67	286.35	0.00	0.00	0.00	0.00	0.00
	AFB02	AFB07	9.33	52.85	0.00	0.00	0.00	0.00	0.00
	AFB07	AFB08	12.83	54.60	-1.50	0.00	0.00	0.00	0.00
	AFB08	AFB09	5.92	36.35	-4.00	0.00	0.00	0.00	0.00
	AFB09	AFB10	5.75	28.85	2.00	0.00	0.00	0.00	0.00
	AFB09	AFB11	14.08	269.35	-3.50	0.00	0.00	0.00	0.00
	AFB11	AFB12	3.50	234.60	19.50	0.00	0.00	0.00	0.00
	AFB12	AFB13	11.17	140.85	2.75	0.00	0.00	0.00	0.00
	AFB13	AFB07	4.33	246.85	-1.75	0.00	0.00	0.00	0.00
	AFB07	AEB01	18.33	150.85	2.00	0.00	0.00	0.00	0.00
	AEB01	AEB01a	7.58	350.35	0.00	0.00	0.00	0.00	0.00
	AEB01	AEB01b	9.50	17.35	0.00	0.00	0.00	0.00	0.00
	AEB01	AEB01c	11.25	30.35	0.00	0.00	0.00	0.00	0.00
	AEB01	AEB01d	15.17	40.35	0.00	0.00	0.00	0.00	0.00
	AAA19	AGA01	7.10	284.10	-1.50	0.00	0.00	0.00	0.00
	AGA01	AGA02	5.50	198.35	-1.00	0.00	0.00	0.00	0.00
	AAA19	AGA03	1.80	65.85	-6.00	0.00	0.00	0.00	0.00
	AGA03	AGA05	8.00	112.35	-3.00	0.00	0.00	0.00	0.00
	AGA05	AGA04	4.10	6.35	-6.00	0.00	0.00	0.00	0.00
	AGA04	AGA03	8.20	256.85	9.25	0.00	0.00	0.00	0.00
	AGA04	AGA06	10.60	28.35	17.50	0.00	0.00	0.00	0.00
	AGA06	AGA07	8.10	10.35	-11.50	0.00	0.00	0.00	0.00
	AGA07	AGA08	8.30	326.10	-8.50	0.00	0.00	0.00	0.00
	AGA08	AAA16	5.85	45.85	3.75	0.00	0.00	0.00	0.00
	AAA16	AGA09	11.50	75.60	5.50	0.00	0.00	0.00	0.00
	AGA09	AGA10	8.70	15.85	2.50	0.00	0.00	0.00	0.00
	AGA09	AGA11	9.60	194.35	13.36	0.00	0.00	0.00	0.00
	AGA11	AGA12	5.30	226.35	-20.00	0.00	0.00	0.00	0.00
	AGA12	AGA06	13.50	202.35	1.50	0.00	0.00	0.00	0.00
	AGA11	AGA13	13.00	95.60	-5.00	0.00	0.00	0.00	0.00
	AGA13	AGC06	8.30	146.35	-20.00	0.00	0.00	0.00	0.00
	AEB01e	AFB01	12.20	226.35	2.50	0.00	0.00	0.00	0.00
	AFB12	AGB01	5.10	221.85	0.00	0.00	0.00	0.00	0.00
	AGB01	AGB02	3.35	297.35	4.00	0.00	0.00	0.00	0.00
	AGB02	AGB03	2.70	243.35	16.67	0.00	0.00	0.00	0.00
	AGB03	AFB05	3.00	238.35	-3.00	0.00	0.00	0.00	0.00
	AGB02	AGB06	13.30	144.85	-1.00	0.00	0.00	0.00	0.00
	AGB06	AFB07	3.20	36.85	13.00	0.00	0.00	0.00	0.00
	AEB05	AGB07	10.50	35.35	1.00	0.00	0.00	0.00	0.00
	AGB07	AGB08	9.80	328.35	-7.50	0.00	0.00	0.00	0.00
	AGB08	AFB10	8.60	310.85	2.50	0.00	0.00	0.00	0.00
	AGB08	AFB09	9.40	271.35	0.50	0.00	0.00	0.00	0.00
	AGB08	AGB09	10.00	222.85	8.00	0.00	0.00	0.00	0.00
	AGB09	AGB07	11.70	94.85	0.00	0.00	0.00	0.00	0.00
	ACA20	AGC01	8.57	200.85	11.03	0.00	0.00	0.00	0.00
	AGC01	AGC02	6.98	192.85	-12.50	0.00	0.00	0.00	0.00
	AGC02	AGC03	9.10	188.35	-1.25	0.00	0.00	0.00	0.00
	AGC03	AGC04	6.71	223.85	-9.50	0.00	0.00	0.00	0.00
	AGC04	AGC05	7.35	339.85	-0.50	0.00	0.00	0.00	0.00
	AGC04	AGC04a	8.40	288.35	0.00	0.00	0.00	0.00	0.00
	AGC04	AGC06	12.00	261.35	2.00	0.00	0.00	0.00	0.00
	AGC06	AGC07	7.80	175.35	0.33	0.00	0.00	0.00	0.00
	AGC07	AGC08	10.15	94.85	11.00	0.00	0.00	0.00	0.00
	AGC08	AGC04	10.93	3.35	-13.00	0.00	0.00	0.00	0.00
	AGC04	AGC09	17.40	88.35	-6.00	0.00	0.00	0.00	0.00
	AGC09	AGC10	7.20	352.35	35.50	0.00	0.00	0.00	0.00
	AGC10	AGC04	17.40	247.35	-8.50	0.00	0.00	0.00	0.00
	ACA16	AAA15	11.25	229.35	3.00	0.00	0.00	0.00	0.00
	ACA16	AGD01	3.90	19.35	42.00	0.00	0.00	0.00	0.00
	AGD01	AGD02	6.50	32.35	15.00	0.00	0.00	0.00	0.00
	AGD01	AGD03	3.50	316.85	-9.00	0.00	0.00	0.00	0.00
	AGD03	ABA04	2.80	290.85	-30.50	0.00	0.00	0.00	0.00
	AGD02	AGD05	8.20	71.35	-37.00	0.00	0.00	0.00	0.00
	AGD05	ACA12	9.30	108.35	2.00	0.00	0.00	0.00	0.00
	AAA11	AAA09	8.30	81.24	9.38	0.00	0.00	0.00	0.00
	AAA11	AAA10	10.75	128.37	1.00	0.00	0.00	0.00	0.00
	AAA11	ADA09	6.00	252.37	-5.00	0.00	0.00	0.00	0.00
	ADA07	AAA11	7.42	339.49	-3.00	0.00	0.00	0.00	0.00
	114a	AEB06	28.10	32.37	0.00	0.00	0.00	0.00	0.00
	AEB06	AEB06a	15.00	212.37	0.00	0.00	0.00	0.00	0.00
	ADB01	ACA08	10.35	266.62	8.50	0.00	0.00	0.00	0.00
	ADB01	AHA01	8.70	301.12	-16.50	0.00	0.00	0.00	0.00
	AHA01	AHA01a	1.50	301.12	-16.50	0.00	0.00	0.00	0.00
	AHA01a	AHA01b	7.00	270.37	0.00	0.00	0.00	0.00	0.00
	AHA01a	AHA01c	5.00	10.37	0.00	0.00	0.00	0.00	0.00
	ADB01	ADB02	13.22	17.62	-2.25	0.00	0.00	0.00	0.00
	ADB01	AEB01	33.94	58.87	-2.50	0.00	0.00	0.00	0.00
	AFA19	AHA02	11.95	15.62	8.00	0.00	0.00	0.00	0.00
	AHA02	AEB01	7.16	50.37	-16.25	0.00	0.00	0.00	0.00
	AEB01	AFB07	18.47	332.20	-1.50	0.00	0.00	0.00	0.00
	AEB01	AEB05	16.98	51.87	-0.25	0.00	0.00	0.00	0.00
	AEB01	AEB01e	10.58	334.24	-4.88	0.00	0.00	0.00	0.00
	AEB01e	AFB01	12.20	230.07	2.83	0.00	0.00	0.00	0.00
	AHA03	AEB05	21.38	88.12	2.50	0.00	0.00	0.00	0.00
	AHA03	AEB01e	3.75	103.37	0.00	0.00	0.00	0.00	0.00
	AHA03	AGB09	18.97	56.17	4.00	0.00	0.00	0.00	0.00
	AHA03	AHA04	6.92	64.87	0.75	0.00	0.00	0.00	0.00
	AHA04	AHA05	4.57	48.87	2.00	0.00	0.00	0.00	0.00
	AHA05	AEB09	16.45	183.74	2.75	0.00	0.00	0.00	0.00
	AGC07	AGC06	7.67	356.27	-0.60	0.00	0.00	0.00	0.00
	AGC06	AIA01	7.33	262.12	-0.85	0.00	0.00	0.00	0.00
	AGC06	AIA02	3.61	8.22	10.80	0.00	0.00	0.00	0.00
	AGC06	AGC04	11.94	82.67	-2.00	0.00	0.00	0.00	0.00
	AIA02	AIA03	6.41	39.02	-10.20	0.00	0.00	0.00	0.00
	AIA03	AIA04	5.00	38.87	-10.00	0.00	0.00	0.00	0.00
	AGC06	AGA13	8.29	327.77	21.60	0.00	0.00	0.00	0.00
	AGC08	AGC07	10.14	277.87	-7.20	0.00	0.00	0.00	0.00
	AGC08	AIA05	18.25	224.77	2.05	0.00	0.00	0.00	0.00
	AIA05	AIA05a	10.51	97.37	0.00	0.00	0.00	0.00	0.00
	AIA05	AIA06	11.29	247.47	0.25	0.00	0.00	0.00	0.00
	AIA05	AIC05	14.49	107.27	-2.75	0.00	0.00	0.00	0.00
	AIA06	AIA07	12.79	152.78	-14.15	0.00	0.00	0.00	0.00
	AIA06	AIC05a	24.04	89.37	-4.00	0.00	0.00	0.00	0.00
	AIC05a	AIC05	1.10	350.37	90.00	0.00	0.00	0.00	0.00
	AIC07	AIA08	12.16	265.22	-4.50	0.00	0.00	0.00	0.00
	AIA07	AIA08	2.00	233.07	-59.10	0.00	0.00	0.00	0.00
	AIA07	AIA09	2.08	273.32	-20.85	0.00	0.00	0.00	0.00
	AIA09	AIA10	8.65	71.32	6.05	0.00	0.00	0.00	0.00
	AIA07	AIA11	5.88	196.87	-8.80	0.00	0.00	0.00	0.00
	AIA10	AIA12	9.42	7.43	20.25	0.00	0.00	0.00	0.00
	AIA12	AIA05	4.67	321.37	-2.45	0.00	0.00	0.00	0.00
	AIA12	AIC06	14.94	120.72	-16.60	0.00	0.00	0.00	0.00
	ACA20	AIB01	18.20	63.37	1.50	0.00	0.00	0.00	0.00
	AIB01	AFA03	3.40	42.37	-1.25	0.00	0.00	0.00	0.00
	ACA20	AIB02	10.70	113.37	3.25	0.00	0.00	0.00	0.00
	AIB02	AIB01	13.30	30.37	-1.50	0.00	0.00	0.00	0.00
	AIB02	AIB03	7.80	100.87	-2.50	0.00	0.00	0.00	0.00
	AIB03	AIB01	12.60	354.37	1.00	0.00	0.00	0.00	0.00
	AIB03	AGC10	20.70	214.37	0.00	0.00	0.00	0.00	0.00
	AIB03	AIB04	6.50	202.37	-1.00	0.00	0.00	0.00	0.00
	AIB04	AIB05	15.90	99.37	0.25	0.00	0.00	0.00	0.00
	AIB05	AIB06	22.40	227.37	-7.50	0.00	0.00	0.00	0.00
	AIB06	AIB07	14.70	261.37	4.00	0.00	0.00	0.00	0.00
	AIB07	AGC09	5.70	70.37	-10.50	0.00	0.00	0.00	0.00
	AGC08	AIC01	15.87	122.37	-8.08	0.00	0.00	0.00	0.00
	AIC01	AIC02	14.15	5.87	-5.35	0.00	0.00	0.00	0.00
	AIC02	AIC03	4.35	350.37	90.00	0.00	0.00	0.00	0.00
	AIC03	AGC09	7.37	37.67	-31.00	0.00	0.00	0.00	0.00
	AIC02	AIC04	10.03	237.52	26.00	0.00	0.00	0.00	0.00
	AIC04	AGC04	11.42	331.27	-12.90	0.00	0.00	0.00	0.00
	AIC04	AIC01	11.46	144.62	-17.00	0.00	0.00	0.00	0.00
	AIC01	AIC05	15.09	234.02	10.50	0.00	0.00	0.00	0.00
	AIC05	AIA05	14.49	287.12	-2.75	0.00	0.00	0.00	0.00
	AIC05	AIC06	7.71	170.57	-28.45	0.00	0.00	0.00	0.00
	AIC06	AIC07	8.64	246.47	2.05	0.00	0.00	0.00	0.00
	AIC07	AIA08	12.16	265.07	-4.50	0.00	0.00	0.00	0.00
	AIC07	AIC08	4.95	197.12	-3.05	0.00	0.00	0.00	0.00
	AIC08	AIA11	11.54	262.17	0.40	0.00	0.00	0.00	0.00
	AIC07	AIC09	12.67	158.72	1.60	0.00	0.00	0.00	0.00
	AIC09	AIC10	9.97	28.62	0.90	0.00	0.00	0.00	0.00
	AIC06	AIC10	6.78	169.57	7.50	0.00	0.00	0.00	0.00
	AAA10	ACA16	4.94	111.27	8.87	0.00	0.00	0.00	0.00
	ACA16	AAA15	10.64	235.02	8.00	0.00	0.00	0.00	0.00
	AAA15	ACA17	7.13	191.22	4.90	0.00	0.00	0.00	0.00
	ACA17	ACA18	11.16	91.97	0.10	0.00	0.00	0.00	0.00
	ACA18	ACA19	7.84	56.32	18.63	0.00	0.00	0.00	0.00
	ACA19	ACA20	19.82	118.97	-13.45	0.00	0.00	0.00	0.00
	ACA20	ACA21	19.95	24.02	-4.10	0.00	0.00	0.00	0.00
	ACA21	ACA10	8.25	284.53	14.30	0.00	0.00	0.00	0.00
	ACA20	AIB01	18.11	65.47	1.40	0.00	0.00	0.00	0.00
	ACA20	AIB02	10.71	111.17	4.40	0.00	0.00	0.00	0.00
	AIB02	AIB03	7.69	97.87	-3.25	0.00	0.00	0.00	0.00
	AIB03	AIB04	6.29	206.07	-1.90	0.00	0.00	0.00	0.00
	AIB03	AGC10	20.57	217.92	-0.50	0.00	0.00	0.00	0.00
	AGC10	AJA01	8.12	332.87	-17.00	0.00	0.00	0.00	0.00
	AJA01	AJA02	7.59	271.37	-1.30	0.00	0.00	0.00	0.00
	AJA02	AGC02	2.73	88.22	68.30	0.00	0.00	0.00	0.00
	AJA01	AJA03	5.12	56.97	10.30	0.00	0.00	0.00	0.00
	AJA03	AJA04	8.63	357.37	24.90	0.00	0.00	0.00	0.00
	AJA04	AIB02	4.77	88.67	-17.30	0.00	0.00	0.00	0.00
	ACA20	AGC01	8.60	201.52	10.90	0.00	0.00	0.00	0.00
	AGC01	AGC02	7.06	196.47	-13.87	0.00	0.00	0.00	0.00
	AGC02	AGC03	9.02	190.67	0.30	0.00	0.00	0.00	0.00
	AGC03	AGC04	6.77	221.87	-7.00	0.00	0.00	0.00	0.00
	AGC04	AGC10	17.52	66.52	3.15	0.00	0.00	0.00	0.00
	AIC03	AIB07	4.79	336.87	-36.20	0.00	0.00	0.00	0.00
	AIB07	AGC09	5.60	75.37	-10.30	0.00	0.00	0.00	0.00
	AGC09	AIC03	7.36	217.27	30.80	0.00	0.00	0.00	0.00
	AIB05	AJA05	10.54	269.62	0.05	0.00	0.00	0.00	0.00
	AJA05	AJA06	4.31	35.87	-15.40	0.00	0.00	0.00	0.00
	AJA06	AJA07	7.08	325.47	6.10	0.00	0.00	0.00	0.00
	AJA05	AJA08	13.38	37.92	6.45	0.00	0.00	0.00	0.00
	AIB05	AJA09	15.53	37.32	16.20	0.00	0.00	0.00	0.00
	AJA08	AJA09	11.75	81.12	14.40	0.00	0.00	0.00	0.00
	AJA08	AIB01	15.30	309.72	-3.10	0.00	0.00	0.00	0.00
	AAA17	AKA01	6.13	304.87	-1.50	0.00	0.00	0.00	0.00
	AKA01	AKA02	1.31	350.37	-90.00	0.00	0.00	0.00	0.00
	AKA02	AEA11	16.24	266.37	-3.00	0.00	0.00	0.00	0.00
	AKA02	AKA03	9.26	263.37	-12.00	0.00	0.00	0.00	0.00
	AAA18	AKA04	7.31	327.37	-4.50	0.00	0.00	0.00	0.00
	AKA04	AKA03	11.26	9.37	-22.00	0.00	0.00	0.00	0.00
	AKA02	AEA09	10.89	318.87	0.00	0.00	0.00	0.00	0.00
	AKA04	AKA05	15.70	234.37	5.50	0.00	0.00	0.00	0.00
	AEA12	AKA06	5.88	293.87	9.50	0.00	0.00	0.00	0.00
	AKA06	AKA06a	10.60	190.37	-10.00	0.00	0.00	0.00	0.00
	AKA06	AKA07	4.25	313.37	3.50	0.00	0.00	0.00	0.00
	AEA11	AKA08	14.49	262.37	-4.50	0.00	0.00	0.00	0.00
	AKA08	AKA07	4.77	161.87	9.50	0.00	0.00	0.00	0.00
	AEB04	AEB05	5.19	325.33	14.33	0.00	0.00	0.00	0.00
	AEB05	AGB07	10.51	35.13	-1.95	0.00	0.00	0.00	0.00
	AEB04	AKB01	12.35	32.07	4.10	0.00	0.00	0.00	0.00
	AKB01	AGB07	3.41	307.82	-0.30	0.00	0.00	0.00	0.00
	AKB01	AKB02	6.55	81.33	-4.03	0.00	0.00	0.00	0.00
	AKB02	AKB03	6.39	170.67	-16.70	0.00	0.00	0.00	0.00
	AKB02	AKB04	5.89	103.12	-8.90	0.00	0.00	0.00	0.00
	AKB04	AKB05	2.44	94.87	20.63	0.00	0.00	0.00	0.00
	AKB05	AKB06	8.84	220.30	-1.37	0.00	0.00	0.00	0.00
	AKB06	AKB07	4.68	181.12	9.00	0.00	0.00	0.00	0.00
	AKB07	AKB08	4.24	299.07	-14.30	0.00	0.00	0.00	0.00
	AKB08	AKB09	9.34	196.57	6.85	0.00	0.00	0.00	0.00
	AKB08	AEB04	10.63	269.27	1.10	0.00	0.00	0.00	0.00
	AKB08	AKB10	6.65	270.02	8.85	0.00	0.00	0.00	0.00
	AKB10	AKB11	5.22	164.47	-14.67	0.00	0.00	0.00	0.00
	AKB11	AKB09	4.91	139.62	15.20	0.00	0.00	0.00	0.00
	AKB11	AKB12	5.70	239.77	4.95	0.00	0.00	0.00	0.00
	AKB12	AKC04	2.38	278.57	27.80	0.00	0.00	0.00	0.00
	AKB12	AKB13	10.40	185.15	8.70	0.00	0.00	0.00	0.00
	AKB13	AKB14	5.33	111.77	-16.90	0.00	0.00	0.00	0.00
	AKB14	AKB09	11.74	21.52	4.85	0.00	0.00	0.00	0.00
	AHA03	AKC01	14.90	136.87	3.95	0.00	0.00	0.00	0.00
	AKC01	AEB02	7.17	158.27	-10.60	0.00	0.00	0.00	0.00
	AEB02	AKC02	1.00	350.37	-90.00	0.00	0.00	0.00	0.00
	AKC02	AKC03	7.75	44.87	0.07	0.00	0.00	0.00	0.00
	AKC03	AKC04	5.03	73.07	24.70	0.00	0.00	0.00	0.00
	AKC04	AEB03	3.36	23.67	-1.20	0.00	0.00	0.00	0.00
	AEB03	AEB04	4.38	8.67	-13.15	0.00	0.00	0.00	0.00
	AEB04	AKC05	8.20	300.62	8.45	0.00	0.00	0.00	0.00
	AKC05	AEB05	4.37	87.42	-2.40	0.00	0.00	0.00	0.00
	AKC05	AHA03	16.99	267.97	-4.10	0.00	0.00	0.00	0.00
	ADB01	AEB06	15.62	77.97	2.40	0.00	0.00	0.00	0.00
	AEB06	AFA17	10.57	188.47	-7.70	0.00	0.00	0.00	0.00
	AFA17	114a	19.23	225.22	5.85	0.00	0.00	0.00	0.00
	AAA13	AAA13a	1.00	350.37	90.00	0.00	0.00	0.00	0.00
	AAA12	AAA12a	0.50	350.37	90.00	0.00	0.00	0.00	0.00
	AAA13a	AAA12a	9.76	30.47	-7.15	0.00	0.00	0.00	0.00
	AAA12a	AAA09	17.60	41.62	-6.10	0.00	0.00	0.00	0.00
	AAA15	AKC06	8.59	296.52	0.90	0.00	0.00	0.00	0.00
	AKC06	AAA12a	1.79	185.97	9.30	0.00	0.00	0.00	0.00
	AAA15	AAA13a	14.78	243.97	7.80	0.00	0.00	0.00	0.00
	AAA13a	AKC07	5.65	271.42	-11.70	0.00	0.00	0.00	0.00
	AKC07	AAA16	21.35	174.07	-7.00	0.00	0.00	0.00	0.00
	AAA16	AGA09	11.49	79.52	6.05	0.00	0.00	0.00	0.00
	AGA09	AGA11	9.74	192.02	15.35	0.00	0.00	0.00	0.00
	AGA11	AGA13	13.24	95.12	-5.25	0.00	0.00	0.00	0.00
	AGA13	AGC06	8.42	145.22	-20.80	0.00	0.00	0.00	0.00
	AAA13	AAA14	11.42	334.67	-28.00	0.00	0.00	0.00	0.00
	AAA14	AAA12a	10.29	94.17	25.10	0.00	0.00	0.00	0.00
	AKB13	AKB14	5.32	110.17	-17.80	0.00	0.00	0.00	0.00
	AKB13	ALA01	5.94	260.32	-3.55	0.00	0.00	0.00	0.00
	ALA01	ALA02	4.06	193.02	-4.45	0.00	0.00	0.00	0.00
	ALA02	ALA03	5.48	291.12	1.20	0.00	0.00	0.00	0.00
	ALA03	ALA04	5.97	44.87	-8.73	0.00	0.00	0.00	0.00
	ALA04	AEB02	4.20	315.37	-6.60	0.00	0.00	0.00	0.00
	ALA04	ALA04a	5.93	82.47	-9.60	0.00	0.00	0.00	0.00
	ALA03	ALA05	4.74	235.07	10.10	0.00	0.00	0.00	0.00
	ALA05	ALA06	2.57	350.37	-90.00	0.00	0.00	0.00	0.00
	ALA06	ALA06a	4.70	323.97	0.20	0.00	0.00	0.00	0.00
	ALA05	AFA18	8.71	214.12	-0.15	0.00	0.00	0.00	0.00
	AFA18	ALA07	2.71	350.37	-90.00	0.00	0.00	0.00	0.00
	ALA07	ALA08	8.69	90.77	11.00	0.00	0.00	0.00	0.00
	ALA06	ALA10	11.67	144.67	9.40	0.00	0.00	0.00	0.00
	ALA02	ALA09	7.26	209.42	4.70	0.00	0.00	0.00	0.00
	ALA09	ALA08	2.34	230.52	-4.10	0.00	0.00	0.00	0.00
	ALA09	ALA10	3.74	159.92	-3.85	0.00	0.00	0.00	0.00
	ALA10	A11	2.28	358.47	40.10	0.00	0.00	0.00	0.00
	ALA09	A11	2.35	145.67	30.30	0.00	0.00	0.00	0.00
	ALA10	ALA08	3.66	300.87	1.80	0.00	0.00	0.00	0.00
	ALA09	ALA11	9.93	195.32	-0.80	0.00	0.00	0.00	0.00
	ALA11	ALA11a	4.69	284.37	2.10	0.00	0.00	0.00	0.00
	ALA09	ALA12	6.97	121.02	-1.00	0.00	0.00	0.00	0.00
	ALA12	ALA13	7.61	26.67	0.50	0.00	0.00	0.00	0.00
	ALA13	AKB14	8.67	39.24	-9.60	0.00	0.00	0.00	0.00
	ALA12	ALA12a	5.72	193.17	-0.40	0.00	0.00	0.00	0.00
	ALA12	ALA14	10.65	77.09	-6.70	0.00	0.00	0.00	0.00
	ALA13	ALA14	8.36	123.37	-6.75	0.00	0.00	0.00	0.00
	ALA14	ALA15	9.36	22.87	-8.80	0.00	0.00	0.00	0.00
	ALA18	ALA15	4.91	285.57	-6.00	0.00	0.00	0.00	0.00
	ALA14	ALA16	6.55	116.82	8.80	0.00	0.00	0.00	0.00
	ALA16	ALA17	6.55	17.97	-12.20	0.00	0.00	0.00	0.00
	ALA16	ALA18	10.37	13.22	-8.55	0.00	0.00	0.00	0.00
	ALA17	ALA19	8.17	103.67	-5.50	0.00	0.00	0.00	0.00
	ALA17	ALA17a	6.96	278.97	1.00	0.00	0.00	0.00	0.00
	ALA18	ALA22	5.23	61.57	1.90	0.00	0.00	0.00	0.00
	ALA22	ALA19	8.96	162.82	-4.80	0.00	0.00	0.00	0.00
	ALA19	ALA20	6.92	225.87	17.50	0.00	0.00	0.00	0.00
	ALA20	ALA21	7.55	302.97	0.40	0.00	0.00	0.00	0.00
	ALA21	ALA17	4.43	47.07	-17.50	0.00	0.00	0.00	0.00
	ALA21	ALA16	3.49	161.57	1.60	0.00	0.00	0.00	0.00
	ALA22	ALA23	7.53	356.52	5.25	0.00	0.00	0.00	0.00
	ALA23	ALA24	5.74	318.27	-4.80	0.00	0.00	0.00	0.00
	ALA23	AKB09	10.38	298.52	3.55	0.00	0.00	0.00	0.00
	ALA23	ALA25	6.62	8.92	-2.65	0.00	0.00	0.00	0.00
	ALA25	AKB08	10.38	314.82	-0.90	0.00	0.00	0.00	0.00
	ALA25	ALA24	5.32	244.92	-2.30	0.00	0.00	0.00	0.00
	AIB04	AIB05	15.79	95.32	-1.10	0.00	0.00	0.00	0.00
	AIC01	AMA01	8.10	73.37	-1.60	0.00	0.00	0.00	0.00
	AIC01	AMA02	8.70	164.57	-4.45	0.00	0.00	0.00	0.00
	AMA02	AMA03	9.85	56.17	4.05	0.00	0.00	0.00	0.00
	AMA03	AMA04	4.45	50.17	-23.00	0.00	0.00	0.00	0.00
	AMA04	AMA05	4.47	22.87	2.05	0.00	0.00	0.00	0.00
	AMA01	AMA06	5.91	34.77	-5.10	0.00	0.00	0.00	0.00
	AMA05	AMA06	5.52	310.37	7.30	0.00	0.00	0.00	0.00
	AMA05	AMA07	9.03	54.57	14.50	0.00	0.00	0.00	0.00
	AMA06	AMA08	5.82	86.42	14.80	0.00	0.00	0.00	0.00
	AMA08	AMA09	6.53	42.82	4.80	0.00	0.00	0.00	0.00
	AMA07	AMA09	3.84	336.27	4.20	0.00	0.00	0.00	0.00
	AMA09	AMA10	5.90	284.22	-12.15	0.00	0.00	0.00	0.00
	AMA10	AMA11	8.21	269.37	-2.10	0.00	0.00	0.00	0.00
	AMA11	AGC09	5.82	342.97	-2.05	0.00	0.00	0.00	0.00
	AMA11	AIC02	5.68	275.47	-6.65	0.00	0.00	0.00	0.00
	AMA09	AMA12	6.94	30.59	1.67	0.00	0.00	0.00	0.00
	AMA12	AMA07	9.54	191.77	-3.80	0.00	0.00	0.00	0.00
	AMA12	AMA13	5.54	104.49	-12.26	0.00	0.00	0.00	0.00
	AMA13	AMA14	14.36	32.77	4.00	0.00	0.00	0.00	0.00
	AMA14	AMA15	9.56	204.84	-3.57	0.00	0.00	0.00	0.00
	AMA15	AMA16	7.90	331.12	-22.50	0.00	0.00	0.00	0.00
	AMA13	AMA15	5.26	47.27	6.30	0.00	0.00	0.00	0.00
	AMA14	AMA19	2.68	10.22	-0.20	0.00	0.00	0.00	0.00
	AMA19	AMA18	3.21	299.82	-29.45	0.00	0.00	0.00	0.00
	AMA18	AMA17	12.44	268.92	8.60	0.00	0.00	0.00	0.00
	AMA17	AMA16	10.10	132.37	-22.60	0.00	0.00	0.00	0.00
	AMA17	AJA06	5.77	340.77	-15.10	0.00	0.00	0.00	0.00
	AMA17	AIB05	6.77	71.07	-2.70	0.00	0.00	0.00	0.00
	AMA14	AMA20	8.12	154.12	-0.05	0.00	0.00	0.00	0.00
	AMA20	AMA21	6.69	230.97	-15.35	0.00	0.00	0.00	0.00
	AMA21	AMA15	3.89	317.87	18.80	0.00	0.00	0.00	0.00
	AMA21	AMA22	9.78	216.87	5.30	0.00	0.00	0.00	0.00
	AMA22	AMA07	7.76	265.12	2.90	0.00	0.00	0.00	0.00
	AMA02	ANA01	14.28	89.97	-0.47	0.00	0.00	0.00	0.00
	ANA01	ANA02	4.20	347.20	4.43	0.00	0.00	0.00	0.00
	ANA02	AMA03	5.52	283.10	5.67	0.00	0.00	0.00	0.00
	ANA02	ANA03	6.55	55.62	-4.10	0.00	0.00	0.00	0.00
	ANA03	ANA01	9.24	210.27	3.45	0.00	0.00	0.00	0.00
	ANA03	ANA04	4.77	65.09	34.28	0.00	0.00	0.00	0.00
	ANA04	AMA22	9.86	33.90	-6.58	0.00	0.00	0.00	0.00
	ANA04	ANA05	7.34	147.24	-7.53	0.00	0.00	0.00	0.00
	ANA05	ANA01	12.83	254.67	-7.00	0.00	0.00	0.00	0.00
	ANA05	ANA06	4.06	96.90	21.33	0.00	0.00	0.00	0.00
	ANA06	ANA07	5.96	26.07	-22.40	0.00	0.00	0.00	0.00
	ANA07	ANA08	6.43	333.87	8.17	0.00	0.00	0.00	0.00
	ANA08	AMA22	4.02	332.52	-1.75	0.00	0.00	0.00	0.00
	ANA08	ANA09	11.17	42.57	-5.90	0.00	0.00	0.00	0.00
	ANA09	AMA21	4.42	310.38	2.55	0.00	0.00	0.00	0.00
	ANA09	ANA10	6.65	74.77	4.23	0.00	0.00	0.00	0.00
	ANA10	AMA14	15.32	325.30	5.50	0.00	0.00	0.00	0.00
	AIB06	ANA11	3.18	32.87	1.10	0.00	0.00	0.00	0.00
	ANA11	ANA12	11.46	83.57	-4.20	0.00	0.00	0.00	0.00
	ANA12	AMA16	4.29	2.37	-5.10	0.00	0.00	0.00	0.00
	AIC07	AIC09	12.72	160.17	1.95	0.00	0.00	0.00	0.00
	AIC09	ANB01	5.00	226.62	6.55	0.00	0.00	0.00	0.00
	ANB01	ANB02	14.85	239.57	2.90	0.00	0.00	0.00	0.00
	ANB02	ANB03	9.30	109.10	-2.85	0.00	0.00	0.00	0.00
	ANB02	ANB04	3.27	343.57	-23.10	0.00	0.00	0.00	0.00
	ANB04	ANB05	11.89	314.77	6.05	0.00	0.00	0.00	0.00
	ANB05	ANB06	10.90	322.23	-8.78	0.00	0.00	0.00	0.00
	ANB06	ANB07	13.01	110.67	5.85	0.00	0.00	0.00	0.00
	ANB07	AIA11	3.20	74.27	-30.10	0.00	0.00	0.00	0.00
	ANB03	ANB08	10.93	91.37	-7.60	0.00	0.00	0.00	0.00
	ANB08	ANB09	14.54	307.70	4.15	0.00	0.00	0.00	0.00
	ANB09	ANB01	4.73	76.27	0.60	0.00	0.00	0.00	0.00
	AIC10	AIC06	6.67	350.17	-7.60	0.00	0.00	0.00	0.00
	AIC06	AOA01	2.95	199.27	5.40	0.00	0.00	0.00	0.00
	AOA01	AOA02	8.68	77.17	-13.50	0.00	0.00	0.00	0.00
	AIC10	AOA03	9.24	64.52	-8.60	0.00	0.00	0.00	0.00
	AOA03	AOA04a	5.64	4.77	-8.90	0.00	0.00	0.00	0.00
	AOA04a	AOA02	5.20	218.37	-12.70	0.00	0.00	0.00	0.00
	AOA04	AOA04a	1.14	284.87	-88.50	0.00	0.00	0.00	0.00
	AOA04	AMA02	5.34	35.10	4.13	0.00	0.00	0.00	0.00
	AIC05	AOA05	11.39	69.87	-24.70	0.00	0.00	0.00	0.00
	AIC05	AIC06	7.50	170.97	-28.20	0.00	0.00	0.00	0.00
	AOA05	AOA06	4.10	108.57	15.15	0.00	0.00	0.00	0.00
	AOA06	AMA02	1.61	157.57	0.65	0.00	0.00	0.00	0.00
	AOA03	AOA07	3.46	43.07	0.80	0.00	0.00	0.00	0.00
	AOA07	AOA08	14.62	91.37	-0.40	0.00	0.00	0.00	0.00
	AOA08	AOA09	9.45	17.27	7.30	0.00	0.00	0.00	0.00
	AOA09	ANA01	2.03	233.57	-22.80	0.00	0.00	0.00	0.00
	ANA01	ANA02	4.21	348.67	3.50	0.00	0.00	0.00	0.00
	ANA01	AOA10	7.51	125.02	7.65	0.00	0.00	0.00	0.00
	AOA10	AOA08	8.22	245.02	-9.60	0.00	0.00	0.00	0.00
	AMA20	AMA14	8.09	333.07	0.00	0.00	0.00	0.00	0.00
	AMA14	AOA11	9.20	72.62	6.25	0.00	0.00	0.00	0.00
	AMA20	AOA11	11.24	27.52	5.80	0.00	0.00	0.00	0.00
	AMA19	AOA12	5.50	9.87	7.30	0.00	0.00	0.00	0.00
	AMA19	AMA14	2.60	189.67	0.60	0.00	0.00	0.00	0.00
	AOA11	AOA12	9.12	307.67	-2.40	0.00	0.00	0.00	0.00
	AOA12	AOA13	7.10	313.14	17.78	0.00	0.00	0.00	0.00
	AOA13	AJA09	7.32	41.42	12.15	0.00	0.00	0.00	0.00
	AJA09	AOA14	10.16	113.37	-10.00	0.00	0.00	0.00	0.00
	AOA14	AOA15	11.68	76.92	-12.15	0.00	0.00	0.00	0.00
	AOA15	AOA16	11.90	136.34	2.70	0.00	0.00	0.00	0.00
	AOA16	AOA17	19.31	75.72	3.25	0.00	0.00	0.00	0.00
	AEA10	AOB01	12.74	274.37	-5.00	0.00	0.00	0.00	0.00
	AOB01	AOB02	8.03	29.92	4.80	0.00	0.00	0.00	0.00
	AOB02	AOB03	1.00	111.32	23.85	0.00	0.00	0.00	0.00
	AOB03	AOB04	17.66	52.77	3.30	0.00	0.00	0.00	0.00
	AOB04	AEA02	3.94	266.52	-18.10	0.00	0.00	0.00	0.00
	AOB01	AOB05	4.28	201.52	-2.35	0.00	0.00	0.00	0.00
	AOB05	AOB06	5.95	287.37	3.00	0.00	0.00	0.00	0.00
	AOB06	AOB06a	5.31	22.57	15.30	0.00	0.00	0.00	0.00
	AOB06	AOB06b	3.80	257.17	5.60	0.00	0.00	0.00	0.00
	AOB06	AOB07	5.90	171.07	8.75	0.00	0.00	0.00	0.00
	AOB07	AOB08	8.03	94.47	-11.40	0.00	0.00	0.00	0.00
	AOB08	AOB05	5.51	327.07	4.50	0.00	0.00	0.00	0.00
	AEA11	AOB08	3.46	234.02	-4.90	0.00	0.00	0.00	0.00
	AOB07	AOB09	2.87	281.62	9.25	0.00	0.00	0.00	0.00
	AOB09	AOB10	4.10	199.47	6.30	0.00	0.00	0.00	0.00
	AOB10	AOB11	6.69	143.87	-1.00	0.00	0.00	0.00	0.00
	AOB11	AEA12	5.97	110.22	-14.00	0.00	0.00	0.00	0.00
	AOA17	APA01	18.27	189.57	0.00	0.00	0.00	0.00	0.00
	APA01	APA02	27.71	255.27	-3.95	0.00	0.00	0.00	0.00
	APA02	APA03	13.10	20.27	-5.30	0.00	0.00	0.00	0.00
	APA03	APA03a	3.97	318.97	4.50	0.00	0.00	0.00	0.00
	APA02	APA04	5.80	41.32	-1.25	0.00	0.00	0.00	0.00
	APA04	APA05	8.35	282.27	-2.55	0.00	0.00	0.00	0.00
	APA05	APA06	3.92	348.42	4.95	0.00	0.00	0.00	0.00
	APA06	APA06a	8.30	37.47	11.50	0.00	0.00	0.00	0.00
	APA06	APA07	5.92	314.27	7.70	0.00	0.00	0.00	0.00
	APA07	AMA14	9.63	262.57	-3.90	0.00	0.00	0.00	0.00
	APA07	AMA20	10.56	215.47	-3.70	0.00	0.00	0.00	0.00
	APA05	ANA10	8.83	224.82	-6.80	0.00	0.00	0.00	0.00
	APA06	APA08	10.52	225.32	-13.05	0.00	0.00	0.00	0.00
	APA05	APA09	6.99	261.57	-14.80	0.00	0.00	0.00	0.00
	ANA10	APA10	9.25	134.27	0.30	0.00	0.00	0.00	0.00
	APA10	APA02	7.71	30.42	10.50	0.00	0.00	0.00	0.00
	APA10	APA11	3.48	154.87	35.55	0.00	0.00	0.00	0.00
	APA11	APA01	33.53	60.42	2.20	0.00	0.00	0.00	0.00
	APA10	APA12	10.27	256.57	7.80	0.00	0.00	0.00	0.00
	APA12	AMA22	12.62	282.12	-3.15	0.00	0.00	0.00	0.00
	APA12	APA13	6.19	220.37	-20.15	0.00	0.00	0.00	0.00
	APA13	APA14	18.70	92.22	7.65	0.00	0.00	0.00	0.00
	APA13	APA15	4.47	95.27	18.70	0.00	0.00	0.00	0.00
	APA15	APA14	14.29	91.02	4.25	0.00	0.00	0.00	0.00
	APA13	ANA07	4.87	239.77	5.30	0.00	0.00	0.00	0.00
	APA11	APA15	11.79	247.17	-6.90	0.00	0.00	0.00	0.00
	APA11	APA16	15.55	179.57	-3.20	0.00	0.00	0.00	0.00
	APA16	APA17	15.53	238.59	-0.80	0.00	0.00	0.00	0.00
	APA17	APA18	11.36	348.97	-1.85	0.00	0.00	0.00	0.00
	APA18	APA15	8.82	28.44	0.53	0.00	0.00	0.00	0.00
	APA18	ANA06	6.66	275.82	11.25	0.00	0.00	0.00	0.00
	ANA06	APA19	8.45	219.62	-6.60	0.00	0.00	0.00	0.00
	APA19	APA20	13.44	105.47	4.60	0.00	0.00	0.00	0.00
	APA20	APA17	2.27	143.97	-32.00	0.00	0.00	0.00	0.00
	APA17	AQA01	12.05	219.77	4.00	0.00	0.00	0.00	0.00
	AQA01	AQA03	11.60	4.37	3.50	0.00	0.00	0.00	0.00
	AQA03	APA19	8.24	290.70	2.50	0.00	0.00	0.00	0.00
	AQA03	AQA02	7.93	263.65	2.50	0.00	0.00	0.00	0.00
	AQA02	AOA10	5.00	303.87	-8.00	0.00	0.00	0.00	0.00
	AQA01	AQA04	10.31	310.77	1.33	0.00	0.00	0.00	0.00
	AQA04	AOA10	7.22	330.87	-1.00	0.00	0.00	0.00	0.00
	AQA01	AQA05	11.40	244.77	-0.50	0.00	0.00	0.00	0.00
	AQA05	AQA06	5.04	281.87	-1.50	0.00	0.00	0.00	0.00
	AQA06	AQA07	9.50	68.87	-11.50	0.00	0.00	0.00	0.00
	AQA07	AQA01	6.93	89.20	13.50	0.00	0.00	0.00	0.00
	AQA06	AQA08	5.30	4.37	-7.75	0.00	0.00	0.00	0.00
	AQA08	AQA08a	8.00	264.37	-5.00	0.00	0.00	0.00	0.00
	AQA08	AQA08b	6.00	74.37	-10.00	0.00	0.00	0.00	0.00
	ALA16	ALA21	3.51	341.77	-1.47	0.00	0.00	0.00	0.00
	ALA16	AQB01	7.01	220.92	6.55	0.00	0.00	0.00	0.00
	AQB01	AQB02	9.37	273.04	-13.41	0.00	0.00	0.00	0.00
	ALA14	ALA16	6.57	117.37	8.90	0.00	0.00	0.00	0.00
	AQB02	ALA14	11.26	44.13	2.15	0.00	0.00	0.00	0.00
	AQB02	AQB03	7.12	226.86	11.35	0.00	0.00	0.00	0.00
	AQB01	AQB05	9.81	192.92	-3.30	0.00	0.00	0.00	0.00
	AQB01	AQB04	7.08	175.13	-22.80	0.00	0.00	0.00	0.00
	AQB04	AQB06	4.61	95.13	-11.63	0.00	0.00	0.00	0.00
	AQB06	AQB07	6.03	14.87	2.55	0.00	0.00	0.00	0.00
	AQB06	AQD08	16.78	28.87	5.00	0.00	0.00	0.00	0.00
	AQB07	AQB08	4.89	266.17	7.10	0.00	0.00	0.00	0.00
	AQB06	AQB09	5.12	104.50	12.20	0.00	0.00	0.00	0.00
	AQB09	AQB10	5.47	217.37	-11.30	0.00	0.00	0.00	0.00
	AQB09	AQB11	7.95	145.57	3.80	0.00	0.00	0.00	0.00
	AQB09	AQB12	3.35	49.42	0.90	0.00	0.00	0.00	0.00
	AQB11	AQD01	10.03	147.37	20.85	0.00	0.00	0.00	0.00
	AOA17	AQD01	17.12	48.42	-0.58	0.00	0.00	0.00	0.00
	AQD01	AQC01	9.88	59.02	-24.25	0.00	0.00	0.00	0.00
	AQC01	AQC02	5.50	24.12	-0.30	0.00	0.00	0.00	0.00
	AQC02	AQC03	3.06	12.22	-4.55	0.00	0.00	0.00	0.00
	AQC02	AQC04	7.02	38.42	-6.30	0.00	0.00	0.00	0.00
	AQC03	AQD03	8.63	311.72	3.25	0.00	0.00	0.00	0.00
	AQC05	AQC06	11.16	96.37	-8.20	0.00	0.00	0.00	0.00
	AQC06	AQC03	2.02	33.77	22.80	0.00	0.00	0.00	0.00
	AQC05	AQD02	3.67	244.97	12.50	0.00	0.00	0.00	0.00
	AQC07	AQC04	5.68	90.42	-7.60	0.00	0.00	0.00	0.00
	AQC04	AQC08	6.86	111.22	6.40	0.00	0.00	0.00	0.00
	AQC01	AQC09	7.67	80.32	1.55	0.00	0.00	0.00	0.00
	AQC09	AQC08	8.63	38.07	-1.03	0.00	0.00	0.00	0.00
	AQC09	AQC10	6.48	47.42	-9.15	0.00	0.00	0.00	0.00
	AQC10	AQC08	2.59	12.27	16.30	0.00	0.00	0.00	0.00
	AQC02	AQC10	10.20	85.87	-4.50	0.00	0.00	0.00	0.00
	AQC09	AQC09a	5.98	194.97	-7.60	0.00	0.00	0.00	0.00
	AQC09	AQC11	8.63	150.42	-7.60	0.00	0.00	0.00	0.00
	AQC11	AQC12	7.11	229.27	4.65	0.00	0.00	0.00	0.00
	AQC12	AQC13	2.24	317.37	-1.20	0.00	0.00	0.00	0.00
	AQC13	AQC13a	4.72	215.07	18.00	0.00	0.00	0.00	0.00
	AQC13	AQC14	2.71	28.17	-12.80	0.00	0.00	0.00	0.00
	AQC14	AQC14a	1.50	288.37	-13.30	0.00	0.00	0.00	0.00
	AQC15	AQC12	8.15	262.87	11.90	0.00	0.00	0.00	0.00
	AQC16	AQC11	6.85	313.57	7.00	0.00	0.00	0.00	0.00
	AQC16	AQC15	2.84	295.97	-8.20	0.00	0.00	0.00	0.00
	AQC16	AQC17	6.14	253.47	3.40	0.00	0.00	0.00	0.00
	AQC17	AQC17a	2.93	4.37	2.90	0.00	0.00	0.00	0.00
	AQC17	AQC17b	4.43	265.57	-6.60	0.00	0.00	0.00	0.00
	AQC17	AQC17c	3.39	175.97	12.90	0.00	0.00	0.00	0.00
	AOA17	AQD01	17.10	48.87	-1.00	0.00	0.00	0.00	0.00
	AQD01	AQD02	12.00	336.37	-14.50	0.00	0.00	0.00	0.00
	AQD02	AQD03	11.85	48.87	-4.50	0.00	0.00	0.00	0.00
	AQD02	AQD05	6.40	42.87	-12.00	0.00	0.00	0.00	0.00
	AQD05	AQC01	12.90	144.37	-2.50	0.00	0.00	0.00	0.00
	AQD03	AQD04	11.15	20.37	8.00	0.00	0.00	0.00	0.00
	AQD04	AQD06	10.10	257.87	-9.50	0.00	0.00	0.00	0.00
	AQD06	AQD03	9.65	145.87	2.00	0.00	0.00	0.00	0.00
	AQD06	AQD07	6.45	342.37	11.50	0.00	0.00	0.00	0.00
	AQD07	AQD08	4.00	248.27	-13.90	0.00	0.00	0.00	0.00
	AQD08	ALA19	2.18	49.77	-17.85	0.00	0.00	0.00	0.00
	AQD06	AQD09	2.65	258.37	1.00	0.00	0.00	0.00	0.00
	AQD09	AQD10	2.65	293.37	-4.50	0.00	0.00	0.00	0.00
	AQD10	AQD11	3.55	328.87	15.00	0.00	0.00	0.00	0.00
	ALA19	AQD11	3.85	216.87	7.50	0.00	0.00	0.00	0.00
	AAA19	ARA01	8.78	345.77	0.30	0.00	0.00	0.00	0.00
	ARA01	AAA18	8.00	341.32	-0.35	0.00	0.00	0.00	0.00
	ARA01	AGA01	8.21	216.97	0.00	0.00	0.00	0.00	0.00
	ARA01	ARA02	9.71	241.27	-10.50	0.00	0.00	0.00	0.00
	ARA02	ARA03	7.93	297.97	3.90	0.00	0.00	0.00	0.00
	ARA02	ARA04	9.87	317.77	2.70	0.00	0.00	0.00	0.00
	ARA02	ARA05	4.51	233.87	-9.80	0.00	0.00	0.00	0.00
	AAA19	AGA04	9.83	78.27	-6.60	0.00	0.00	0.00	0.00
	AGA04	ARA06	9.07	170.57	8.85	0.00	0.00	0.00	0.00
	ARA06	ARA07	12.69	150.17	0.80	0.00	0.00	0.00	0.00
	ARA07	ARA08	15.60	148.82	-5.25	0.00	0.00	0.00	0.00
	ARA07	ANB05	17.73	151.42	-3.50	0.00	0.00	0.00	0.00
	ARA08	ANB06	8.88	314.12	-8.45	0.00	0.00	0.00	0.00
	ARA08	ARA09	9.59	353.27	14.70	0.00	0.00	0.00	0.00
	ARA09	AIA06	10.50	22.97	-0.80	0.00	0.00	0.00	0.00
	ARA06	ASA01	7.33	50.12	1.13	0.00	0.00	0.00	0.00
	ASA01	ASA02	11.64	49.04	4.73	0.00	0.00	0.00	0.00
	ASA02	AGA06	12.22	295.67	2.50	0.00	0.00	0.00	0.00
	ASA02	ASA03	6.08	114.67	-34.30	0.00	0.00	0.00	0.00
	ASA02	ASA04	5.13	190.12	-23.65	0.00	0.00	0.00	0.00
	ASA04	ASA05	3.75	165.27	-25.20	0.00	0.00	0.00	0.00
	ASA05	ASA03	7.32	35.87	2.10	0.00	0.00	0.00	0.00
	ASA05	ASA06	4.43	63.57	-2.00	0.00	0.00	0.00	0.00
	ASA06	ASA06a	7.03	49.17	-6.70	0.00	0.00	0.00	0.00
	ASA06	ASA06b	7.72	90.67	-5.60	0.00	0.00	0.00	0.00
	ASA05	ASA05a	6.95	145.57	-6.10	0.00	0.00	0.00	0.00
	ASA05	ASA07	7.14	250.22	18.75	0.00	0.00	0.00	0.00
	ASA07	ASA01	4.16	318.32	7.15	0.00	0.00	0.00	0.00
	ARA06	ASA08	17.11	239.22	-2.35	0.00	0.00	0.00	0.00
	ASA08	ASA09	6.60	269.52	3.50	0.00	0.00	0.00	0.00
	ASA09	ASA09a	25.51	266.87	-2.50	0.00	0.00	0.00	0.00
	ARA07	ASA10	15.09	262.02	11.45	0.00	0.00	0.00	0.00
	ASA10	ASA10a	9.74	223.97	-5.30	0.00	0.00	0.00	0.00
	ASA10	ASA10b	10.94	330.97	-9.20	0.00	0.00	0.00	0.00
	ARA07	ASA11	9.50	218.22	-14.25	0.00	0.00	0.00	0.00
	ASA11	ASA12	7.46	250.17	1.85	0.00	0.00	0.00	0.00
	ASA12	ASA12a	3.90	261.87	8.80	0.00	0.00	0.00	0.00
	ASA12	ASA12b	6.53	194.77	-4.00	0.00	0.00	0.00	0.00
	ASA11	ASA13	7.18	184.17	6.75	0.00	0.00	0.00	0.00
	ASA13	ANB06	11.01	47.12	-6.45	0.00	0.00	0.00	0.00
	ANB05	ASA14	9.44	235.37	-8.75	0.00	0.00	0.00	0.00
	ASA14	ASA15	12.05	314.17	1.90	0.00	0.00	0.00	0.00
	ASA15	ASA13	2.55	139.77	17.40	0.00	0.00	0.00	0.00
	ASA15	ASA16	11.99	202.67	5.63	0.00	0.00	0.00	0.00
	ASA16	ASA14	13.37	79.57	-6.85	0.00	0.00	0.00	0.00
	ASA16	ASA16a	12.71	320.67	-0.40	0.00	0.00	0.00	0.00
	ASA16	ASA16c	10.96	263.07	-3.00	0.00	0.00	0.00	0.00
	ASA16	ASA16b	11.80	285.77	3.20	0.00	0.00	0.00	0.00
	ASA16	ASA17	7.29	148.57	-11.20	0.00	0.00	0.00	0.00
	ASA17	ASA18	5.01	245.82	6.00	0.00	0.00	0.00	0.00
	ASA18	ASA19	6.47	299.97	8.20	0.00	0.00	0.00	0.00
	ASA19	ASA16	8.06	51.42	0.70	0.00	0.00	0.00	0.00
	AGA13	ATA01	5.71	31.97	-22.30	0.00	0.00	0.00	0.00
	ATA01	ATA01a	6.31	85.77	-30.60	0.00	0.00	0.00	0.00
	ATA01	ATA02	3.43	307.17	0.50	0.00	0.00	0.00	0.00
	ATA02	ATA02a	11.71	23.77	8.10	0.00	0.00	0.00	0.00
	ATA03	AQD09	5.98	31.27	10.10	0.00	0.00	0.00	0.00
	ATA03	AQB07	6.13	280.07	0.30	0.00	0.00	0.00	0.00
	ATA03	AQD12	4.09	183.77	12.50	0.00	0.00	0.00	0.00
	ATA03	ATA04	3.26	80.17	9.50	0.00	0.00	0.00	0.00
	ATA04	AQD05	7.16	152.90	3.20	0.00	0.00	0.00	0.00
	AQD04	ATA05	3.60	230.52	-22.15	0.00	0.00	0.00	0.00
	ATA05	ATA06	3.80	345.92	-17.10	0.00	0.00	0.00	0.00
	ATA06	ATA07	4.83	62.67	1.95	0.00	0.00	0.00	0.00
	ATA05	ATA08	12.81	330.12	-4.95	0.00	0.00	0.00	0.00
	ATA07	ATA09	4.44	311.62	16.00	0.00	0.00	0.00	0.00
	ATA09	ATA08	7.19	292.57	-10.70	0.00	0.00	0.00	0.00
	ATA08	ATA10	7.11	264.42	0.85	0.00	0.00	0.00	0.00
	ATA08	ATA11	2.71	148.87	22.80	0.00	0.00	0.00	0.00
	ATA11	AQD07	5.23	237.22	12.35	0.00	0.00	0.00	0.00
	AQD07	AQD08	4.03	249.87	-14.23	0.00	0.00	0.00	0.00
	AQD08	ALA19	2.15	51.57	-15.40	0.00	0.00	0.00	0.00
	ATA10	ALA22	4.34	349.77	16.90	0.00	0.00	0.00	0.00
	AQD07	AQD06	6.46	161.87	-10.50	0.00	0.00	0.00	0.00
	AQD04	ATA12	4.27	96.72	-31.75	0.00	0.00	0.00	0.00
	ATA12	ATA07	4.76	326.77	-1.40	0.00	0.00	0.00	0.00
	AQD04	ATA13	7.86	48.73	-8.57	0.00	0.00	0.00	0.00
	ATA13	ATA14	7.71	327.17	-0.05	0.00	0.00	0.00	0.00
	ATA14	ATA09	6.50	216.87	0.80	0.00	0.00	0.00	0.00
	ATA14	ATA15	4.27	69.07	-3.55	0.00	0.00	0.00	0.00
	ATA15	ATA16	3.90	190.97	4.70	0.00	0.00	0.00	0.00
	ATA14	ATA16	4.08	125.92	0.55	0.00	0.00	0.00	0.00
	ATA16	ATA17	1.76	220.32	1.25	0.00	0.00	0.00	0.00
	ATA17	ATA13	3.41	142.22	-1.25	0.00	0.00	0.00	0.00
	ATA17	ATA09	6.37	257.47	-0.15	0.00	0.00	0.00	0.00
	AFB10	AUA01	5.10	125.87	11.00	0.00	0.00	0.00	0.00
	AUA01	AUA02	5.60	42.37	-7.50	0.00	0.00	0.00	0.00
	AUA02	AUA03	14.50	28.87	0.00	0.00	0.00	0.00	0.00
	AUA02	AUA04	8.90	115.62	0.50	0.00	0.00	0.00	0.00
	AUA04	AUA05	11.20	223.37	1.00	0.00	0.00	0.00	0.00
	AGB08	AUA05	5.20	162.87	8.50	0.00	0.00	0.00	0.00
	AUA05	AUA06	3.30	17.87	6.50	0.00	0.00	0.00	0.00
	AUA06	AUA07	6.50	93.87	-13.00	0.00	0.00	0.00	0.00
	AUA07	AUA08	6.20	353.87	14.50	0.00	0.00	0.00	0.00
	AUA08	AUA05	10.80	218.37	-4.50	0.00	0.00	0.00	0.00
	AQD03	AUB01	2.85	355.47	4.35	0.00	0.00	0.00	0.00
	AUB01	AUB02	7.73	90.87	-6.90	0.00	0.00	0.00	0.00
	AUB02	ATA05	7.85	315.92	5.10	0.00	0.00	0.00	0.00
	AUB02	AUB03	4.69	65.27	-3.95	0.00	0.00	0.00	0.00
	AUB03	AUB04	6.56	31.27	-0.85	0.00	0.00	0.00	0.00
	AUB04	AUB06	2.39	201.72	1.15	0.00	0.00	0.00	0.00
	AUB03	AUB03a	4.86	319.27	-5.50	0.00	0.00	0.00	0.00
	AUB02	AUB05	3.69	119.62	-8.70	0.00	0.00	0.00	0.00
	AUB05	AQC08	8.45	137.67	7.70	0.00	0.00	0.00	0.00
	ATA12	AUB03a	1.96	165.97	-22.00	0.00	0.00	0.00	0.00
	AUB05	AQC10	10.06	150.82	3.25	0.00	0.00	0.00	0.00
	AUB06	AUB09	11.34	35.57	0.30	0.00	0.00	0.00	0.00
	AUB06	ATA12	6.50	288.97	2.65	0.00	0.00	0.00	0.00
	AUB04	AUB07	13.49	148.37	5.25	0.00	0.00	0.00	0.00
	AUB06	AUB08	8.59	339.62	-0.10	0.00	0.00	0.00	0.00
	AUB04	AUB04a	4.00	107.07	6.90	0.00	0.00	0.00	0.00
	ANB04	ANB02	3.28	163.57	23.90	0.00	0.00	0.00	0.00
	ANB04	AUC01	14.10	224.08	-4.80	0.00	0.00	0.00	0.00
	AUC01	AUC02	11.90	246.87	2.00	0.00	0.00	0.00	0.00
	AUC02	AUC03	8.50	21.62	-2.75	0.00	0.00	0.00	0.00
	AUC02	ASA17	10.40	332.77	-0.25	0.00	0.00	0.00	0.00
	ASA17	ANB04	25.90	78.37	0.75	0.00	0.00	0.00	0.00
	ASA17	AUC03	7.25	97.62	-6.00	0.00	0.00	0.00	0.00
	ANB05	AUC03	18.10	218.19	-9.33	0.00	0.00	0.00	0.00
	ANB04	ANB05	11.84	314.77	6.05	0.00	0.00	0.00	0.00
	ASA17	AUC04	28.90	251.25	3.50	0.00	0.00	0.00	0.00
	AUC04	AUC05	13.20	74.37	-4.50	0.00	0.00	0.00	0.00
	AUC05	AUC06	6.70	133.51	-5.50	0.00	0.00	0.00	0.00
	AUC06	AUC07	10.00	159.87	-5.83	0.00	0.00	0.00	0.00
	AUC07	AUC01	27.70	56.37	-0.50	0.00	0.00	0.00	0.00
	AUB01	AQD04	8.92	30.17	7.30	0.00	0.00	0.00	0.00
	AUB01	AQC07	7.66	139.37	-0.60	0.00	0.00	0.00	0.00
	AQD04	ATA05	3.60	232.97	-21.80	0.00	0.00	0.00	0.00
	ATA05	AUB02a	8.84	142.57	-11.80	0.00	0.00	0.00	0.00
	AUB02a	AUB01	8.09	277.57	13.50	0.00	0.00	0.00	0.00
	AQC07	AQC04	5.45	88.27	-7.60	0.00	0.00	0.00	0.00
	AQC04	AUB02a	5.10	314.17	-9.80	0.00	0.00	0.00	0.00
	AUB02a	AQC07a	5.09	218.67	9.80	0.00	0.00	0.00	0.00
	AQC07a	AQC07	0.50	350.37	90.00	0.00	0.00	0.00	0.00
	AUB02a	AUB05	3.20	101.77	7.55	0.00	0.00	0.00	0.00
	AUB02a	AUB03	5.19	51.57	8.13	0.00	0.00	0.00	0.00
	AUB03	AUB04	6.58	31.62	-0.55	0.00	0.00	0.00	0.00
	AUB04	ATA05	13.29	261.72	4.75	0.00	0.00	0.00	0.00
	AQD04	A12?	3.45	177.07	-23.30	0.00	0.00	0.00	0.00
	AUB06	AUB04	2.38	20.07	0.00	0.00	0.00	0.00	0.00
	AUB04	AUB07	13.55	149.02	6.22	0.00	0.00	0.00	0.00
	AQD04	A12a?	3.41	95.47	-24.10	0.00	0.00	0.00	0.00
	AUB07	AQC08	7.27	233.53	0.03	0.00	0.00	0.00	0.00
	AQC08	AUB05	8.52	317.87	-9.63	0.00	0.00	0.00	0.00
	AUB05	AUB02a	3.82	288.37	-7.80	0.00	0.00	0.00	0.00
	AUB04	AUB09	9.14	38.67	1.95	0.00	0.00	0.00	0.00
	AUB09	AVA01	2.15	272.47	50.95	0.00	0.00	0.00	0.00
	AVA01	AVA02	6.70	277.52	-4.05	0.00	0.00	0.00	0.00
	AVA02	ATA13	3.30	224.02	2.65	0.00	0.00	0.00	0.00
	AUB04	AUB08	6.93	328.47	-0.55	0.00	0.00	0.00	0.00
	AVA01	AVA03	4.00	308.72	-10.18	0.00	0.00	0.00	0.00
	AVA03	AVA02	3.95	244.87	0.70	0.00	0.00	0.00	0.00
	AVA03	AVA04	8.06	332.42	0.70	0.00	0.00	0.00	0.00
	AVA04	ATA17	9.74	207.07	2.60	0.00	0.00	0.00	0.00
	AVA04	AVA05	4.63	314.92	1.15	0.00	0.00	0.00	0.00
	AVA05	AVB10	4.61	230.42	-4.30	0.00	0.00	0.00	0.00
	AVA05	AVA06	5.17	14.37	-0.05	0.00	0.00	0.00	0.00
	AVA06	AVA07	7.38	104.30	-3.35	0.00	0.00	0.00	0.00
	AVA07	AVA08	8.77	204.52	4.25	0.00	0.00	0.00	0.00
	AVA08	AVA04	2.36	318.77	-4.70	0.00	0.00	0.00	0.00
	AKB04	AVB01	9.53	89.42	-0.60	0.00	0.00	0.00	0.00
	AVB01	AVB02	6.60	185.42	7.40	0.00	0.00	0.00	0.00
	AVB02	AVB03	6.37	243.27	2.35	0.00	0.00	0.00	0.00
	AVB03	ALA25	8.01	201.67	-4.25	0.00	0.00	0.00	0.00
	AVB03	AKB07	7.03	254.12	2.65	0.00	0.00	0.00	0.00
	AVB03	AVB04	7.03	118.67	-6.15	0.00	0.00	0.00	0.00
	AVB04	AVB02	6.34	358.97	3.80	0.00	0.00	0.00	0.00
	AVB04	AVB05	8.55	209.12	6.05	0.00	0.00	0.00	0.00
	AVB05	ALA23	6.95	242.72	-4.30	0.00	0.00	0.00	0.00
	ALA23	AVB06	14.18	97.02	-1.85	0.00	0.00	0.00	0.00
	AVB06	AVB07	8.30	213.72	7.85	0.00	0.00	0.00	0.00
	AVB07	ALA22	9.05	276.77	-7.80	0.00	0.00	0.00	0.00
	AVB07	ATA11	4.84	180.47	-19.45	0.00	0.00	0.00	0.00
	AVB07	AVB08	3.30	88.37	-28.60	0.00	0.00	0.00	0.00
	AVB08	AVB09	7.96	91.97	-1.35	0.00	0.00	0.00	0.00
	AVB09	ATA15	3.12	53.52	2.90	0.00	0.00	0.00	0.00
	ATA15	AVB10	5.74	309.42	-0.80	0.00	0.00	0.00	0.00
	AVB10	AVB06	4.22	289.57	7.00	0.00	0.00	0.00	0.00
	AVB10	AVB11	9.73	350.87	6.50	0.00	0.00	0.00	0.00
	AVB11	AVB06	8.39	197.77	-2.95	0.00	0.00	0.00	0.00
	AVB11	AVB04	7.72	305.37	-3.85	0.00	0.00	0.00	0.00
	AVB11	AVB12	2.53	267.27	-14.23	0.00	0.00	0.00	0.00
	AVB12	AVB13	5.63	233.62	0.75	0.00	0.00	0.00	0.00
	AVB13	AVB05	3.53	277.72	17.50	0.00	0.00	0.00	0.00
	AVA01	AWA01	10.43	109.57	-3.43	0.00	0.00	0.00	0.00
	AWA02	AUB09	9.89	325.00	-7.87	0.00	0.00	0.00	0.00
	AUB09	AVA01	2.21	276.27	49.40	0.00	0.00	0.00	0.00
	AWA02	AWA03	2.71	160.32	-6.55	0.00	0.00	0.00	0.00
	AWA03	AWA01	7.24	18.27	0.75	0.00	0.00	0.00	0.00
	AWA03	AWA04	7.62	234.32	-1.20	0.00	0.00	0.00	0.00
	AWA04	AUB07	3.58	163.22	0.30	0.00	0.00	0.00	0.00
	AWA01	AWA05	4.76	53.97	-1.70	0.00	0.00	0.00	0.00
	AWA05	AWA06	9.33	316.83	-3.57	0.00	0.00	0.00	0.00
	AWA06	AWA07	7.39	59.72	1.70	0.00	0.00	0.00	0.00
	AWA07	AWA08	8.10	268.07	0.55	0.00	0.00	0.00	0.00
	AWA08	AWA09	3.39	265.92	0.10	0.00	0.00	0.00	0.00
	AWA09	AVA03	9.30	218.77	0.50	0.00	0.00	0.00	0.00
	AWA05	AWA10	11.88	30.39	-3.60	0.00	0.00	0.00	0.00
	AWA10	AWA07	6.11	275.27	5.70	0.00	0.00	0.00	0.00
	AWA07	AWA11	7.33	342.32	-4.10	0.00	0.00	0.00	0.00
	AWA11	AWA12	3.58	282.82	3.60	0.00	0.00	0.00	0.00
	AWA12	AWA08	8.07	200.47	0.45	0.00	0.00	0.00	0.00
	AWA12	AWA13	7.45	252.82	0.80	0.00	0.00	0.00	0.00
	AWA13	AVA07	3.37	280.17	-5.15	0.00	0.00	0.00	0.00
	AWA13	AWA14	5.57	353.57	-1.40	0.00	0.00	0.00	0.00
	AWA14	AWB10	18.85	282.92	2.70	0.00	0.00	0.00	0.00
	AWA14	AWA15	4.72	319.29	1.23	0.00	0.00	0.00	0.00
	AWA15	AVB10	19.24	219.97	-0.95	0.00	0.00	0.00	0.00
	AWA15	AWA16	7.27	245.27	6.30	0.00	0.00	0.00	0.00
	AWA16	AWA17	5.86	280.87	6.05	0.00	0.00	0.00	0.00
	AWA17	AWB10	3.91	308.17	-12.63	0.00	0.00	0.00	0.00
	AWA17	AWA19	7.16	32.77	-25.80	0.00	0.00	0.00	0.00
	AWA18	AWB10	4.51	220.42	5.75	0.00	0.00	0.00	0.00
	AWA18	AWA19	4.05	97.47	-28.60	0.00	0.00	0.00	0.00
	AWA18	AWA20	7.25	34.42	-2.90	0.00	0.00	0.00	0.00
	AWA20	AWA21	8.25	69.22	5.55	0.00	0.00	0.00	0.00
	AWA21	AWB09	2.37	289.52	-26.65	0.00	0.00	0.00	0.00
	AVB01	AWB01	5.78	0.37	-1.15	0.00	0.00	0.00	0.00
	AWB01	AWB02	9.95	128.37	0.60	0.00	0.00	0.00	0.00
	AWB02	AWB03	7.20	239.59	5.95	0.00	0.00	0.00	0.00
	AWB03	AVB01	3.65	341.07	-12.50	0.00	0.00	0.00	0.00
	AVB02	AVB02a	10.50	285.57	-4.20	0.00	0.00	0.00	0.00
	AWB02	AWB04	10.45	32.87	-2.30	0.00	0.00	0.00	0.00
	AWB04	AWB05	5.30	350.68	-2.40	0.00	0.00	0.00	0.00
	AWB05	AWB06	5.77	238.32	2.85	0.00	0.00	0.00	0.00
	AWB06	AWB06a	8.80	199.77	-7.10	0.00	0.00	0.00	0.00
	AWB05	AWB07	10.09	253.37	2.80	0.00	0.00	0.00	0.00
	AWB07	AWB08	8.25	287.53	4.93	0.00	0.00	0.00	0.00
	AWB07	AWB01	5.69	210.87	1.20	0.00	0.00	0.00	0.00
	AWB02	AWB09	9.53	80.42	-2.15	0.00	0.00	0.00	0.00
	AWB09	AWB10	17.95	223.82	3.50	0.00	0.00	0.00	0.00
	AWB10	AWA14	18.90	102.92	-2.70	0.00	0.00	0.00	0.00
	AWB09	AWB11	11.39	101.04	0.85	0.00	0.00	0.00	0.00
	AWB11	AWB12	5.22	66.97	-7.57	0.00	0.00	0.00	0.00
	AWB12	AWB13	7.45	309.99	5.20	0.00	0.00	0.00	0.00
	AWB13	AWB11	6.67	170.47	-2.05	0.00	0.00	0.00	0.00
	AWB13	AWB14	9.94	59.07	-3.90	0.00	0.00	0.00	0.00
	AWA15	AXA01	5.34	301.12	0.15	0.00	0.00	0.00	0.00
	AXA01	AWA16	6.31	201.37	9.75	0.00	0.00	0.00	0.00
	AWA19	AXA01	4.46	97.57	19.20	0.00	0.00	0.00	0.00
	AXA01	AXA02	9.27	66.21	3.78	0.00	0.00	0.00	0.00
	AXA02	AXA02a	6.29	213.47	-5.00	0.00	0.00	0.00	0.00
	AXA02	AWB09	8.80	315.82	-4.60	0.00	0.00	0.00	0.00
	AXA02	AWB11	6.26	50.87	-2.85	0.00	0.00	0.00	0.00
	AWB11	AWB12	5.23	67.97	-7.40	0.00	0.00	0.00	0.00
	AWB11	AWB09	11.46	284.17	-1.10	0.00	0.00	0.00	0.00
	AWB11	AXA03	1.44	350.37	-90.00	0.00	0.00	0.00	0.00
	AXA03	AXA04	6.61	154.22	10.50	0.00	0.00	0.00	0.00
	AWB09	AWB04	7.93	332.07	-0.10	0.00	0.00	0.00	0.00
	AWB12	AXA05	3.26	156.82	2.30	0.00	0.00	0.00	0.00
	AXA05	AXA04	5.98	217.92	3.53	0.00	0.00	0.00	0.00
	AXA04	AXA06	5.73	234.30	-1.23	0.00	0.00	0.00	0.00
	AXA06	AWA14	6.16	210.62	-0.75	0.00	0.00	0.00	0.00
	AXA06	AWA11	12.34	142.74	-2.30	0.00	0.00	0.00	0.00
	AWA11	AWA12	3.62	284.97	4.80	0.00	0.00	0.00	0.00
	AWA13	AXA07	20.05	54.77	-1.65	0.00	0.00	0.00	0.00
	AWA13	AWA11	10.57	84.57	-4.15	0.00	0.00	0.00	0.00
	AXA07	AXA08	2.99	287.67	-9.30	0.00	0.00	0.00	0.00
	AXA08	AXA05	7.17	338.62	4.55	0.00	0.00	0.00	0.00
	AXA07	AXA09	5.71	168.52	-2.55	0.00	0.00	0.00	0.00
	AXA09	AXA10	7.40	207.52	3.55	0.00	0.00	0.00	0.00
	AXA10	AWA11	4.17	300.71	-4.75	0.00	0.00	0.00	0.00
	AKB14	AXA11	8.93	63.47	2.00	0.00	0.00	0.00	0.00
	AXA11	AKB09	7.71	333.02	5.15	0.00	0.00	0.00	0.00
	AKB09	AKB14	11.73	203.17	-4.85	0.00	0.00	0.00	0.00
	AQC16	AXB01	5.50	16.37	11.00	0.00	0.00	0.00	0.00
	AXB01	AXB02	2.21	214.12	9.00	0.00	0.00	0.00	0.00
	AXB02	AQC11	5.40	283.57	0.00	0.00	0.00	0.00	0.00
	AXB01	AXB03	4.80	332.87	9.75	0.00	0.00	0.00	0.00
	AXB03	AQC11	6.70	221.37	-4.50	0.00	0.00	0.00	0.00
	AXB03	AXB04	5.35	350.37	-10.50	0.00	0.00	0.00	0.00
	AXB03	AQC09	9.00	285.62	1.00	0.00	0.00	0.00	0.00
	AXB04	AQC09	8.20	251.37	6.50	0.00	0.00	0.00	0.00
	AXB04	AXB05	4.90	249.87	7.25	0.00	0.00	0.00	0.00
	AXB05	AQC09	3.30	252.37	10.00	0.00	0.00	0.00	0.00
	AXB04	AXB06	6.13	308.37	8.00	0.00	0.00	0.00	0.00
	AXB06	AQC08	2.31	75.87	-7.00	0.00	0.00	0.00	0.00
	AXB03	AXB07	3.35	65.87	-17.74	0.00	0.00	0.00	0.00
	AXB07	AXB08	3.80	47.37	0.25	0.00	0.00	0.00	0.00
	AXB04	AXB08	6.12	99.57	-3.15	0.00	0.00	0.00	0.00
	AXB08	AXB09	6.68	16.72	0.25	0.00	0.00	0.00	0.00
	AXB09	AXB09a	4.74	255.37	1.10	0.00	0.00	0.00	0.00
	AXB09	AQC08a	10.99	265.97	-1.80	0.00	0.00	0.00	0.00
	AQC08a	AQC08	1.40	3.67	90.00	0.00	0.00	0.00	0.00
	AXB09	AXB10	2.20	228.37	-0.15	0.00	0.00	0.00	0.00
	AXB10	AUB07	5.78	325.07	11.15	0.00	0.00	0.00	0.00
	AXB10	AWA04	9.25	332.12	5.50	0.00	0.00	0.00	0.00
	AXB09	AXB11	8.69	58.02	0.40	0.00	0.00	0.00	0.00
	AXB11	AWA02	12.30	316.57	5.65	0.00	0.00	0.00	0.00
	AXB11	AXB12	7.10	16.12	-1.80	0.00	0.00	0.00	0.00
	AXB12	AXB13	6.42	298.12	3.85	0.00	0.00	0.00	0.00
	AXB13	AWA02	5.00	260.57	10.05	0.00	0.00	0.00	0.00
	AFB10	AXC01	2.89	16.07	-1.80	0.00	0.00	0.00	0.00
	AXC01	AXC02	5.10	268.02	-4.75	0.00	0.00	0.00	0.00
	AXC02	AXC03	6.78	153.32	4.55	0.00	0.00	0.00	0.00
	AXC03x	AFB10	3.80	21.82	-2.05	0.00	0.00	0.00	0.00
	AXC02	AXC04	5.04	186.92	4.00	0.00	0.00	0.00	0.00
	AXC04	AXC05	5.19	251.97	-5.25	0.00	0.00	0.00	0.00
	AXC05	AXC06	4.94	309.07	-2.25	0.00	0.00	0.00	0.00
	AXA09	AYA01	6.70	135.12	-4.13	0.00	0.00	0.00	0.00
	AYA01	AXA10	8.45	257.22	4.50	0.00	0.00	0.00	0.00
	AXA10	AXA09	7.38	29.37	-3.40	0.00	0.00	0.00	0.00
	AYA01	AYA02	6.66	220.02	-5.73	0.00	0.00	0.00	0.00
	AYA02	AWA10	2.14	166.07	19.15	0.00	0.00	0.00	0.00
	AYA01	AYA03	4.15	166.17	-0.60	0.00	0.00	0.00	0.00
	AYA03	AYA02	5.34	259.32	-3.23	0.00	0.00	0.00	0.00
	AYA03	AYA04	6.72	69.47	-3.35	0.00	0.00	0.00	0.00
	AYA04	AYA01	7.48	281.42	2.85	0.00	0.00	0.00	0.00
	AYA02	AYA05a	10.94	60.67	4.00	0.00	0.00	0.00	0.00
	AYA05	AYA04	3.75	191.87	-14.90	0.00	0.00	0.00	0.00
	AYA04	AYC10	5.23	147.22	4.70	0.00	0.00	0.00	0.00
	AYA05	AYA06	7.69	308.82	-4.00	0.00	0.00	0.00	0.00
	AYA06	AYA01	6.52	197.47	0.10	0.00	0.00	0.00	0.00
	AYA06	AYA07	2.37	280.60	-0.30	0.00	0.00	0.00	0.00
	AYA07	AXA09	5.13	246.27	1.70	0.00	0.00	0.00	0.00
	AYA04	AYC11	10.72	203.97	2.70	0.00	0.00	0.00	0.00
	AOA17	AYB01	13.10	145.30	-10.55	0.00	0.00	0.00	0.00
	AYB01	AYB02	4.66	105.57	-8.60	0.00	0.00	0.00	0.00
	AYB02	AYB02a	8.65	238.87	-11.20	0.00	0.00	0.00	0.00
	AYB02	AYB03	5.52	46.87	-17.75	0.00	0.00	0.00	0.00
	AYB03	AYB03a	7.21	318.57	0.60	0.00	0.00	0.00	0.00
	AYB03	AYB04	2.07	350.52	18.40	0.00	0.00	0.00	0.00
	AYB04	AYB05	2.79	45.17	6.30	0.00	0.00	0.00	0.00
	AYB05	AYB05a	6.46	275.17	-6.20	0.00	0.00	0.00	0.00
	AYB05	AYB05b	8.45	323.37	-7.30	0.00	0.00	0.00	0.00
	AYB04	AYB07	7.68	95.93	-5.30	0.00	0.00	0.00	0.00
	AYB05	AYB06	3.15	69.02	-3.75	0.00	0.00	0.00	0.00
	AYB06	AYB06a	4.16	351.37	-10.60	0.00	0.00	0.00	0.00
	AYB06	AYB07	5.07	146.67	-7.73	0.00	0.00	0.00	0.00
	AYB07	AYB08	4.55	174.17	-4.33	0.00	0.00	0.00	0.00
	AYB08	AYB09	5.88	232.27	13.40	0.00	0.00	0.00	0.00
	AYB09	AYB03	8.06	336.47	-6.60	0.00	0.00	0.00	0.00
	AYB02	AYB10	5.45	164.62	-19.95	0.00	0.00	0.00	0.00
	AYB10	AYB09	5.96	74.52	12.70	0.00	0.00	0.00	0.00
	AYB09	AYB11	4.29	117.97	-16.00	0.00	0.00	0.00	0.00
	AYB11	AYB12	6.09	226.82	7.95	0.00	0.00	0.00	0.00
	AYB12	AYB10	6.83	312.67	-7.70	0.00	0.00	0.00	0.00
	AYB12	AYB13	8.09	274.79	-5.90	0.00	0.00	0.00	0.00
	AYB13	AYB14	3.95	283.82	4.57	0.00	0.00	0.00	0.00
	AYB14	AYB15	9.83	134.37	-1.50	0.00	0.00	0.00	0.00
	AYB13	AYB13a	7.30	308.27	-1.90	0.00	0.00	0.00	0.00
	AYB14	AYB14a	7.06	266.27	0.40	0.00	0.00	0.00	0.00
	AYB15	AYB12	7.31	41.77	5.10	0.00	0.00	0.00	0.00
	AYB12	AYB16	7.17	85.57	-0.25	0.00	0.00	0.00	0.00
	AYB16	AYB17	6.52	248.92	2.40	0.00	0.00	0.00	0.00
	AYB17	AYB15	6.83	238.07	-8.15	0.00	0.00	0.00	0.00
	AYB17	AYB18	9.79	202.47	-5.65	0.00	0.00	0.00	0.00
	AYB18	AYB15	5.85	338.12	0.25	0.00	0.00	0.00	0.00
	AYB18	AYB19	4.37	124.92	15.70	0.00	0.00	0.00	0.00
	AYB19	AYB20	7.50	201.63	-4.25	0.00	0.00	0.00	0.00
	AYB20	AYB21	3.22	294.92	-1.00	0.00	0.00	0.00	0.00
	AYB21	AYB22	5.20	304.47	1.05	0.00	0.00	0.00	0.00
	AYB18	AYB22	8.06	232.27	5.80	0.00	0.00	0.00	0.00
	AYB22	AYB23	4.76	3.22	17.10	0.00	0.00	0.00	0.00
	AYB23	AYB24	4.86	64.67	-14.93	0.00	0.00	0.00	0.00
	AYB24	AYB15	3.92	353.77	-20.15	0.00	0.00	0.00	0.00
	AXB12	AYC01	7.31	61.57	0.75	0.00	0.00	0.00	0.00
	AYC01	AYC02	7.70	318.42	-6.90	0.00	0.00	0.00	0.00
	AYC02	AYC03	8.05	205.67	4.55	0.00	0.00	0.00	0.00
	AYC03	AXB13	3.49	295.77	8.40	0.00	0.00	0.00	0.00
	AYC03	AXB12	2.86	124.42	1.80	0.00	0.00	0.00	0.00
	AYC02	AYC04	4.92	358.72	9.65	0.00	0.00	0.00	0.00
	AYC04	AYC05	5.81	88.32	-1.25	0.00	0.00	0.00	0.00
	AYC05	AYC06	3.72	177.42	3.15	0.00	0.00	0.00	0.00
	AYC06	AYC02	6.00	253.82	-7.35	0.00	0.00	0.00	0.00
	AYC06	AWA10	10.20	335.27	0.20	0.00	0.00	0.00	0.00
	AYC06	AYC07	5.30	51.40	-1.25	0.00	0.00	0.00	0.00
	AYC07	AYC08	5.14	109.07	-1.45	0.00	0.00	0.00	0.00
	AYC08	AYC09	7.76	32.17	-0.50	0.00	0.00	0.00	0.00
	AYC09	AYC10	3.98	302.92	1.65	0.00	0.00	0.00	0.00
	AYC10	AYC11	9.20	231.12	-0.55	0.00	0.00	0.00	0.00
	AYC11	AYC07	2.30	136.82	-2.25	0.00	0.00	0.00	0.00
	AYC06	AYC12	6.84	139.17	-0.15	0.00	0.00	0.00	0.00
	AYC12	AYC08	8.05	35.97	0.00	0.00	0.00	0.00	0.00
	AYC01	AYC13	2.60	10.57	2.20	0.00	0.00	0.00	0.00
	AYC13	AYC12	4.60	91.17	0.90	0.00	0.00	0.00	0.00
	AYC01	AYC14	3.51	164.57	4.40	0.00	0.00	0.00	0.00
	AYC14	AYC15	15.30	86.12	3.75	0.00	0.00	0.00	0.00
	AYC14	AYC16	5.43	71.77	-5.30	0.00	0.00	0.00	0.00
	AYC16	AYC12	3.51	347.77	1.75	0.00	0.00	0.00	0.00
	AYC08	AYC15	12.44	150.07	4.40	0.00	0.00	0.00	0.00
	AYC17	AYC15	3.91	325.72	7.90	0.00	0.00	0.00	0.00
	AYC17	AYC18	15.17	248.57	-1.50	0.00	0.00	0.00	0.00
	APA02	AZA01 	12.38	131.64	0.15	0.00	0.00	0.00	0.00
	AZA01	AZA02	11.80	188.27	-6.30	0.00	0.00	0.00	0.00
	AZA02	AZA03	3.40	248.97	5.15	0.00	0.00	0.00	0.00
	AZA03	AZA04	2.46	155.47	-16.30	0.00	0.00	0.00	0.00
	AZA04	AZA05	8.68	80.27	0.43	0.00	0.00	0.00	0.00
	AZA05	AZA06	1.38	164.52	8.35	0.00	0.00	0.00	0.00
	AZA06	AZA07	1.51	145.12	-6.60	0.00	0.00	0.00	0.00
	AZA06	AZA08	5.87	330.62	-2.25	0.00	0.00	0.00	0.00
	AZA08	AZA02	4.20	245.40	5.25	0.00	0.00	0.00	0.00
	AZA07	AZA09	7.55	253.92	-0.25	0.00	0.00	0.00	0.00
	AZA09	AZA03	6.93	329.12	5.83	0.00	0.00	0.00	0.00
	AZA09	AZA10	2.92	118.67	5.80	0.00	0.00	0.00	0.00
	AZA10	AZE04	5.08	156.00	14.35	0.00	0.00	0.00	0.00
	AZE04	AZE03	8.74	82.47	5.60	0.00	0.00	0.00	0.00
	AZE04	AZA11	7.26	257.87	-12.80	0.00	0.00	0.00	0.00
	AZA11	AZA12	2.35	304.42	12.70	0.00	0.00	0.00	0.00
	AZA12	AZA13	2.52	157.97	12.20	0.00	0.00	0.00	0.00
	AZA13	AZE07	10.91	227.17	3.80	0.00	0.00	0.00	0.00
	AZA09	AZA12	7.37	216.97	2.95	0.00	0.00	0.00	0.00
	AZA12	APA17	19.36	271.62	2.25	0.00	0.00	0.00	0.00
	AZA01	AZA14	5.69	95.37	-32.20	0.00	0.00	0.00	0.00
	AZA14	AZE08	11.91	78.42	0.80	0.00	0.00	0.00	0.00
	AZA14	AZA14a	2.72	41.67	16.00	0.00	0.00	0.00	0.00
	AZA14a	AZA16	6.20	39.07	-12.00	0.00	0.00	0.00	0.00
	AZA02	AZA17	7.20	275.37	20.50	0.00	0.00	0.00	0.00
	AZA17	APA16	6.54	211.37	-9.05	0.00	0.00	0.00	0.00
	AYB06	AYB07	5.06	147.37	-9.40	0.00	0.00	0.00	0.00
	AYB07	AYB08	4.84	176.87	-1.40	0.00	0.00	0.00	0.00
	AYB08	AYB09	5.76	231.97	11.90	0.00	0.00	0.00	0.00
	AYB07	AZB01	5.47	98.22	6.35	0.00	0.00	0.00	0.00
	AZB01	AZB02	5.02	147.47	-2.05	0.00	0.00	0.00	0.00
	AZB01	AZB01a	4.45	28.87	-13.50	0.00	0.00	0.00	0.00
	AZB02	AZB03	3.46	162.17	-9.87	0.00	0.00	0.00	0.00
	AZB03	AZB04	8.91	246.97	1.70	0.00	0.00	0.00	0.00
	AZB04	AZB05	3.37	72.17	-1.95	0.00	0.00	0.00	0.00
	AZB05	AZB05a	6.58	339.87	-3.10	0.00	0.00	0.00	0.00
	AZB05	AZB03	5.44	60.47	-0.05	0.00	0.00	0.00	0.00
	AZB04	AYB16	2.47	149.52	14.95	0.00	0.00	0.00	0.00
	AZB04	AYB11	2.28	317.57	-3.10	0.00	0.00	0.00	0.00
	AZB06	AZB04	4.26	1.77	-13.85	0.00	0.00	0.00	0.00
	AZB06	AYB16	2.56	32.52	-9.65	0.00	0.00	0.00	0.00
	AZB06	AZB07	7.04	105.22	-3.75	0.00	0.00	0.00	0.00
	AZB07	AZB08	4.76	34.42	-11.05	0.00	0.00	0.00	0.00
	AZB08	AZB03	5.82	349.32	0.85	0.00	0.00	0.00	0.00
	AZB06	AYB17	4.60	259.87	-2.80	0.00	0.00	0.00	0.00
	AYB11	AYB12	5.98	227.97	8.50	0.00	0.00	0.00	0.00
	AZB03	AZB10	12.63	142.07	-0.10	0.00	0.00	0.00	0.00
	AZB09	AZB10	6.34	109.57	-9.70	0.00	0.00	0.00	0.00
	AZB09	AZB07	4.04	240.37	-3.30	0.00	0.00	0.00	0.00
	AZB03	AZB03a	11.51	103.07	1.20	0.00	0.00	0.00	0.00
	AZB07	AZB11	5.19	211.73	2.65	0.00	0.00	0.00	0.00
	AZB11	AZB12	5.01	224.67	0.40	0.00	0.00	0.00	0.00
	AZB12	AZB13	8.04	327.97	0.05	0.00	0.00	0.00	0.00
	AZB13	AYB17	2.74	346.57	0.90	0.00	0.00	0.00	0.00
	AZB13	AYB18	7.82	213.92	-4.75	0.00	0.00	0.00	0.00
	AZB12	AZB14	6.85	246.27	4.35	0.00	0.00	0.00	0.00
	AZB12	AZB15	1.56	298.62	-8.40	0.00	0.00	0.00	0.00
	AZB15	AZB16	6.03	272.02	-11.90	0.00	0.00	0.00	0.00
	AZB16	AYB18	1.63	247.37	23.05	0.00	0.00	0.00	0.00
	AZB16	AYB15	6.09	324.12	6.80	0.00	0.00	0.00	0.00
	AZB14	AYB19	1.46	53.59	-8.30	0.00	0.00	0.00	0.00
	AZB12	AZB17	3.71	118.12	5.45	0.00	0.00	0.00	0.00
	AZB17	AZB18	7.87	208.17	-8.95	0.00	0.00	0.00	0.00
	AZB19	AZB14	7.83	266.22	15.05	0.00	0.00	0.00	0.00
	AZB17	AZB19	2.78	258.87	-38.75	0.00	0.00	0.00	0.00
	AZB14	AZB18	8.56	134.07	-9.25	0.00	0.00	0.00	0.00
	AZB18	AZB20	7.85	215.42	9.75	0.00	0.00	0.00	0.00
	AZB20	AYB21	9.57	322.42	-3.10	0.00	0.00	0.00	0.00
	AXB07	AZC01	6.70	153.37	7.00	0.00	0.00	0.00	0.00
	AZC01	AXB01	4.60	269.62	-11.00	0.00	0.00	0.00	0.00
	AZC01	AZC02	3.60	114.87	-10.00	0.00	0.00	0.00	0.00
	AZC02	AZC03	3.50	83.87	2.50	0.00	0.00	0.00	0.00
	AZC03	AZC04	5.00	28.37	-0.50	0.00	0.00	0.00	0.00
	AZC04	AZC05	5.60	328.37	0.00	0.00	0.00	0.00	0.00
	AZC05	AZC06	2.00	15.12	-10.50	0.00	0.00	0.00	0.00
	AZC06	AXB09	7.50	312.87	1.50	0.00	0.00	0.00	0.00
	AZC06	AXB08	7.20	259.87	4.00	0.00	0.00	0.00	0.00
	AZC06	AZD07	6.00	34.37	0.75	0.00	0.00	0.00	0.00
	AZD07	AXB11	4.90	343.70	3.50	0.00	0.00	0.00	0.00
	AZC03	AZC07	7.80	78.37	-7.00	0.00	0.00	0.00	0.00
	AZC07	AZC04	5.20	303.37	-2.50	0.00	0.00	0.00	0.00
	AZC07	AZC08	7.90	83.37	4.50	0.00	0.00	0.00	0.00
	AZC08	AZC09	9.10	29.87	2.50	0.00	0.00	0.00	0.00
	AZC09	AZC10	6.20	340.87	-9.33	0.00	0.00	0.00	0.00
	AZC10	AYC18	4.70	319.37	0.25	0.00	0.00	0.00	0.00
	AZC10	AZC11x	10.60	238.37	0.67	0.00	0.00	0.00	0.00
	AZD07	AZC11	7.40	132.87	1.00	0.00	0.00	0.00	0.00
	AZC11	AZC04	8.60	222.37	5.00	0.00	0.00	0.00	0.00
	AYC16	AYC16a	0.67	326.37	55.00	0.00	0.00	0.00	0.00
	AYC16a	AZD01	8.55	203.97	-3.30	0.00	0.00	0.00	0.00
	AYC15	AZD03	3.68	239.12	-14.20	0.00	0.00	0.00	0.00
	AZD03	AZD04	4.73	188.97	-0.15	0.00	0.00	0.00	0.00
	AZD04	AZD05	4.14	276.62	-3.67	0.00	0.00	0.00	0.00
	AZD05	AYC18	5.47	235.87	-1.60	0.00	0.00	0.00	0.00
	AYC18	AZD01	1.69	334.67	19.50	0.00	0.00	0.00	0.00
	AYC18	AZD06	3.87	244.22	3.80	0.00	0.00	0.00	0.00
	AZD06	AZD02	2.23	322.82	-5.80	0.00	0.00	0.00	0.00
	AZD02	AZD01	4.70	67.27	-7.80	0.00	0.00	0.00	0.00
	AZD02	AZD07	7.40	240.97	-0.50	0.00	0.00	0.00	0.00
	AZD07	AZD07a	16.58	30.07	1.20	0.00	0.00	0.00	0.00
	AZD04	AZD08	5.89	38.22	-3.15	0.00	0.00	0.00	0.00
	AZD08	AYC15	2.30	338.57	28.60	0.00	0.00	0.00	0.00
	AZD05	AZD09	12.66	81.37	-1.10	0.00	0.00	0.00	0.00
	AZD08	AZD10	6.52	123.02	-0.90	0.00	0.00	0.00	0.00
	AZD10	AZD11	5.90	89.12	0.30	0.00	0.00	0.00	0.00
	AZD11	AZD12	9.29	21.82	-0.50	0.00	0.00	0.00	0.00
	AZD12	AZD13	3.51	286.32	4.25	0.00	0.00	0.00	0.00
	AZD13	AZD14	3.15	272.32	-0.40	0.00	0.00	0.00	0.00
	AZD14	AYC17	9.83	230.47	1.05	0.00	0.00	0.00	0.00
	AYC17	AZD08	2.08	307.32	-14.05	0.00	0.00	0.00	0.00
	AYB22	AZE01	6.38	242.47	7.70	0.00	0.00	0.00	0.00
	AZE01	AZE02	15.00	228.37	3.30	0.00	0.00	0.00	0.00
	AZE02	AZE03	7.32	189.17	7.05	0.00	0.00	0.00	0.00
	AZE03	AZA06	11.35	323.07	-11.70	0.00	0.00	0.00	0.00
	AZE03	AZE04	8.87	263.42	-4.45	0.00	0.00	0.00	0.00
	AZE03	AZE05	13.19	227.32	-2.60	0.00	0.00	0.00	0.00
	AZE05	AZE06	6.70	288.22	3.65	0.00	0.00	0.00	0.00
	AZE06	AZE07	9.82	245.47	-3.05	0.00	0.00	0.00	0.00
	AZE07	APA17	15.83	309.62	-1.05	0.00	0.00	0.00	0.00
	AZE08	AZA16	7.12	305.87	-5.20	0.00	0.00	0.00	0.00
	AYB23	AZE09	1.91	178.02	-52.25	0.00	0.00	0.00	0.00
	AZE09	AZE10	2.66	250.32	-2.80	0.00	0.00	0.00	0.00
	AZE09	AZE11	3.99	331.07	-15.35	0.00	0.00	0.00	0.00
	AZE11	AZE12	5.49	307.72	3.05	0.00	0.00	0.00	0.00
	AZE12	AZE13	7.67	326.02	-3.50	0.00	0.00	0.00	0.00
	AZE12	AYB14	7.77	24.12	1.05	0.00	0.00	0.00	0.00
	AZE13	APA01	6.27	332.42	59.05	0.00	0.00	0.00	0.00
	AYC05	BAA01	3.20	286.27	3.63	0.00	0.00	0.00	0.00
	BAA01	AWA10	4.88	346.57	-2.33	0.00	0.00	0.00	0.00
	AYC15	AZD10	8.28	137.32	-8.15	0.00	0.00	0.00	0.00
	AYC15	AYC17	3.88	148.67	-9.20	0.00	0.00	0.00	0.00
	AYC15	AZD03	3.68	244.37	-14.30	0.00	0.00	0.00	0.00
	AZD10	AZD11	5.84	89.67	0.15	0.00	0.00	0.00	0.00
	AZD11	AZD12	9.28	25.43	0.15	0.00	0.00	0.00	0.00
	AZD12	AZD13	3.58	288.52	4.80	0.00	0.00	0.00	0.00
	AZD13	AZD14	3.17	269.42	1.00	0.00	0.00	0.00	0.00
	AZD14	AYC17	9.85	227.37	1.35	0.00	0.00	0.00	0.00
	AYC16	AZD01	8.68	198.77	-6.70	0.00	0.00	0.00	0.00
	AZB03	BAB01	5.69	75.57	1.40	0.00	0.00	0.00	0.00
	BAB01	BAB02	3.40	22.42	2.80	0.00	0.00	0.00	0.00
	BAB02	AZB02	7.90	262.32	2.70	0.00	0.00	0.00	0.00
	BAB02	BAB03	6.58	77.57	-8.65	0.00	0.00	0.00	0.00
	BAB02	BAB04	6.42	167.92	-2.10	0.00	0.00	0.00	0.00
	BAB04	BAB05	2.40	75.17	1.45	0.00	0.00	0.00	0.00
	BAB05	BAB03	7.25	20.67	-6.00	0.00	0.00	0.00	0.00
	AZB02	BAB06	4.75	25.37	-9.40	0.00	0.00	0.00	0.00
	AZB02	BAB07	1.56	351.67	-16.03	0.00	0.00	0.00	0.00
	AZB05	BAB08	6.05	332.67	-4.33	0.00	0.00	0.00	0.00
	BAB07	BAB08	6.64	252.67	-5.70	0.00	0.00	0.00	0.00
	BAB09	BAB08	3.40	343.57	3.90	0.00	0.00	0.00	0.00
	BAB09	BAB10	6.68	265.57	7.25	0.00	0.00	0.00	0.00
	AZB05	BAB09	2.98	321.57	-13.80	0.00	0.00	0.00	0.00
	AYB11	BAB10	3.75	288.52	3.05	0.00	0.00	0.00	0.00
	AZA08	BBA01	5.51	103.17	2.80	0.00	0.00	0.00	0.00
	BBA01	AZA15	5.00	50.27	-4.90	0.00	0.00	0.00	0.00
	AZA15	BBA02	9.55	32.12	4.70	0.00	0.00	0.00	0.00
	AZA15	BBA03	7.96	83.47	-5.25	0.00	0.00	0.00	0.00
	AZA15	AZA15a	0.55	350.37	-90.00	0.00	0.00	0.00	0.00
	AZA15a	BBA04	10.27	316.42	-0.60	0.00	0.00	0.00	0.00
	BBA04	AZA01 	5.42	276.02	33.00	0.00	0.00	0.00	0.00
	BBA01	AZA07	5.29	197.63	-0.77	0.00	0.00	0.00	0.00
	BBA03	BBA05	4.59	97.97	10.40	0.00	0.00	0.00	0.00
	BBA05	AZE01	1.25	336.47	43.00	0.00	0.00	0.00	0.00
	AZA07	AZE03	9.16	141.77	14.30	0.00	0.00	0.00	0.00
	AZE03	AZE02	6.90	7.27	-6.60	0.00	0.00	0.00	0.00
	BBA02	BBA06	3.45	71.67	-2.35	0.00	0.00	0.00	0.00
	BBA06	BBA07	6.04	51.27	-18.05	0.00	0.00	0.00	0.00
	BBA07	AZE11	3.56	123.57	4.10	0.00	0.00	0.00	0.00
	BBA05	BBA08	5.53	158.02	-9.90	0.00	0.00	0.00	0.00
	BBA08	BBA09	3.68	84.67	15.80	0.00	0.00	0.00	0.00
	AZE01	AYB22	5.93	58.27	-8.70	0.00	0.00	0.00	0.00
	AYB22	AYB21	5.26	125.37	-1.00	0.00	0.00	0.00	0.00
	BBA09	AYB21	6.47	32.37	0.10	0.00	0.00	0.00	0.00
	BBA08	BBA12a	6.81	236.47	3.60	0.00	0.00	0.00	0.00
	BBA12a	BBA12	1.10	140.37	70.00	0.00	0.00	0.00	0.00
	BBA09	BBA10	4.60	214.22	2.30	0.00	0.00	0.00	0.00
	BBA10	BBA11	4.11	194.57	3.35	0.00	0.00	0.00	0.00
	BBA11	BBA12	6.43	303.12	4.15	0.00	0.00	0.00	0.00
	BBA12	AZE02	7.79	270.22	7.00	0.00	0.00	0.00	0.00
	BBA12	BBA13	7.80	198.87	-9.15	0.00	0.00	0.00	0.00
	BBA13	BBA13a	1.23	179.77	-27.20	0.00	0.00	0.00	0.00
	BBA13a	BBA14	7.36	279.27	15.30	0.00	0.00	0.00	0.00
	BBA14	AZE03	1.93	74.02	60.40	0.00	0.00	0.00	0.00
	AZE03	AZE05	13.12	228.07	-2.90	0.00	0.00	0.00	0.00
	BBA14	BBA14a	9.34	141.87	-10.40	0.00	0.00	0.00	0.00
	BBA13	BBA13b	5.55	198.17	-1.40	0.00	0.00	0.00	0.00
	AZE05	BBA15	18.28	81.87	-4.55	0.00	0.00	0.00	0.00
	BBA15	BBA16	3.98	25.97	-4.55	0.00	0.00	0.00	0.00
	BBA16	BBA13	5.14	305.02	-6.35	0.00	0.00	0.00	0.00
	BAB04	BBB01	7.70	128.37	1.00	0.00	0.00	0.00	0.00
	BBB02	AZB10	2.50	220.37	-20.00	0.00	0.00	0.00	0.00
	AZB10	BBB03	9.50	123.87	4.00	0.00	0.00	0.00	0.00
	BBB03	BBB04	8.60	212.12	-3.50	0.00	0.00	0.00	0.00
	BBB03	BBB05	1.28	138.37	4.00	0.00	0.00	0.00	0.00
	BBB05	BBB06	8.60	184.37	-4.00	0.00	0.00	0.00	0.00
	BBB06	BBB07	3.00	186.87	-1.50	0.00	0.00	0.00	0.00
	BBB07	BBB04	7.10	320.37	2.00	0.00	0.00	0.00	0.00
	BBB04	BBB08	8.20	331.37	15.00	0.00	0.00	0.00	0.00
	BBB08	AZB09	9.40	331.87	0.50	0.00	0.00	0.00	0.00
	BBB08	BBB02	8.60	20.87	-2.50	0.00	0.00	0.00	0.00
	BBB04	BBB09	7.80	241.87	0.50	0.00	0.00	0.00	0.00
	BBB09	BBB10	4.20	265.87	15.00	0.00	0.00	0.00	0.00
	BBB08	BBB11	10.70	231.37	-1.00	0.00	0.00	0.00	0.00
	BBB10	BBB11	4.20	337.87	1.00	0.00	0.00	0.00	0.00
	AQC16	AXB01	5.39	15.12	5.70	0.00	0.00	0.00	0.00
	AXB01	AXB02	2.22	213.54	6.30	0.00	0.00	0.00	0.00
	AXB02	AQC11	5.33	283.82	-0.95	0.00	0.00	0.00	0.00
	AXB01	AXB03	4.71	335.27	11.75	0.00	0.00	0.00	0.00
	AXB03	AXB04	5.32	351.12	-7.05	0.00	0.00	0.00	0.00
	AXB04	AQC09	8.16	251.37	6.15	0.00	0.00	0.00	0.00
	AXB04	AXB05	4.87	250.42	3.05	0.00	0.00	0.00	0.00
	AQC08	AQC09	8.52	217.82	0.95	0.00	0.00	0.00	0.00
	AQC08	AXB05	6.30	199.17	-4.50	0.00	0.00	0.00	0.00
	AQC08	AQC10	2.60	191.57	-17.30	0.00	0.00	0.00	0.00
	AQC10	AQC02	10.17	267.27	4.10	0.00	0.00	0.00	0.00
	AQC09	AQC11	8.64	151.92	-6.35	0.00	0.00	0.00	0.00
	AQC17	BBC01	5.28	78.42	0.85	0.00	0.00	0.00	0.00
	BBC01	AQC15	2.91	311.93	-19.93	0.00	0.00	0.00	0.00
	BBC01	BBC02	4.07	104.77	0.60	0.00	0.00	0.00	0.00
	BBC02	BBC03	3.85	158.57	-1.70	0.00	0.00	0.00	0.00
	BBC02	BBC04	3.67	61.12	9.95	0.00	0.00	0.00	0.00
	BBC04	BBC05	6.88	38.72	-2.40	0.00	0.00	0.00	0.00
	BBC05	AZC03	2.16	136.07	-0.50	0.00	0.00	0.00	0.00
	BBC05	BBC06	6.87	155.02	-2.80	0.00	0.00	0.00	0.00
	BBC06	BBC07	5.82	65.27	-0.05	0.00	0.00	0.00	0.00
	BBC07	AZC07	3.73	0.07	-3.40	0.00	0.00	0.00	0.00
	AOA17	BBD04	10.18	89.77	-7.40	0.00	0.00	0.00	0.00
	AQA01	BBD11	14.36	163.67	3.80	0.00	0.00	0.00	0.00
	BAB03	BAB03a	1.00	200.67	6.00	0.00	0.00	0.00	0.00
	BAB03a	BAB03b	3.09	84.27	12.50	0.00	0.00	0.00	0.00
	BBA16	BCA01	3.61	117.02	5.40	0.00	0.00	0.00	0.00
	BCA01	BCA02	5.29	35.67	4.70	0.00	0.00	0.00	0.00
	BCA02	BBA11	4.89	328.67	-6.30	0.00	0.00	0.00	0.00
	BCA02	BCA02a	7.66	91.07	-16.30	0.00	0.00	0.00	0.00
	BCA02	BCA03	8.45	46.92	-1.85	0.00	0.00	0.00	0.00
	BCA03	BBA10	8.12	287.27	-3.45	0.00	0.00	0.00	0.00
	BCA03	AZB20	6.03	46.07	-1.00	0.00	0.00	0.00	0.00
	BCA03	BCA04	6.25	68.27	-2.35	0.00	0.00	0.00	0.00
	BCA04	BCA4a	9.82	212.67	-15.80	0.00	0.00	0.00	0.00
	BCA04	BCA05	5.09	98.77	-14.55	0.00	0.00	0.00	0.00
	BCA05	BCA06	4.18	39.52	-5.25	0.00	0.00	0.00	0.00
	BCA06	BCA07	11.02	275.47	6.00	0.00	0.00	0.00	0.00
	BCA07	AZB20	2.41	132.82	11.45	0.00	0.00	0.00	0.00
	BCA06	BCA08	6.82	309.47	7.55	0.00	0.00	0.00	0.00
	BCA08	AZB18	1.82	20.92	-17.40	0.00	0.00	0.00	0.00
	BCA06	BBB10	5.91	28.87	12.00	0.00	0.00	0.00	0.00
	BBB10	BCA09	4.69	74.22	-20.80	0.00	0.00	0.00	0.00
	BCA09	BBB04	7.34	69.62	6.05	0.00	0.00	0.00	0.00
	BBB10	BBB11	4.26	336.47	0.75	0.00	0.00	0.00	0.00
	BBB11	AZB19	5.48	308.42	-14.90	0.00	0.00	0.00	0.00
	AZB18	BCA10	7.46	73.02	0.60	0.00	0.00	0.00	0.00
	BCA10	BBB11	1.75	301.27	23.85	0.00	0.00	0.00	0.00
	BCA09	BBB09	1.18	190.37	35.80	0.00	0.00	0.00	0.00
	AZB19	BBB11	5.53	127.87	14.80	0.00	0.00	0.00	0.00
	BBB11	BBB08	11.21	51.32	-0.55	0.00	0.00	0.00	0.00
	BBB08	BCA11	2.80	347.82	0.25	0.00	0.00	0.00	0.00
	BCA11	AZB17	11.87	238.82	2.40	0.00	0.00	0.00	0.00
	AZB17	AZB17a	5.63	111.97	-0.60	0.00	0.00	0.00	0.00
	BCA11	BCA12	5.83	254.67	-18.10	0.00	0.00	0.00	0.00
	BCA12	AZB11	5.10	281.77	21.20	0.00	0.00	0.00	0.00
	BCA11	BCA13	7.35	311.47	0.50	0.00	0.00	0.00	0.00
	BCA13	AZB09	1.73	75.07	0.55	0.00	0.00	0.00	0.00
	BBA15	BCA14	6.00	236.02	10.25	0.00	0.00	0.00	0.00
	BCA14	BCA15	8.16	102.47	-9.95	0.00	0.00	0.00	0.00
	BCA15	BCA16	5.00	36.42	-1.95	0.00	0.00	0.00	0.00
	BCA16	BCA19	6.02	278.32	-5.95	0.00	0.00	0.00	0.00
	BCA19	BBA15	1.17	64.22	86.75	0.00	0.00	0.00	0.00
	BCA16	BCA01	3.09	341.97	11.35	0.00	0.00	0.00	0.00
	BCA01	BCA17	3.42	86.27	-10.65	0.00	0.00	0.00	0.00
	BCA17	BCA18	5.47	157.92	-9.90	0.00	0.00	0.00	0.00
	BCA18	BCA15	7.76	253.82	7.90	0.00	0.00	0.00	0.00
	BCA18	BDA01	2.34	117.52	26.65	0.00	0.00	0.00	0.00
	BDA01	BDA02	11.96	46.07	1.35	0.00	0.00	0.00	0.00
	BDA02	BDA03	6.43	57.52	-2.60	0.00	0.00	0.00	0.00
	BDA03	BCA04	8.88	316.87	1.90	0.00	0.00	0.00	0.00
	BDA03	BDA04	2.19	102.22	0.95	0.00	0.00	0.00	0.00
	BDA04	BDA05	4.60	15.27	-0.85	0.00	0.00	0.00	0.00
	BDA05	BCA06	5.12	337.77	-15.25	0.00	0.00	0.00	0.00
	BDA05	BDA06	4.64	66.67	-11.40	0.00	0.00	0.00	0.00
	BDA06	BDA07	2.47	357.52	20.65	0.00	0.00	0.00	0.00
	BDA07	BCA06	5.55	274.27	-11.40	0.00	0.00	0.00	0.00
	BDA07	BDA08	4.95	75.54	-0.95	0.00	0.00	0.00	0.00
	BDA08	BCA09	6.72	326.73	-13.65	0.00	0.00	0.00	0.00
	BDA08	BDA09	6.11	33.60	1.90	0.00	0.00	0.00	0.00
	BDA09	BBB04	3.28	355.32	-18.70	0.00	0.00	0.00	0.00
	BDA09	BBB07	5.10	121.42	-11.75	0.00	0.00	0.00	0.00
	BBB07	BDA10	20.26	85.47	-2.20	0.00	0.00	0.00	0.00
	BBB07	BDA11	4.00	177.27	1.50	0.00	0.00	0.00	0.00
	BDA11	BDA12	6.57	131.17	1.50	0.00	0.00	0.00	0.00
	BDA11	BDA13	6.19	259.97	0.70	0.00	0.00	0.00	0.00
	BDA13	BCA09	9.94	327.62	-5.10	0.00	0.00	0.00	0.00
	BBC06	BBC06a	8.75	226.17	3.90	0.00	0.00	0.00	0.00
	BBC06	BBC06b	6.41	143.17	-0.10	0.00	0.00	0.00	0.00
	BBC06	BDB01	7.84	116.72	-1.75	0.00	0.00	0.00	0.00
	BDB01	BDB01a	3.58	242.67	-3.40	0.00	0.00	0.00	0.00
	BDB01	BDB02	3.91	31.27	7.45	0.00	0.00	0.00	0.00
	BDB02	BBC07	4.23	307.47	-4.45	0.00	0.00	0.00	0.00
	BBC07	BBC06	5.73	245.77	0.30	0.00	0.00	0.00	0.00
	AZE07	BDC01	7.25	211.47	-13.65	0.00	0.00	0.00	0.00
	BDC01	BDC02	7.17	82.87	-1.80	0.00	0.00	0.00	0.00
	AZE06	BDC02	11.16	209.92	-11.93	0.00	0.00	0.00	0.00
	BDC01	BDC03	3.90	148.92	-1.20	0.00	0.00	0.00	0.00
	BDC03	BDC04	4.78	102.37	-0.37	0.00	0.00	0.00	0.00
	BDC04	AZE06	15.74	22.32	8.00	0.00	0.00	0.00	0.00
	BDC04	BDC05	4.80	68.62	0.90	0.00	0.00	0.00	0.00
	BDC05	BDC06	15.68	334.53	8.00	0.00	0.00	0.00	0.00
	BDC06	AZE07	5.60	191.67	-5.45	0.00	0.00	0.00	0.00
	BDC05	BDC07	3.52	91.97	1.75	0.00	0.00	0.00	0.00
	BDC07	BDC08	7.45	43.37	2.60	0.00	0.00	0.00	0.00
	BDC07	BDC07a	7.48	20.67	-3.20	0.00	0.00	0.00	0.00
	BDC08	BDC09	1.94	110.87	1.50	0.00	0.00	0.00	0.00
	BDC09	AZE05	6.66	332.92	12.05	0.00	0.00	0.00	0.00
	BDC09	BDC10	10.24	93.62	0.00	0.00	0.00	0.00	0.00
	BDC10	BDC10b	14.51	269.67	4.30	0.00	0.00	0.00	0.00
	BDC09	BDC11	7.01	137.82	-4.65	0.00	0.00	0.00	0.00
	BDC10	BCA14	5.37	359.22	10.45	0.00	0.00	0.00	0.00
	BDC10	BDC11	7.10	230.27	-4.45	0.00	0.00	0.00	0.00
	ACA21	114.00	21.62	77.12	0.35	0.00	0.00	0.00	0.00
	ACA21	ACA10	8.25	284.22	14.00	0.00	0.00	0.00	0.00
	ACA10	ACA08	29.18	39.52	2.65	0.00	0.00	0.00	0.00
	ACA08	ADB01	10.32	87.50	-8.40	0.00	0.00	0.00	0.00
	ADB01	BDX001	8.64	225.27	2.80	0.00	0.00	0.00	0.00
	BDX001	114.00	15.65	155.92	-7.95	0.00	0.00	0.00	0.00
	ADB01	BDX002	29.28	61.22	-1.60	0.00	0.00	0.00	0.00
	BDX002	AKC01	5.77	61.97	-3.40	0.00	0.00	0.00	0.00
	BDX002	AEB05	21.63	51.12	-0.65	0.00	0.00	0.00	0.00
	BCA18	BEA02	6.35	140.72	-0.20	0.00	0.00	0.00	0.00
	BEA02	BEA03	7.04	91.27	7.70	0.00	0.00	0.00	0.00
	BEA03	BEA04	7.27	19.59	-2.45	0.00	0.00	0.00	0.00
	BEA04	BDA02	6.43	330.12	7.25	0.00	0.00	0.00	0.00
	BEA04	BEA05	6.69	57.97	-5.45	0.00	0.00	0.00	0.00
	BEA05	BEB05	2.37	198.47	27.70	0.00	0.00	0.00	0.00
	BEA04	BEA06	6.23	96.12	-8.70	0.00	0.00	0.00	0.00
	BEA06	BEA05	4.24	354.12	4.85	0.00	0.00	0.00	0.00
	BEA05	BEA07	7.74	159.82	4.05	0.00	0.00	0.00	0.00
	BEA07	BEA08	6.33	268.47	-2.15	0.00	0.00	0.00	0.00
	BEA08	BEA04	4.62	331.97	4.30	0.00	0.00	0.00	0.00
	BEA08	BEA09	2.43	161.17	-2.15	0.00	0.00	0.00	0.00
	BEA09	BEA07	6.09	65.37	2.50	0.00	0.00	0.00	0.00
	BEA09	BEA09a	0.73	350.37	-90.00	0.00	0.00	0.00	0.00
	BEA09a	BEA03a	5.40	262.72	1.70	0.00	0.00	0.00	0.00
	BEA03a	BEA03	1.30	350.37	90.00	0.00	0.00	0.00	0.00
	BDA13	BEB01	3.55	174.30	-4.85	0.00	0.00	0.00	0.00
	BEB02	BDA06	3.13	327.17	0.50	0.00	0.00	0.00	0.00
	BEB01	BEB02	4.90	264.27	1.55	0.00	0.00	0.00	0.00
	BEB02	BEB03	3.86	205.92	12.45	0.00	0.00	0.00	0.00
	BEB03	BDA05	6.49	314.42	2.00	0.00	0.00	0.00	0.00
	BEB03	BEB04	5.21	256.92	-13.60	0.00	0.00	0.00	0.00
	BEB04	BDA03	3.34	298.52	22.50	0.00	0.00	0.00	0.00
	BDA03	BEB05	7.86	160.77	0.00	0.00	0.00	0.00	0.00
	BEB05	BEB03	8.73	36.77	-0.65	0.00	0.00	0.00	0.00
	BEB05	BEB06	7.48	80.07	-7.70	0.00	0.00	0.00	0.00
	BEB03	BEB06	5.59	160.87	-7.85	0.00	0.00	0.00	0.00
	BEB06	BEB07	6.23	89.57	5.00	0.00	0.00	0.00	0.00
	BEB07	BEB08	5.59	34.87	-4.50	0.00	0.00	0.00	0.00
	BEB07	BEB07a	5.84	80.67	-7.30	0.00	0.00	0.00	0.00
	BEB06	BEB09	9.99	126.32	2.15	0.00	0.00	0.00	0.00
	BEB09	BEB10	5.69	43.27	-2.10	0.00	0.00	0.00	0.00
	BEB10	BEB10a	7.42	331.77	-0.80	0.00	0.00	0.00	0.00
	BEB10	BEB10b	5.79	73.37	1.70	0.00	0.00	0.00	0.00
	BGA03	AKB04	7.12	208.17	-2.75	0.00	0.00	0.00	0.00
	AWB08	BGA05	6.77	113.67	0.45	0.00	0.00	0.00	0.00
	BGA05	AWB01	5.29	196.17	-7.00	0.00	0.00	0.00	0.00
	AKB01	BGA01	9.55	51.32	-1.55	0.00	0.00	0.00	0.00
	BGA01	BGA02	8.86	13.42	-7.70	0.00	0.00	0.00	0.00
	BGA02	AUA04	7.54	265.72	-0.30	0.00	0.00	0.00	0.00
	AKB02	AUA07	8.32	324.77	-17.30	0.00	0.00	0.00	0.00
	BGA02	AWB08	7.68	101.22	3.40	0.00	0.00	0.00	0.00
	BGA03	BGA01	8.15	272.17	5.45	0.00	0.00	0.00	0.00
	BGA03	BGA04	7.78	25.87	0.80	0.00	0.00	0.00	0.00
	BGA04	AWB08	1.94	277.97	-0.35	0.00	0.00	0.00	0.00
	AOA08	BGA06	10.15	228.77	0.55	0.00	0.00	0.00	0.00
	BGA06	BGA07	5.01	205.52	4.60	0.00	0.00	0.00	0.00
	BGA07	BGA08	7.47	310.37	-11.80	0.00	0.00	0.00	0.00
	BGA08	BGA08a	6.76	29.07	2.10	0.00	0.00	0.00	0.00
	BGA07	BGA09	8.22	249.52	-1.30	0.00	0.00	0.00	0.00
	BGA09	BGA10	11.58	335.92	7.50	0.00	0.00	0.00	0.00
	BGA10	AIC10	3.85	231.52	-4.35	0.00	0.00	0.00	0.00
	BGA10	BGA11	5.51	83.32	-23.00	0.00	0.00	0.00	0.00
	BGA11	BGA08	3.54	155.47	-6.20	0.00	0.00	0.00	0.00
	BGA11	AOA03	1.19	9.77	28.40	0.00	0.00	0.00	0.00
	AOA08	BGA08a	13.00	267.27	1.00	0.00	0.00	0.00	0.00
	BGA09	BGA12	12.78	206.07	0.70	0.00	0.00	0.00	0.00
	BGA12	BGA13	14.16	342.47	2.80	0.00	0.00	0.00	0.00
	BGA13	AIC09	3.63	226.07	1.95	0.00	0.00	0.00	0.00
	BDC10	BHA01	14.10	211.32	4.00	0.00	0.00	0.00	0.00
	BHA01	BHA02	12.63	261.89	-6.25	0.00	0.00	0.00	0.00
	BHA02	BHA03	10.44	22.17	-0.90	0.00	0.00	0.00	0.00
	BHA03	BDC07	1.58	272.92	9.75	0.00	0.00	0.00	0.00
	BHA03	BHA04	7.56	85.83	-7.55	0.00	0.00	0.00	0.00
	BHA04	BDC11	3.03	110.17	22.15	0.00	0.00	0.00	0.00
	BHA02	BHA05	12.24	317.82	-0.15	0.00	0.00	0.00	0.00
	BHA05	BDC04	2.77	111.62	-1.30	0.00	0.00	0.00	0.00
	BDC05	BHA06	5.65	202.92	-10.70	0.00	0.00	0.00	0.00
	BHA05	BHA06	6.65	130.97	-8.55	0.00	0.00	0.00	0.00
	BHA06	BHA07	7.29	251.22	8.50	0.00	0.00	0.00	0.00
	BHA07	BDC01	10.11	346.62	0.15	0.00	0.00	0.00	0.00
	BDC03	BHA08	11.70	219.02	1.25	0.00	0.00	0.00	0.00
	BHA08	BHA09	9.45	82.97	0.15	0.00	0.00	0.00	0.00
	BHA09	BHA07	2.42	307.37	-4.10	0.00	0.00	0.00	0.00
	BHA08	BHA10	9.35	335.67	2.10	0.00	0.00	0.00	0.00
	BHA10	BBD11	4.30	227.74	13.25	0.00	0.00	0.00	0.00
	BHA10	BHA11	7.40	44.17	-4.80	0.00	0.00	0.00	0.00
	BHA11	BDC01	3.97	105.87	1.70	0.00	0.00	0.00	0.00
	BHA10	BHA13	7.27	188.30	-0.10	0.00	0.00	0.00	0.00
	BHA13	BHA12	7.19	173.67	-4.25	0.00	0.00	0.00	0.00
	BHA12	BHA14	4.65	266.22	7.05	0.00	0.00	0.00	0.00
	BHA14	BHA13	8.21	26.44	-0.25	0.00	0.00	0.00	0.00
	BHA12	BHA08	7.14	36.62	1.65	0.00	0.00	0.00	0.00
	BHB05	BHB06	6.17	92.22	-0.80	0.00	0.00	0.00	0.00
	AXA08	BHC01	8.28	79.37	2.30	0.00	0.00	0.00	0.00
	BHC01	BHC02	5.99	349.27	-1.00	0.00	0.00	0.00	0.00
	BHC02	AXA05	8.78	265.37	1.80	0.00	0.00	0.00	0.00
	BHC02	BHC03	9.26	105.07	-0.90	0.00	0.00	0.00	0.00
	BHC03	BHC04	6.42	204.97	-0.60	0.00	0.00	0.00	0.00
	BHC04	BHC05	3.07	177.27	-3.60	0.00	0.00	0.00	0.00
	BHC05	AYA06	3.27	257.37	-5.90	0.00	0.00	0.00	0.00
	BHC05	BHC07	4.24	148.17	-2.00	0.00	0.00	0.00	0.00
	BHC07	BHC06	10.19	20.87	0.30	0.00	0.00	0.00	0.00
	BHC07	BHC08	6.39	85.27	0.30	0.00	0.00	0.00	0.00
	BHC08	BHC09	9.49	33.57	0.10	0.00	0.00	0.00	0.00
	BHC09	BHC06	8.05	280.47	-0.10	0.00	0.00	0.00	0.00
	BHC09	BHC10	7.08	171.37	-10.20	0.00	0.00	0.00	0.00
	BHC10	AYC10	14.82	222.97	3.00	0.00	0.00	0.00	0.00
	BHC08	AYA04	8.65	227.87	-4.70	0.00	0.00	0.00	0.00
	BHC10	BHC11	8.83	226.27	5.50	0.00	0.00	0.00	0.00
	BHC11	BHC12	8.34	100.57	-1.00	0.00	0.00	0.00	0.00
	BHC12	BHC13	9.34	218.47	0.20	0.00	0.00	0.00	0.00
	BHC13	AYC09	3.53	305.07	-2.30	0.00	0.00	0.00	0.00
	BHC13	BHC14	7.36	92.27	-0.70	0.00	0.00	0.00	0.00
	BHC14	BHC15	9.60	248.57	-0.30	0.00	0.00	0.00	0.00
	BHC15	BHC16	6.81	220.07	0.50	0.00	0.00	0.00	0.00
	BHC14	BHC17	6.06	147.07	0.20	0.00	0.00	0.00	0.00
	BHC17	BHC18	4.51	228.77	-2.10	0.00	0.00	0.00	0.00
	BHC18	BHC19	12.16	245.87	1.40	0.00	0.00	0.00	0.00
	BHC19	BHC16	4.75	329.37	-5.80	0.00	0.00	0.00	0.00
	BHC16	BHC20	3.84	49.47	-1.30	0.00	0.00	0.00	0.00
	BHC19	AZD08	5.24	140.37	-3.70	0.00	0.00	0.00	0.00
	BHC19	AYC15	3.65	127.97	11.60	0.00	0.00	0.00	0.00
	BHC14	BHC21	3.12	19.67	8.30	0.00	0.00	0.00	0.00
	BHC21	BHC22	5.38	70.87	-2.60	0.00	0.00	0.00	0.00
	BHC22	BHC23	4.42	166.27	1.80	0.00	0.00	0.00	0.00
	BHC23	BHC24	4.27	122.87	-5.20	0.00	0.00	0.00	0.00
	BHC24	BHC25	9.29	231.67	1.40	0.00	0.00	0.00	0.00
	BHC25	AZD13	3.98	169.17	0.00	0.00	0.00	0.00	0.00
	BHC23	BHC18	10.76	219.67	-2.90	0.00	0.00	0.00	0.00
	BEA07	BHD01	4.40	130.62	-3.30	0.00	0.00	0.00	0.00
	BHD01	BEB09	9.45	68.37	2.10	0.00	0.00	0.00	0.00
	BHD01	BHD02	7.65	225.72	-1.20	0.00	0.00	0.00	0.00
	BHD02	BEA04	13.50	330.87	2.20	0.00	0.00	0.00	0.00
	BEA04	BEA03	7.20	200.57	3.30	0.00	0.00	0.00	0.00
	BEA03	BHD03	2.00	314.87	-29.05	0.00	0.00	0.00	0.00
	BHD03	BHD03a	8.30	138.37	-6.60	0.00	0.00	0.00	0.00
	BHD03	BHD04	3.90	126.77	-5.00	0.00	0.00	0.00	0.00
	BHD03	BHD05	4.30	218.67	6.00	0.00	0.00	0.00	0.00
	BHD04	BHD06	7.20	224.07	3.75	0.00	0.00	0.00	0.00
	BHD06	BHD05	4.25	349.37	4.00	0.00	0.00	0.00	0.00
	BHD06	BHD07	5.35	135.47	1.25	0.00	0.00	0.00	0.00
	BDH007	BHD08	3.45	91.52	11.60	0.00	0.00	0.00	0.00
	BHD08	BHD02	7.15	43.37	-7.50	0.00	0.00	0.00	0.00
	BHD07	BDH009	7.90	213.47	6.30	0.00	0.00	0.00	0.00
	BDH009	BHD10	5.70	334.42	-0.85	0.00	0.00	0.00	0.00
	BHD10	BHD11	5.30	67.27	-8.15	0.00	0.00	0.00	0.00
	BHD11	BHD07	2.20	106.57	-1.30	0.00	0.00	0.00	0.00
	BHD09	BHD12	9.40	328.77	8.45	0.00	0.00	0.00	0.00
	BHD12	BHD05	8.30	34.92	-14.25	0.00	0.00	0.00	0.00
	BHD05	BEA02	3.95	306.87	-6.55	0.00	0.00	0.00	0.00
	BEA02	BHD13	2.35	67.77	-17.50	0.00	0.00	0.00	0.00
	BHD13	BHD14	7.25	233.27	13.20	0.00	0.00	0.00	0.00
	BHD14	BHD15	4.90	136.12	0.25	0.00	0.00	0.00	0.00
	BHD15	BHD05	5.65	36.42	-6.00	0.00	0.00	0.00	0.00
	BHD15	BHD16	10.05	242.17	1.15	0.00	0.00	0.00	0.00
	BHD16	BHD17	4.75	342.67	4.45	0.00	0.00	0.00	0.00
	BHD17	BHD14	7.85	61.57	-4.30	0.00	0.00	0.00	0.00
	BHD09	BHD18	6.15	129.87	4.00	0.00	0.00	0.00	0.00
	BHD18	BHD19	5.30	64.52	-4.15	0.00	0.00	0.00	0.00
	BHD19	BHD20	9.75	318.27	-5.25	0.00	0.00	0.00	0.00
	BHD20	BHD09	6.55	208.92	8.10	0.00	0.00	0.00	0.00
	AQA01	BIA01	6.94	177.57	7.75	0.00	0.00	0.00	0.00
	BIA01	BIA02	11.36	61.97	-4.95	0.00	0.00	0.00	0.00
	BIA02	BIA03	5.83	50.12	6.75	0.00	0.00	0.00	0.00
	BIA03	AZE07	5.88	119.87	5.65	0.00	0.00	0.00	0.00
	BIA02	BIA04	5.41	178.22	1.75	0.00	0.00	0.00	0.00
	BIA04	BHA11	2.37	59.87	-16.00	0.00	0.00	0.00	0.00
	BHA02	BHA09	8.32	276.87	1.60	0.00	0.00	0.00	0.00
	BIA01	BHA10	8.09	120.57	-6.55	0.00	0.00	0.00	0.00
	BHA10	BIA05	14.94	255.84	-0.40	0.00	0.00	0.00	0.00
	BIA05	BIA06	6.15	345.32	-4.10	0.00	0.00	0.00	0.00
	BIA05	AQA05	11.32	342.32	1.65	0.00	0.00	0.00	0.00
	BIA06	BIA07	12.64	62.62	6.30	0.00	0.00	0.00	0.00
	BIA07	BIA01	4.42	207.92	1.20	0.00	0.00	0.00	0.00
	BIA05	BIA08	6.93	136.72	-0.25	0.00	0.00	0.00	0.00
	BIA08	BIA09	5.57	209.82	-2.10	0.00	0.00	0.00	0.00
	BIA09	BHA14	7.60	96.02	2.95	0.00	0.00	0.00	0.00
	BIA08	BHA13	8.76	79.37	1.00	0.00	0.00	0.00	0.00
	BIA06	BIA10	9.48	235.17	6.15	0.00	0.00	0.00	0.00
	BIA05	BIA11	9.85	209.92	-3.85	0.00	0.00	0.00	0.00
	BIA11	BIA12	5.70	211.07	-0.60	0.00	0.00	0.00	0.00
	BIA12	BIA09	10.22	70.67	2.50	0.00	0.00	0.00	0.00
	BIA12	BIA13	6.66	246.47	2.25	0.00	0.00	0.00	0.00
	BIA13	BIA14	4.03	201.02	-5.30	0.00	0.00	0.00	0.00
	BIA14	BIA15	12.63	331.47	-0.65	0.00	0.00	0.00	0.00
	BIA15	BIA10	15.42	52.52	5.65	0.00	0.00	0.00	0.00
	BIA15	BIA15a	7.33	151.77	0.00	0.00	0.00	0.00	0.00
	BIA15a	BIA15b	17.71	229.67	0.00	0.00	0.00	0.00	0.00
	AQA06	BIA16	7.94	257.02	2.25	0.00	0.00	0.00	0.00
	BIA16	BGA09	12.17	271.87	-5.25	0.00	0.00	0.00	0.00
	BIA16	BIA17	6.12	191.47	-11.15	0.00	0.00	0.00	0.00
	BIA17	BGA12	17.32	251.92	1.00	0.00	0.00	0.00	0.00
	BIA17	BIA18	7.98	139.42	3.80	0.00	0.00	0.00	0.00
	BIA18	BIA10	3.61	51.37	12.00	0.00	0.00	0.00	0.00
	ADB10	BIB00a	10.41	265.07	-6.20	0.00	0.00	0.00	0.00
	ADB11	BIB01	6.66	257.67	-11.10	0.00	0.00	0.00	0.00
	BIB01	BIB02	1.53	170.42	10.58	0.00	0.00	0.00	0.00
	BIB02	BIB03	1.86	261.42	2.25	0.00	0.00	0.00	0.00
	BIB03	BIB04	3.83	302.82	11.95	0.00	0.00	0.00	0.00
	BIB04	BIB05	6.70	21.42	-4.90	0.00	0.00	0.00	0.00
	BIB05	BIB06	4.44	97.37	12.00	0.00	0.00	0.00	0.00
	BIB06	BIB07	4.34	68.67	-7.65	0.00	0.00	0.00	0.00
	BIB07	ADB11	5.30	180.22	5.60	0.00	0.00	0.00	0.00
	BHC22	BIC01	4.31	40.77	-2.50	0.00	0.00	0.00	0.00
	BIC01	BIC02	2.18	7.57	7.70	0.00	0.00	0.00	0.00
	BIC02	BIC03	8.44	20.07	-2.70	0.00	0.00	0.00	0.00
	BIC01	BIC04	5.19	110.27	4.00	0.00	0.00	0.00	0.00
	BIC04	BIC05	14.03	45.27	-2.00	0.00	0.00	0.00	0.00
	BIC05	BIC06	2.75	23.27	0.50	0.00	0.00	0.00	0.00
	BIC06	BIC07	8.77	322.57	-0.90	0.00	0.00	0.00	0.00
	BIC07	BIC08	5.88	220.47	-1.00	0.00	0.00	0.00	0.00
	BIC08	BIC09	8.86	271.87	0.40	0.00	0.00	0.00	0.00
	BIC09	BIC10	6.25	199.37	0.80	0.00	0.00	0.00	0.00
	BIC10	BIC11	4.33	244.27	-7.10	0.00	0.00	0.00	0.00
	BIC11	BHC12	6.60	197.57	2.30	0.00	0.00	0.00	0.00
	BIC11	BHC10	4.39	291.67	-6.10	0.00	0.00	0.00	0.00
	BIC10	BIC12	3.44	108.27	-8.00	0.00	0.00	0.00	0.00
	BIC12	BIC02	4.96	161.77	8.90	0.00	0.00	0.00	0.00
	BIC09	BIC13	3.15	63.87	-8.50	0.00	0.00	0.00	0.00
	BIC13	BIC14	6.79	13.27	3.70	0.00	0.00	0.00	0.00
	BIC14	BIC15	9.25	38.37	-1.20	0.00	0.00	0.00	0.00
	BIC15	BIC16	11.77	151.67	0.50	0.00	0.00	0.00	0.00
	BIC16	BIC07	2.83	252.77	0.50	0.00	0.00	0.00	0.00
	BIC09	BIC18	5.58	351.37	-1.00	0.00	0.00	0.00	0.00
	BHC10	BIC17	12.42	32.57	3.70	0.00	0.00	0.00	0.00
	BIC17	BIC18	2.91	61.77	0.20	0.00	0.00	0.00	0.00
	BIC18	BIC19	10.60	23.27	0.60	0.00	0.00	0.00	0.00
	BIC19	BIC15	6.67	91.37	-0.90	0.00	0.00	0.00	0.00
	BCA15	BJA01a	3.79	52.47	1.90	0.00	0.00	0.00	0.00
	BJA01a	BJA01	10.57	211.57	-12.55	0.00	0.00	0.00	0.00
	BJA01	BJA02	4.20	337.77	7.40	0.00	0.00	0.00	0.00
	BJA02	BDC10a	3.93	259.77	14.10	0.00	0.00	0.00	0.00
	BDC10a	BDC10	1.10	350.37	90.00	0.00	0.00	0.00	0.00
	BJA01	BHD17	5.37	135.27	29.70	0.00	0.00	0.00	0.00
	BHD16	BJA03	4.56	246.27	-9.45	0.00	0.00	0.00	0.00
	BJA03	BJA04	6.83	251.42	3.75	0.00	0.00	0.00	0.00
	BJA04	BJA05	9.82	269.67	1.95	0.00	0.00	0.00	0.00
	BJA05	BHA01	4.31	46.42	19.10	0.00	0.00	0.00	0.00
	BJA03	BJA03a	6.93	92.27	-4.30	0.00	0.00	0.00	0.00
	BJA04	BJA04a	8.36	335.47	-2.30	0.00	0.00	0.00	0.00
	BJA05	BJA06	5.99	185.82	3.35	0.00	0.00	0.00	0.00
	BJA06	BJA07	9.23	155.52	-2.55	0.00	0.00	0.00	0.00
	BJA07	BJA08	6.37	47.97	-0.50	0.00	0.00	0.00	0.00
	BJA08	BJA09	7.17	30.03	-0.17	0.00	0.00	0.00	0.00
	BJA08	BJA05	12.94	323.12	0.45	0.00	0.00	0.00	0.00
	BJA09	BJA10	7.04	51.97	0.60	0.00	0.00	0.00	0.00
	BJA10	BJA03	2.19	333.42	-17.35	0.00	0.00	0.00	0.00
	BJA09	BJA11	7.00	145.02	-7.05	0.00	0.00	0.00	0.00
	BJA11	BJA12	8.88	66.67	-0.15	0.00	0.00	0.00	0.00
	BJA12	BJA13	3.62	45.22	5.10	0.00	0.00	0.00	0.00
	BJA13	BJA14	3.10	93.80	7.05	0.00	0.00	0.00	0.00
	BJA14	BJA15	3.27	20.72	5.80	0.00	0.00	0.00	0.00
	BJA15	BHD09	2.28	111.22	-3.45	0.00	0.00	0.00	0.00
	BHD09	BJA16	5.77	144.92	-10.25	0.00	0.00	0.00	0.00
	BJA16	BJA17	9.25	252.57	1.95	0.00	0.00	0.00	0.00
	BJA17	BJA18	7.95	238.22	-4.55	0.00	0.00	0.00	0.00
	BJA17	BJA11	11.62	265.87	-0.20	0.00	0.00	0.00	0.00
	BJA11	BJA18	5.96	126.17	-5.75	0.00	0.00	0.00	0.00
	BJA18	BJA19	8.98	146.67	9.15	0.00	0.00	0.00	0.00
	BJA19	BJA20	4.37	35.82	-4.40	0.00	0.00	0.00	0.00
	BJA20	BJA21	5.15	58.62	3.05	0.00	0.00	0.00	0.00
	BJA21	BJA16	9.14	24.42	-6.65	0.00	0.00	0.00	0.00
	BJA21	BJA22	7.80	335.92	-10.45	0.00	0.00	0.00	0.00
	BJA22	BJA17	2.58	229.52	15.75	0.00	0.00	0.00	0.00
	BJA17	BJA23	4.66	138.57	-8.70	0.00	0.00	0.00	0.00
	BJA23	BJA21	3.11	132.57	28.50	0.00	0.00	0.00	0.00
	BJA19	BJA24	3.89	250.02	-2.25	0.00	0.00	0.00	0.00
	BJA24	BJA25	4.39	209.97	1.05	0.00	0.00	0.00	0.00
	BJA25	BJA26	7.60	252.57	-0.65	0.00	0.00	0.00	0.00
	BJA26	BJA27	6.59	344.12	-2.40	0.00	0.00	0.00	0.00
	BJA27	BJA27a	1.04	350.37	-90.00	0.00	0.00	0.00	0.00
	BJA27a	BJA18a	13.25	55.77	-0.95	0.00	0.00	0.00	0.00
	BJA18a	BJA18	1.48	318.77	4.60	0.00	0.00	0.00	0.00
	BJA27	BJA28	5.46	304.72	3.60	0.00	0.00	0.00	0.00
	BJA28	BJA29	7.15	342.12	4.35	0.00	0.00	0.00	0.00
	BJA29	BJA07	2.70	190.82	-7.90	0.00	0.00	0.00	0.00
	BJA06	BKA01	9.68	252.78	-4.15	0.00	0.00	0.00	0.00
	BKA01	BKA02	8.89	334.28	0.80	0.00	0.00	0.00	0.00
	BKA02	BHA02	4.37	67.08	3.10	0.00	0.00	0.00	0.00
	BHA02	BHA09	8.32	278.23	1.60	0.00	0.00	0.00	0.00
	BHA09	BKA02	4.93	121.88	-4.35	0.00	0.00	0.00	0.00
	BKA02	BKA03	9.40	211.68	0.55	0.00	0.00	0.00	0.00
	BKA03	BHA08	12.74	316.83	1.25	0.00	0.00	0.00	0.00
	BKA03	BKA04	4.81	248.63	4.55	0.00	0.00	0.00	0.00
	BKA04	BKA05	9.48	146.43	-2.40	0.00	0.00	0.00	0.00
	BKA05	BKA06	3.65	108.33	-2.30	0.00	0.00	0.00	0.00
	BKA06	BKA01	11.78	22.78	-0.10	0.00	0.00	0.00	0.00
	BKA06	BKA08	12.99	265.38	-2.70	0.00	0.00	0.00	0.00
	BKA08	BKA07	11.47	6.40	10.80	0.00	0.00	0.00	0.00
	BKA07	BKA03	7.98	84.28	-9.85	0.00	0.00	0.00	0.00
	BKA07	BKA07a	1.97	350.38	-90.00	0.00	0.00	0.00	0.00
	BKA07a	BKA09	9.99	268.53	-1.35	0.00	0.00	0.00	0.00
	BKA09	BKA10	11.11	154.93	3.15	0.00	0.00	0.00	0.00
	BKA10	BKA10a	7.11	43.68	-9.40	0.00	0.00	0.00	0.00
	BKA09	BKA11	3.12	114.23	12.45	0.00	0.00	0.00	0.00
	BKA11	BKA12	6.14	42.98	0.85	0.00	0.00	0.00	0.00
	BKA12	BHA12	2.79	301.08	-1.25	0.00	0.00	0.00	0.00
	AZC08	BKB01	4.55	200.78	-3.60	0.00	0.00	0.00	0.00
	BKB01	BBC07	6.12	265.73	-0.05	0.00	0.00	0.00	0.00
	BKB01	BDB02	4.15	219.75	5.00	0.00	0.00	0.00	0.00
	BKB01	BKB02	7.82	102.53	6.15	0.00	0.00	0.00	0.00
	BKB02	BKB02a	10.03	210.48	-2.30	0.00	0.00	0.00	0.00
	BKB02	BKB03	4.34	126.68	-6.35	0.00	0.00	0.00	0.00
	BKB03	BKB04	7.55	51.68	-2.85	0.00	0.00	0.00	0.00
	BKB04	BKB05	5.39	309.13	-0.40	0.00	0.00	0.00	0.00
	BKB05	BKB02	7.62	220.53	6.50	0.00	0.00	0.00	0.00
	BKA09	BKC01	6.53	7.13	7.70	0.00	0.00	0.00	0.00
	BKC01	BHA12	4.03	113.83	-12.00	0.00	0.00	0.00	0.00
	BKC01	BIA09	8.56	265.28	0.50	0.00	0.00	0.00	0.00
	BIA09	BKC02	7.90	158.68	8.00	0.00	0.00	0.00	0.00
	BKC02	BKA09	5.59	68.03	-21.25	0.00	0.00	0.00	0.00
	BKC02	BKC03	9.73	259.88	-6.80	0.00	0.00	0.00	0.00
	BKC03	BKC04	6.46	329.58	-12.25	0.00	0.00	0.00	0.00
	BKC04	BIA12	1.00	88.03	79.10	0.00	0.00	0.00	0.00
	BKC03	BKC05	9.30	242.43	-5.50	0.00	0.00	0.00	0.00
	BKC05	BKC06	4.50	350.33	6.50	0.00	0.00	0.00	0.00
	BKC06	BIA14	2.15	232.63	-3.50	0.00	0.00	0.00	0.00
	AUC04	BKD01	6.91	344.38	-0.35	0.00	0.00	0.00	0.00
	AUC04	BKD02	6.57	115.98	-15.30	0.00	0.00	0.00	0.00
	BKD02	BKD03	4.78	91.58	9.65	0.00	0.00	0.00	0.00
	BKD03	AUC05	7.48	14.98	-2.20	0.00	0.00	0.00	0.00
	BJA07	BLA01	6.27	247.08	-4.35	0.00	0.00	0.00	0.00
	BLA01	BKA01	10.58	318.33	0.00	0.00	0.00	0.00	0.00
	BLA01	BLA04	8.90	210.18	8.90	0.00	0.00	0.00	0.00
	BLA04	BLA03	5.78	274.28	-12.65	0.00	0.00	0.00	0.00
	BLA03	BLA02	3.55	238.88	0.00	0.00	0.00	0.00	0.00
	BLA02	BKA06	6.25	14.48	-0.90	0.00	0.00	0.00	0.00
	BLA03	BLA06	10.10	151.03	-3.30	0.00	0.00	0.00	0.00
	BLA06	BLA04	8.49	4.93	12.50	0.00	0.00	0.00	0.00
	BLA06	BLA05	3.82	326.78	9.65	0.00	0.00	0.00	0.00
	BLA05	BLA07	7.76	129.18	-1.95	0.00	0.00	0.00	0.00
	BLA07	BLA08	5.25	169.03	1.50	0.00	0.00	0.00	0.00
	BLA08	BLA09	10.41	226.38	-5.55	0.00	0.00	0.00	0.00
	BLA09	BLA10	4.32	286.48	27.25	0.00	0.00	0.00	0.00
	BLA10	BLA11	6.40	345.33	-3.70	0.00	0.00	0.00	0.00
	BLA11	BLA12	4.87	72.78	-15.55	0.00	0.00	0.00	0.00
	BLA12	BLA07	8.43	64.43	3.85	0.00	0.00	0.00	0.00
	BLA05	BLA12	8.72	190.88	-5.95	0.00	0.00	0.00	0.00
	BLA11	BLA13	6.72	321.98	6.15	0.00	0.00	0.00	0.00
	BLA13	BLA02	9.34	25.38	-7.50	0.00	0.00	0.00	0.00
	BLA13	BLA14	2.94	19.78	-27.35	0.00	0.00	0.00	0.00
	BLA14	BLA06	11.40	94.33	-2.45	0.00	0.00	0.00	0.00
	BLA08	BLA15	7.82	93.23	0.75	0.00	0.00	0.00	0.00
	BLA15	BLA16	4.93	26.58	-0.35	0.00	0.00	0.00	0.00
	BLA16	BLA17	4.44	65.03	15.35	0.00	0.00	0.00	0.00
	BJA27	BJA27b	1.35	189.48	-51.30	0.00	0.00	0.00	0.00
	BJA27b	BLA06a	17.17	237.78	-2.20	0.00	0.00	0.00	0.00
	BLA06a	BLA06	3.72	253.58	18.60	0.00	0.00	0.00	0.00
	BLA19	BLA22	5.81	7.78	8.00	0.00	0.00	0.00	0.00
	BLA22	BKA08	2.74	238.38	-4.40	0.00	0.00	0.00	0.00
	BLA17	BJA26	6.04	11.58	-11.15	0.00	0.00	0.00	0.00
	BJA28	BJA28a	1.51	209.28	-86.20	0.00	0.00	0.00	0.00
	BJA28a	BJA28b	9.69	224.68	3.50	0.00	0.00	0.00	0.00
	BLA13	BLA18	6.41	316.03	-11.10	0.00	0.00	0.00	0.00
	BLA18	BLA02	9.23	66.38	-0.30	0.00	0.00	0.00	0.00
	BLA18	BLA19	4.70	343.93	-17.30	0.00	0.00	0.00	0.00
	BLA19	BKA10	7.72	311.13	10.00	0.00	0.00	0.00	0.00
	BLA19	BLA20	6.40	264.68	21.55	0.00	0.00	0.00	0.00
	BLA20	BLA21	4.76	6.68	-10.80	0.00	0.00	0.00	0.00
	BLA21	BKA10	0.94	336.08	-4.20	0.00	0.00	0.00	0.00
	BLA21	BKA08	3.77	87.58	-11.20	0.00	0.00	0.00	0.00
	BIC18	BLB01	6.21	354.43	-3.35	0.00	0.00	0.00	0.00
	BLB01	BLB02	8.23	252.73	3.30	0.00	0.00	0.00	0.00
	BLB02	BLB03	9.46	214.58	1.10	0.00	0.00	0.00	0.00
	BLB03	BHC09	3.54	103.43	2.40	0.00	0.00	0.00	0.00
	BLB02	BLB05	2.07	89.43	-0.65	0.00	0.00	0.00	0.00
	BLB05	BLB04	7.54	2.83	3.75	0.00	0.00	0.00	0.00
	BLB04	BHC03	19.56	233.28	-0.20	0.00	0.00	0.00	0.00
	BLB04	BLB06	7.75	107.93	-7.20	0.00	0.00	0.00	0.00
	BLB06	BIC19	2.81	72.33	10.30	0.00	0.00	0.00	0.00
	BHC03	BLB07	5.83	12.03	-7.60	0.00	0.00	0.00	0.00
	BLB07	BLB08	5.88	303.28	6.60	0.00	0.00	0.00	0.00
	BLB08	BLB09	7.46	197.58	3.80	0.00	0.00	0.00	0.00
	BLB09	BHC03	6.00	106.28	-4.70	0.00	0.00	0.00	0.00
	BLB08	BLB10	5.80	335.93	0.50	0.00	0.00	0.00	0.00
	BLB10	BLB11	13.89	222.08	1.05	0.00	0.00	0.00	0.00
	BLB11	AXA05	3.56	236.48	1.05	0.00	0.00	0.00	0.00
	BIA15	BMA03	5.71	142.93	0.60	0.00	0.00	0.00	0.00
	BMA03	BIA14	7.03	158.53	1.00	0.00	0.00	0.00	0.00
	BIA14	BMA01	7.07	227.33	-0.20	0.00	0.00	0.00	0.00
	BMA01	BMA02	4.88	303.08	-5.80	0.00	0.00	0.00	0.00
	BMA02	BMA03	11.02	36.98	2.00	0.00	0.00	0.00	0.00
	BMA01	BMA04	4.47	173.33	-3.00	0.00	0.00	0.00	0.00
	BMA04	BMA05	13.20	90.68	0.50	0.00	0.00	0.00	0.00
	BMA04	BMA06	10.22	145.48	2.80	0.00	0.00	0.00	0.00
	BMA06	BMA07	10.69	43.18	7.70	0.00	0.00	0.00	0.00
	BMA07	BMA05	2.02	27.83	-76.00	0.00	0.00	0.00	0.00
	BIA14	BMA07	12.86	140.93	8.30	0.00	0.00	0.00	0.00
	BMA07	BMA08	8.88	154.48	-9.90	0.00	0.00	0.00	0.00
	BMA08	BMA09	6.62	237.83	-5.75	0.00	0.00	0.00	0.00
	BMA09	BMA06	6.52	303.73	6.80	0.00	0.00	0.00	0.00
	BMA06	BMA10	10.45	132.73	3.15	0.00	0.00	0.00	0.00
	BMA10	BMA11	9.07	201.58	5.90	0.00	0.00	0.00	0.00
	BMA11	BMA12	9.61	216.98	-7.25	0.00	0.00	0.00	0.00
	BMA12	BMA13	9.93	315.58	-3.95	0.00	0.00	0.00	0.00
	BMA13	BMA14	7.96	29.98	0.65	0.00	0.00	0.00	0.00
	BMA14	BMA15	2.70	358.18	0.85	0.00	0.00	0.00	0.00
	BMA15	BMA15a	10.31	142.18	-3.60	0.00	0.00	0.00	0.00
	BMA15	BMA09	10.09	73.53	-2.30	0.00	0.00	0.00	0.00
	BIA15	BMA16	6.18	225.33	-0.05	0.00	0.00	0.00	0.00
	BMA16	BMA17	9.72	303.88	0.55	0.00	0.00	0.00	0.00
	BMA17	BGA12	6.58	0.83	3.85	0.00	0.00	0.00	0.00
	BMA17	BMA18	11.60	292.13	10.55	0.00	0.00	0.00	0.00
	BMA18	BGA12	11.30	75.93	-8.10	0.00	0.00	0.00	0.00
	BMA18	ANB08	7.25	89.13	-12.25	0.00	0.00	0.00	0.00
	ANB08	BMA19	10.84	207.58	-0.65	0.00	0.00	0.00	0.00
	BJA21	BMB01	5.02	150.03	-10.92	0.00	0.00	0.00	0.00
	BMB01	BJA20	7.12	281.88	5.95	0.00	0.00	0.00	0.00
	BMB01	BMB02	7.42	120.03	2.35	0.00	0.00	0.00	0.00
	BMB02	BMB03	16.53	235.23	-0.05	0.00	0.00	0.00	0.00
	BMB03	BJA24	11.33	328.73	3.65	0.00	0.00	0.00	0.00
	BMB03	BMB04	8.41	247.28	-4.45	0.00	0.00	0.00	0.00
	BMB04	BJA26	10.06	311.58	8.00	0.00	0.00	0.00	0.00
	BMB01	BMB06	13.41	59.23	1.05	0.00	0.00	0.00	0.00
	BMB05	BMB06	3.52	295.18	-9.40	0.00	0.00	0.00	0.00
	BMB05	BMB02	12.54	223.78	-2.75	0.00	0.00	0.00	0.00
	BMB05	BMB05a	9.79	140.48	0.00	0.00	0.00	0.00	0.00
	BMB05	BMB07	12.20	317.38	-2.70	0.00	0.00	0.00	0.00
	BMB07	BHD19	1.76	44.68	29.95	0.00	0.00	0.00	0.00
	BMB02	BMB08	2.83	198.13	13.65	0.00	0.00	0.00	0.00
	BMB08	BMB09	8.15	132.38	-2.95	0.00	0.00	0.00	0.00
	AUC04	BNA01	5.99	191.43	-23.35	0.00	0.00	0.00	0.00
	BNA01	BNA02	11.80	247.63	12.15	0.00	0.00	0.00	0.00
	BNA02	BNA03	8.88	274.68	-2.75	0.00	0.00	0.00	0.00
	BNA03	BNA04	7.65	210.68	-16.55	0.00	0.00	0.00	0.00
	BNA04	BNA04a	7.35	327.28	2.60	0.00	0.00	0.00	0.00
	BNA04	BNA04b	11.84	227.38	1.60	0.00	0.00	0.00	0.00
	BNA04	BNA04c	6.33	131.28	2.40	0.00	0.00	0.00	0.00
	BNA02	BNA05	14.55	124.98	-5.20	0.00	0.00	0.00	0.00
	BNA05	BNA06	7.52	86.33	3.55	0.00	0.00	0.00	0.00
	BNA06	BNA07	7.63	325.93	-6.80	0.00	0.00	0.00	0.00
	BNA07	BKD02	8.84	15.53	0.55	0.00	0.00	0.00	0.00
	BNA06	AUC06	19.11	27.58	-1.45	0.00	0.00	0.00	0.00
	BNA06	BNA08	4.92	94.78	-11.45	0.00	0.00	0.00	0.00
	BNA08	BNA09	14.70	214.48	0.50	0.00	0.00	0.00	0.00
	BNA09	BNA05	12.70	342.08	2.45	0.00	0.00	0.00	0.00
	BNA09	BNA10	12.40	125.12	2.80	0.00	0.00	0.00	0.00
	BNA10	BNA11	14.42	222.03	-6.20	0.00	0.00	0.00	0.00
	BNA11	BNA12	9.90	153.23	10.35	0.00	0.00	0.00	0.00
	BNA12	BNA13	10.40	29.33	-4.00	0.00	0.00	0.00	0.00
	BNA13	BNA10	10.25	1.13	2.45	0.00	0.00	0.00	0.00
	BNA13	BNA14	13.33	85.13	-1.80	0.00	0.00	0.00	0.00
	BNA14	BNA15	16.96	335.53	-2.85	0.00	0.00	0.00	0.00
	AOB11	BNB01	8.20	202.18	-19.50	0.00	0.00	0.00	0.00
	ABA08	BHB01	4.05	92.78	0.45	0.00	0.00	0.00	0.00
	BHB01	BHB03	7.90	29.48	-3.20	0.00	0.00	0.00	0.00
	BHB03	BNB02	1.85	146.23	0.05	0.00	0.00	0.00	0.00
	BNB02	BHB04	1.10	50.78	-23.00	0.00	0.00	0.00	0.00
	BHB04	BHB05	6.90	139.18	4.50	0.00	0.00	0.00	0.00
	BHB05	BNB03	3.65	279.63	2.25	0.00	0.00	0.00	0.00
	BNB03	ABA12	3.30	246.33	2.65	0.00	0.00	0.00	0.00
	BHB05	BHB08	5.00	3.43	-4.55	0.00	0.00	0.00	0.00
	BHB08	BHB04	4.90	273.88	-3.10	0.00	0.00	0.00	0.00
	BKC02	BNC01	5.05	251.03	-7.15	0.00	0.00	0.00	0.00
	BNC01	BNC02	6.59	165.63	-2.10	0.00	0.00	0.00	0.00
	BNC02	BNC03	11.42	230.43	-2.45	0.00	0.00	0.00	0.00
	BNC03	BMA07	3.34	358.28	28.60	0.00	0.00	0.00	0.00
	BNC02	BNC04	14.08	149.28	4.60	0.00	0.00	0.00	0.00
	BNC04	BNC05	10.28	220.38	-8.90	0.00	0.00	0.00	0.00
	BNC05	BNC06	9.76	252.63	1.15	0.00	0.00	0.00	0.00
	BNC06	BMA10	3.64	6.58	9.15	0.00	0.00	0.00	0.00
	BNC06	BMA11	5.85	211.78	14.70	0.00	0.00	0.00	0.00
	BNC06	BNC07	8.15	139.13	10.15	0.00	0.00	0.00	0.00
	BNC07	BNC08	10.20	51.65	-8.40	0.00	0.00	0.00	0.00
	BNC08	BNC09	9.04	33.65	6.40	0.00	0.00	0.00	0.00
	BNC09	BNC04	3.86	324.53	8.35	0.00	0.00	0.00	0.00
	BNC04	BLA20	8.22	39.68	-3.75	0.00	0.00	0.00	0.00
	BNC09	BNC10	7.79	121.98	-5.30	0.00	0.00	0.00	0.00
	BNC10	BLA18	10.24	20.88	-0.75	0.00	0.00	0.00	0.00
	BNC10	BLA14	11.66	50.53	-1.40	0.00	0.00	0.00	0.00
	BNC10	BNC11	3.67	187.63	-5.70	0.00	0.00	0.00	0.00
	BNC11	BNC12	6.38	129.38	9.20	0.00	0.00	0.00	0.00
	BNC12	BLA11	10.68	47.23	-2.20	0.00	0.00	0.00	0.00
	BNC12	BNC13	5.84	162.33	-10.25	0.00	0.00	0.00	0.00
	BNC13	BNC14	12.13	274.58	-0.25	0.00	0.00	0.00	0.00
	BNC14	BNC15	4.86	299.88	1.30	0.00	0.00	0.00	0.00
	BNC15	BNC08	6.36	348.33	-0.75	0.00	0.00	0.00	0.00
	BNC15	BNC16	7.84	224.43	4.15	0.00	0.00	0.00	0.00
	BNC16	BNC17	8.25	291.23	4.40	0.00	0.00	0.00	0.00
	BNC17	BNC07	4.56	54.38	3.35	0.00	0.00	0.00	0.00
	BNC17	BNC18	5.26	169.08	2.50	0.00	0.00	0.00	0.00
	BNC18	BNC19	11.79	256.53	-6.80	0.00	0.00	0.00	0.00
	BNC19	BMA12	4.08	4.73	3.75	0.00	0.00	0.00	0.00
	BNC19	BNC20	7.87	120.58	7.25	0.00	0.00	0.00	0.00
	BNC20	BNC21	3.52	108.73	-10.48	0.00	0.00	0.00	0.00
	BNC21	BNC18	8.04	9.63	7.90	0.00	0.00	0.00	0.00
	BKC02	BOA01	2.29	103.93	-30.10	0.00	0.00	0.00	0.00
	BOA01	BNC02	8.98	213.83	1.25	0.00	0.00	0.00	0.00
	BOA01	BOA02	7.22	186.25	-5.97	0.00	0.00	0.00	0.00
	BOA02	BNC02	4.29	264.78	12.60	0.00	0.00	0.00	0.00
	BNC02	BOA03	4.64	162.68	-15.10	0.00	0.00	0.00	0.00
	BOA03	BMA08	10.21	218.53	4.70	0.00	0.00	0.00	0.00
	BNC02	BOA04	9.99	140.43	-2.40	0.00	0.00	0.00	0.00
	BOA04	BOA05	5.51	60.28	-0.20	0.00	0.00	0.00	0.00
	BOA05	BLA20	1.98	122.08	30.15	0.00	0.00	0.00	0.00
	BOA04	BNC09	8.17	157.28	5.80	0.00	0.00	0.00	0.00
	BNC09	BOA06	10.17	79.08	-5.15	0.00	0.00	0.00	0.00
	BOA06	BLA18	3.52	6.18	0.75	0.00	0.00	0.00	0.00
	BOA04	BOA07	10.28	224.13	-1.00	0.00	0.00	0.00	0.00
	BOA07	BMA08	5.07	303.08	1.80	0.00	0.00	0.00	0.00
	BOA07	BOA08	7.65	240.83	4.15	0.00	0.00	0.00	0.00
	BOA08	BNC06	4.17	196.73	-4.80	0.00	0.00	0.00	0.00
	BNC06	BMA11	5.82	211.98	14.35	0.00	0.00	0.00	0.00
	BMA11	BMA12	9.60	216.98	-7.60	0.00	0.00	0.00	0.00
	BNC04	BNC05	10.45	219.68	-8.65	0.00	0.00	0.00	0.00
	BNC05	BNC08	4.79	123.93	0.25	0.00	0.00	0.00	0.00
	BNC08	BOA09	2.41	331.13	-2.55	0.00	0.00	0.00	0.00
	BOA09	BNC10	12.64	84.23	2.00	0.00	0.00	0.00	0.00
	BNC04	BOA04	4.66	348.08	-17.70	0.00	0.00	0.00	0.00
	BNC15	BOA11	2.10	148.28	-5.25	0.00	0.00	0.00	0.00
	BOA11	BOA10	12.03	39.98	-3.67	0.00	0.00	0.00	0.00
	BOA10	BNC11	1.94	145.53	25.85	0.00	0.00	0.00	0.00
	AUC02	BOB05	10.95	113.68	2.90	0.00	0.00	0.00	0.00
	AUC02	BOB04	4.60	131.48	-8.00	0.00	0.00	0.00	0.00
	BOB04	BOB03	15.04	182.08	-1.90	0.00	0.00	0.00	0.00
	BOB03	BOB02	6.41	265.78	-0.10	0.00	0.00	0.00	0.00
	BOB02	BOB01	7.77	166.63	7.00	0.00	0.00	0.00	0.00
	BOB01	BNA15	11.20	235.33	-5.15	0.00	0.00	0.00	0.00
	BOB06	BOB05	9.17	212.18	-3.30	0.00	0.00	0.00	0.00
	BOB06	BOB07	4.00	2.38	-2.15	0.00	0.00	0.00	0.00
	BOB07	AUC01	5.28	235.28	-4.80	0.00	0.00	0.00	0.00
	BOB08	BOB02	8.35	125.88	-5.40	0.00	0.00	0.00	0.00
	BOB08	AUC02	17.27	37.03	1.28	0.00	0.00	0.00	0.00
	BNA14	BPA01	14.55	41.33	-0.85	0.00	0.00	0.00	0.00
	BPA01	BPA02	8.21	351.93	-4.25	0.00	0.00	0.00	0.00
	BPA02	BNA15	15.85	256.53	0.15	0.00	0.00	0.00	0.00
	BPA01	BPA01a	8.48	309.68	-5.20	0.00	0.00	0.00	0.00
	BPA03	BPA02	9.98	117.65	-5.70	0.00	0.00	0.00	0.00
	BPA02	BPA04	4.57	11.93	-0.20	0.00	0.00	0.00	0.00
	BPA04	BPA05	7.47	135.13	5.95	0.00	0.00	0.00	0.00
	BPA05	BPA01	8.51	215.28	-4.20	0.00	0.00	0.00	0.00
	BPA04	BPA06	2.05	20.13	2.70	0.00	0.00	0.00	0.00
	BPA06	BPA03	10.83	260.98	4.75	0.00	0.00	0.00	0.00
	BPA05	BPA07	8.62	22.48	-5.45	0.00	0.00	0.00	0.00
	BPA07	BPA08	8.03	128.28	0.65	0.00	0.00	0.00	0.00
	BPA08	BPA08a	15.37	35.88	1.80	0.00	0.00	0.00	0.00
	BPA05	BPA06	8.45	329.03	-3.00	0.00	0.00	0.00	0.00
	BPA08	BPA09	6.84	244.28	4.35	0.00	0.00	0.00	0.00
	BPA09	BPA10	5.12	205.63	1.50	0.00	0.00	0.00	0.00
	BPA10	BPA05	4.52	343.78	5.70	0.00	0.00	0.00	0.00
	BMB08	BMB09	8.13	132.13	-2.80	0.00	0.00	0.00	0.00
	BMB08	BMB02	2.90	18.08	-16.00	0.00	0.00	0.00	0.00
	BMB02	BMB05	12.50	42.43	2.75	0.00	0.00	0.00	0.00
	BMB05	BQA01	1.44	194.58	0.90	0.00	0.00	0.00	0.00
	BQA01	BQA01a	15.77	56.58	-0.80	0.00	0.00	0.00	0.00
	BMB05	BMB07	12.17	315.91	-3.05	0.00	0.00	0.00	0.00
	BMB07	BQA02	12.80	43.63	0.10	0.00	0.00	0.00	0.00
	BQA02	BHD02	6.98	317.13	-1.45	0.00	0.00	0.00	0.00
	BQA02	BQA03	4.86	173.78	-1.00	0.00	0.00	0.00	0.00
	BQA02	BQA04	9.19	278.88	4.65	0.00	0.00	0.00	0.00
	BQA04	BHD20	5.72	245.36	-7.65	0.00	0.00	0.00	0.00
	BQA03	BQA05	5.97	51.74	7.86	0.00	0.00	0.00	0.00
	BQA05	BQA06	1.67	349.22	-30.47	0.00	0.00	0.00	0.00
	BQA06	BQA02	5.06	268.38	-0.85	0.00	0.00	0.00	0.00
	BHD01	BHD01a	0.50	350.38	-90.00	0.00	0.00	0.00	0.00
	BHD01a	BQA05a	13.86	158.38	2.00	0.00	0.00	0.00	0.00
	BQA05a	BQA05	1.30	338.38	30.00	0.00	0.00	0.00	0.00
	BHD01	BHD02	7.50	226.43	-1.65	0.00	0.00	0.00	0.00
	BHD01	BEB09	9.35	68.58	1.75	0.00	0.00	0.00	0.00
	BEB09	BQA07	2.37	145.48	-1.55	0.00	0.00	0.00	0.00
	BQA07	BQA02	16.15	221.88	-1.00	0.00	0.00	0.00	0.00
	BIC15	BQB01	6.81	46.12	2.83	0.00	0.00	0.00	0.00
	BQB01	BQB01a	13.79	284.48	2.10	0.00	0.00	0.00	0.00
	BQB01	BQB02	4.66	49.98	-2.30	0.00	0.00	0.00	0.00
	BQB02	BQB03	6.68	34.08	-0.75	0.00	0.00	0.00	0.00
	BQB03	BQB03a	9.76	275.68	-4.00	0.00	0.00	0.00	0.00
	BQB03	BQB04	5.48	56.33	-0.45	0.00	0.00	0.00	0.00
	BIC15	BQB05	4.05	176.88	-6.35	0.00	0.00	0.00	0.00
	BQB05	BQB07	9.48	93.33	0.30	0.00	0.00	0.00	0.00
	BQB07	BQB06	2.70	279.38	4.60	0.00	0.00	0.00	0.00
	BQB06	BIC16	6.60	195.68	3.00	0.00	0.00	0.00	0.00
	BQB06	BQB08	9.00	45.93	4.50	0.00	0.00	0.00	0.00
	BQB08	BQB09	9.16	325.18	-1.65	0.00	0.00	0.00	0.00
	BQB09	BQB02	1.78	170.32	-3.17	0.00	0.00	0.00	0.00
	BQB04	BQB10	9.14	44.63	-0.20	0.00	0.00	0.00	0.00
	BQB10	BQB11	4.40	143.28	1.10	0.00	0.00	0.00	0.00
	BQB11	BQB11a	18.00	30.98	-2.40	0.00	0.00	0.00	0.00
	BQB11	BQB12	6.49	159.93	1.90	0.00	0.00	0.00	0.00
	BQB12	BQB13	13.89	206.98	-1.10	0.00	0.00	0.00	0.00
	BQB13	BQB14	4.47	299.18	5.40	0.00	0.00	0.00	0.00
	BQB14	BQB08	4.51	262.23	3.95	0.00	0.00	0.00	0.00
	BQB13	BQB15	2.08	332.78	20.38	0.00	0.00	0.00	0.00
	BQB15	BQB16	11.46	208.48	-1.60	0.00	0.00	0.00	0.00
	BQB16	BQB17	11.48	265.88	0.80	0.00	0.00	0.00	0.00
	BQB17	BIC16	2.09	138.03	0.15	0.00	0.00	0.00	0.00
	BQB15	BQB18	6.72	99.58	-2.90	0.00	0.00	0.00	0.00
	BQB18	BQB19	4.58	112.28	-9.25	0.00	0.00	0.00	0.00
	BQB19	BQB20	5.91	247.03	7.85	0.00	0.00	0.00	0.00
	BQB18	BQB18a	18.73	40.98	-2.40	0.00	0.00	0.00	0.00
	BQB20	BQB20a	5.86	216.18	0.10	0.00	0.00	0.00	0.00
	BQB19	BQB21	7.43	96.18	-2.60	0.00	0.00	0.00	0.00
	BQB21	BQB22	13.17	33.28	-1.00	0.00	0.00	0.00	0.00
	BQB22	BQB23	7.71	107.88	8.10	0.00	0.00	0.00	0.00
	BQB23	BQB24	5.45	35.68	-2.70	0.00	0.00	0.00	0.00
	BQB24	BQB25	12.99	38.18	-6.30	0.00	0.00	0.00	0.00
	BQB23	BQB23a	15.17	223.08	-1.20	0.00	0.00	0.00	0.00
	BQB23	BQB23b	7.66	162.08	-8.80	0.00	0.00	0.00	0.00
	BQB21	BQB21a	11.36	190.38	3.90	0.00	0.00	0.00	0.00
	AXC01	AXC02	5.00	267.93	-5.05	0.00	0.00	0.00	0.00
	AXC02	AXC03	6.85	155.43	4.75	0.00	0.00	0.00	0.00
	AXC02	AXC04	5.05	187.88	5.20	0.00	0.00	0.00	0.00
	AXC04	AXC05	5.17	252.48	-3.25	0.00	0.00	0.00	0.00
	AXC05	AXC06	4.93	310.93	-1.55	0.00	0.00	0.00	0.00
	AXC06	BQC01	3.63	9.38	-6.90	0.00	0.00	0.00	0.00
	BQC01	AXC02	8.79	91.93	2.40	0.00	0.00	0.00	0.00
	BQC01	BQC02	3.76	30.78	6.40	0.00	0.00	0.00	0.00
	BQC02	BQC03	4.00	303.03	-0.15	0.00	0.00	0.00	0.00
	BQC03	BQC04	3.59	298.38	-8.30	0.00	0.00	0.00	0.00
	BQC04	BQC05	4.04	192.23	0.25	0.00	0.00	0.00	0.00
	BQC05	BQC06	3.55	111.58	4.30	0.00	0.00	0.00	0.00
	BQC06	BQC01	2.77	128.73	-2.50	0.00	0.00	0.00	0.00
	BQC06	AXC06	5.60	163.78	2.95	0.00	0.00	0.00	0.00
	BQC02	BQC07	3.57	73.83	-9.70	0.00	0.00	0.00	0.00
	BQC07	BQC08	3.69	161.58	3.60	0.00	0.00	0.00	0.00
	AXC02	BQC08	2.43	291.28	-6.80	0.00	0.00	0.00	0.00
	BQC07	BQC09	3.82	92.73	2.65	0.00	0.00	0.00	0.00
	BQC09	AXC01	6.26	131.28	7.95	0.00	0.00	0.00	0.00
	BQC10	BQC11	8.97	20.53	-4.75	0.00	0.00	0.00	0.00
	BQC11	BQC12	6.43	307.33	2.15	0.00	0.00	0.00	0.00
	BQC12	AUA03	0.00	350.38	0.00	0.00	0.00	0.00	0.00
	BQC12	BQC13	2.39	307.78	4.70	0.00	0.00	0.00	0.00
	BQC13	BQC13a	23.51	280.08	-1.70	0.00	0.00	0.00	0.00
	BQC12	BQC11a	11.60	54.08	1.90	0.00	0.00	0.00	0.00
	BQC12	AUA02	14.45	204.08	0.05	0.00	0.00	0.00	0.00
	AUA04	BQC10	5.06	0.68	5.05	0.00	0.00	0.00	0.00
	BHB06	BQD01	9.93	98.23	-1.75	0.00	0.00	0.00	0.00
	BQD01	BQD02	7.36	233.08	0.85	0.00	0.00	0.00	0.00
	BQD02	ACA04	2.73	101.43	-4.70	0.00	0.00	0.00	0.00
	BQD01	BQD03	5.62	75.03	0.85	0.00	0.00	0.00	0.00
	BQD03	BQD04	7.61	204.63	-2.25	0.00	0.00	0.00	0.00
	BQD04	ACA06	6.67	168.78	1.75	0.00	0.00	0.00	0.00
	BQD03	BQD05	7.14	98.48	-3.00	0.00	0.00	0.00	0.00
	BQD05	BQD05a	14.31	82.28	1.50	0.00	0.00	0.00	0.00
	AWB05	BQD06	5.11	33.88	8.65	0.00	0.00	0.00	0.00
	BQD06	BQD07	6.94	109.33	-5.95	0.00	0.00	0.00	0.00
	BQD07	BQD08	6.84	237.48	1.20	0.00	0.00	0.00	0.00
	BQD08	AWB05	3.88	295.58	-1.80	0.00	0.00	0.00	0.00
	BNA12	BRA01	14.36	230.83	-10.05	0.00	0.00	0.00	0.00
	BRA01	BRA02	8.42	347.58	14.25	0.00	0.00	0.00	0.00
	BRA02	BRA03	10.34	307.08	1.55	0.00	0.00	0.00	0.00
	BRA03	BRA04	10.02	331.88	2.07	0.00	0.00	0.00	0.00
	BRA04	BRA05	8.50	4.33	-11.50	0.00	0.00	0.00	0.00
	BRA05	BRA06	10.49	58.13	6.85	0.00	0.00	0.00	0.00
	BRA06	BRA07	3.74	60.73	15.15	0.00	0.00	0.00	0.00
	BRA07	BNA05	9.59	24.98	-6.60	0.00	0.00	0.00	0.00
	BRA01	BRA08	9.95	115.53	16.55	0.00	0.00	0.00	0.00
	BRA08	BRA09	7.82	60.58	-13.01	0.00	0.00	0.00	0.00
	BRA09	BRA10	9.57	24.13	-3.90	0.00	0.00	0.00	0.00
	BRA10	BRA12	9.52	251.68	-0.55	0.00	0.00	0.00	0.00
	BRA09	BRA12	7.63	321.28	-5.58	0.00	0.00	0.00	0.00
	BRA10	BRA11	9.00	80.93	9.30	0.00	0.00	0.00	0.00
	BRA11	BNA13	14.53	305.38	-0.20	0.00	0.00	0.00	0.00
	BRA12	BRA13	7.14	335.53	8.50	0.00	0.00	0.00	0.00
	BRA13	BNA12	4.85	126.33	13.80	0.00	0.00	0.00	0.00
	BNC13	BRB01	9.69	230.68	1.80	0.00	0.00	0.00	0.00
	BRB01	BNC15	13.11	318.38	-1.40	0.00	0.00	0.00	0.00
	BRB01	BRB02	11.74	204.98	0.70	0.00	0.00	0.00	0.00
	BRB02	BRB03	16.91	336.78	-0.30	0.00	0.00	0.00	0.00
	BRB03	BNC16	2.53	253.18	4.80	0.00	0.00	0.00	0.00
	BRB02	BRB04	8.88	246.58	-0.50	0.00	0.00	0.00	0.00
	BRB04	BRB05	18.96	235.38	0.30	0.00	0.00	0.00	0.00
	BRB05	BRB06	6.47	349.58	-1.20	0.00	0.00	0.00	0.00
	BRB06	BNC20	14.65	15.58	2.30	0.00	0.00	0.00	0.00
	BNC20	BRB07	5.25	77.18	-11.30	0.00	0.00	0.00	0.00
	BRB07	BRB08	9.60	151.68	2.30	0.00	0.00	0.00	0.00
	BRB08	BRB04	3.57	120.68	0.70	0.00	0.00	0.00	0.00
	BRB05	BRB09	12.53	212.38	-1.50	0.00	0.00	0.00	0.00
	BRB09	BRB10	18.80	318.28	-0.60	0.00	0.00	0.00	0.00
	BRB10	BRB11	14.00	55.68	-2.20	0.00	0.00	0.00	0.00
	BRB11	BRB06	7.79	122.48	6.20	0.00	0.00	0.00	0.00
	BRB10	BRB12	4.64	206.58	-2.80	0.00	0.00	0.00	0.00
	BRB12	BRB13	4.36	244.38	-2.00	0.00	0.00	0.00	0.00
	BRB12	BRB14	14.47	187.98	1.30	0.00	0.00	0.00	0.00
	BRB14	BRB15	13.11	156.08	-1.70	0.00	0.00	0.00	0.00
	BRB16	BRB17	7.93	76.88	-3.00	0.00	0.00	0.00	0.00
	BRB14	BRB16	5.37	132.58	-4.20	0.00	0.00	0.00	0.00
	BRB17	BRB18	6.70	160.98	2.90	0.00	0.00	0.00	0.00
	BRB18	BRB15	9.33	247.78	0.10	0.00	0.00	0.00	0.00
	BRB18	BRB19	10.38	29.78	0.20	0.00	0.00	0.00	0.00
	BRB19	BRB20	5.81	301.08	11.60	0.00	0.00	0.00	0.00
	BRB20	BRB09	3.14	60.38	-20.80	0.00	0.00	0.00	0.00
	BNA11	BSB01	3.29	234.78	38.20	0.00	0.00	0.00	0.00
	BSB01	BSB02	9.20	240.03	-11.25	0.00	0.00	0.00	0.00
	BSB01	BSB03	6.78	307.18	-17.05	0.00	0.00	0.00	0.00
	BSB03	BSB04	1.54	289.58	25.60	0.00	0.00	0.00	0.00
	BSB04	BSB05	11.69	40.28	-2.15	0.00	0.00	0.00	0.00
	BSB05	BSB06	5.10	38.28	17.30	0.00	0.00	0.00	0.00
	BSB06	BNA09	3.36	303.53	-14.55	0.00	0.00	0.00	0.00
	BSB02	BRA02	4.05	156.68	16.70	0.00	0.00	0.00	0.00
	BSB03	BRA03	10.96	237.88	8.80	0.00	0.00	0.00	0.00
	BRA04	BSB07	24.03	221.73	4.55	0.00	0.00	0.00	0.00
	BSB07	BSB08	11.80	338.43	-5.75	0.00	0.00	0.00	0.00
	BSB08	BSB09	11.69	292.18	5.65	0.00	0.00	0.00	0.00
	BSB09	BSB10	16.89	323.08	15.75	0.00	0.00	0.00	0.00
	BSB10	BSB10a	8.90	25.98	32.40	0.00	0.00	0.00	0.00
	BSB09	BSB11	15.55	68.13	-10.15	0.00	0.00	0.00	0.00
	BSB11	BSB11a	11.20	83.98	-4.60	0.00	0.00	0.00	0.00
	BSB11	BSB12	10.88	26.48	-0.40	0.00	0.00	0.00	0.00
	BSB12	BSB13	9.46	352.68	1.70	0.00	0.00	0.00	0.00
	BSB13	BNA04	7.08	47.53	-7.40	0.00	0.00	0.00	0.00
	BSB13	BSB14	5.41	271.33	22.55	0.00	0.00	0.00	0.00
	BSB14	BSB15	10.20	346.28	3.50	0.00	0.00	0.00	0.00
	BSB15	BSB16	15.48	252.73	15.05	0.00	0.00	0.00	0.00
	BSB16	BSB16a	5.42	170.58	18.60	0.00	0.00	0.00	0.00
	BMB04	BTA01	4.90	169.48	6.70	0.00	0.00	0.00	0.00
	BTA01	BTA01a	6.64	56.88	-0.60	0.00	0.00	0.00	0.00
	BTA01	BTA02	10.27	135.38	2.65	0.00	0.00	0.00	0.00
	BTA02	BTA03	7.46	41.58	0.95	0.00	0.00	0.00	0.00
	BTA03	BTA04	7.09	64.28	0.45	0.00	0.00	0.00	0.00
	BTA04	BTA04a	6.49	311.18	0.20	0.00	0.00	0.00	0.00
	BTA04	BTA05	9.51	34.23	-0.10	0.00	0.00	0.00	0.00
	BTA05	BMB09	2.04	103.78	-7.05	0.00	0.00	0.00	0.00
	BMB04	BTA06	10.97	239.43	6.45	0.00	0.00	0.00	0.00
	BTA06	BLA16	5.52	325.13	2.05	0.00	0.00	0.00	0.00
	BTA06	BTB01	9.64	207.48	0.20	0.00	0.00	0.00	0.00
	BTA06	BTA07	8.46	164.73	0.10	0.00	0.00	0.00	0.00
	BTA07	BTA08	5.49	23.58	-6.25	0.00	0.00	0.00	0.00
	BTA08	BTA01	7.22	55.18	-0.20	0.00	0.00	0.00	0.00
	BLA08	BTB01	12.44	136.38	-0.50	0.00	0.00	0.00	0.00
	BTB01	BTB02	16.52	238.73	1.30	0.00	0.00	0.00	0.00
	BTB02	BLA10	13.20	332.33	3.15	0.00	0.00	0.00	0.00
	BLA10	BNC13	10.14	230.43	-5.15	0.00	0.00	0.00	0.00
	BTB01	BTB03	4.51	187.63	2.90	0.00	0.00	0.00	0.00
	BTB03	BTB04	5.10	241.43	-16.30	0.00	0.00	0.00	0.00
	BTB04	BTB05	2.94	237.38	13.85	0.00	0.00	0.00	0.00
	BTB05	BTB02	6.72	268.13	6.80	0.00	0.00	0.00	0.00
	BTB02	BTB06	4.97	129.53	3.40	0.00	0.00	0.00	0.00
	BTB06	BTB07	9.09	83.18	-12.75	0.00	0.00	0.00	0.00
	BTB07	BTB04	5.41	318.13	1.90	0.00	0.00	0.00	0.00
	BRB01	BTC01	20.10	152.63	-0.35	0.00	0.00	0.00	0.00
	BTC01	BTC02	8.07	18.28	-0.75	0.00	0.00	0.00	0.00
	BTC02	BTC03	6.38	54.53	0.80	0.00	0.00	0.00	0.00
	BTC03	BTC04	10.05	334.38	-1.85	0.00	0.00	0.00	0.00
	BTC03	BTB02	8.43	29.13	0.50	0.00	0.00	0.00	0.00
	BTC04	BNC13	6.36	305.93	1.60	0.00	0.00	0.00	0.00
	BTC04	BTC05	11.33	263.53	-0.90	0.00	0.00	0.00	0.00
	BTC05	BNC13	7.78	50.68	2.55	0.00	0.00	0.00	0.00
	BTC01	BTC06	5.01	119.88	-4.20	0.00	0.00	0.00	0.00
	BRB05	BTD01	10.90	130.48	-3.45	0.00	0.00	0.00	0.00
	BTD01	BTD01a	8.90	230.28	-0.70	0.00	0.00	0.00	0.00
	BTD01	BTD02	5.29	171.73	0.30	0.00	0.00	0.00	0.00
	BTD02	BTD03	15.83	214.08	4.00	0.00	0.00	0.00	0.00
	BTD03	BRB19	11.20	335.23	-4.40	0.00	0.00	0.00	0.00
	BRB18	BRB18a	15.38	40.58	-0.90	0.00	0.00	0.00	0.00
	BTD03	BTD04	7.27	237.38	-8.05	0.00	0.00	0.00	0.00
	BTD04	BRB18	6.39	328.58	-0.35	0.00	0.00	0.00	0.00
	BTD04	BTD05	7.50	136.53	0.60	0.00	0.00	0.00	0.00
	BTD05	BTD06	4.54	17.28	7.80	0.00	0.00	0.00	0.00
	BTD06	BTD07	4.91	65.93	-7.20	0.00	0.00	0.00	0.00
	BTD07	BTD03	5.54	302.53	10.85	0.00	0.00	0.00	0.00
	BTD06	BTD08	9.23	157.23	-11.45	0.00	0.00	0.00	0.00
	BTC01	BUA01	7.72	287.98	-0.25	0.00	0.00	0.00	0.00
	BUA01	BRB02	8.23	305.63	2.35	0.00	0.00	0.00	0.00
	BUA01	BUA02	12.79	219.63	3.55	0.00	0.00	0.00	0.00
	BUA02	BRB04	12.82	329.03	-2.30	0.00	0.00	0.00	0.00
	BUA02	BUA03	5.09	333.68	-12.00	0.00	0.00	0.00	0.00
	BUA02	BTD02	18.17	227.03	-3.85	0.00	0.00	0.00	0.00
	BTD02	BTD01	5.25	352.68	-0.30	0.00	0.00	0.00	0.00
	BTD01	BUA03	16.47	45.38	0.15	0.00	0.00	0.00	0.00
	BTD02	BUA04	8.08	130.33	0.55	0.00	0.00	0.00	0.00
	BUA04	BUA04a	6.98	38.18	-14.60	0.00	0.00	0.00	0.00
	BUA04	BUA04b	6.83	241.68	-4.20	0.00	0.00	0.00	0.00
	BUA04	BUA05	11.31	156.03	0.50	0.00	0.00	0.00	0.00
	BUA05	BUA06	17.28	37.83	6.30	0.00	0.00	0.00	0.00
	BUA06	BUA07	5.43	345.83	-17.70	0.00	0.00	0.00	0.00
	BUA06	BUA08	14.69	17.63	-2.60	0.00	0.00	0.00	0.00
	BUA08	BUA09	7.03	341.83	-8.30	0.00	0.00	0.00	0.00
	BUA09	BUA01	4.54	325.73	-0.40	0.00	0.00	0.00	0.00
	BUA08	BTC06	9.18	51.58	-9.25	0.00	0.00	0.00	0.00
	BUA09	BTC01	4.99	74.28	-0.85	0.00	0.00	0.00	0.00
	BUA06	BUA10	7.91	72.78	-7.00	0.00	0.00	0.00	0.00
	BUA07	BUA11	7.60	313.08	-9.60	0.00	0.00	0.00	0.00
	BUA11	BUA12	3.58	340.88	21.55	0.00	0.00	0.00	0.00
	BUA12	BUA02	1.52	346.73	29.20	0.00	0.00	0.00	0.00
	BUA12	BUA13	1.38	93.28	-59.25	0.00	0.00	0.00	0.00
	BUA13	BUA14	8.57	68.98	-4.20	0.00	0.00	0.00	0.00
	BUA14	BUA09	5.09	19.68	21.55	0.00	0.00	0.00	0.00
	BUA06	BUA15	11.04	42.78	-20.40	0.00	0.00	0.00	0.00
	BUA15	BUA16	3.73	63.98	7.90	0.00	0.00	0.00	0.00
	BUA16	BUA08	8.06	307.48	19.95	0.00	0.00	0.00	0.00
	BTA02	BUB01	5.01	175.09	-1.99	0.00	0.00	0.00	0.00
	BUB01	BUB02	5.19	118.82	-0.03	0.00	0.00	0.00	0.00
	BUB02	BUB03	5.16	55.12	-1.01	0.00	0.00	0.00	0.00
	BUB03	BUB04	6.00	125.12	6.02	0.00	0.00	0.00	0.00
	BUB03	BUB06	9.84	56.58	0.59	0.00	0.00	0.00	0.00
	BUB04	BUB05	5.72	49.44	-6.32	0.00	0.00	0.00	0.00
	BUB07	BTA03	10.07	277.60	0.71	0.00	0.00	0.00	0.00
	BUB05	BUB06	5.18	348.60	1.50	0.00	0.00	0.00	0.00
	BUB06	BUB07	4.22	325.19	1.45	0.00	0.00	0.00	0.00
	BUB06	BUB08	3.90	39.70	2.79	0.00	0.00	0.00	0.00
	BUB08	BUB09	3.49	122.55	-7.88	0.00	0.00	0.00	0.00
	BUB09	BUB10	4.04	67.76	-7.20	0.00	0.00	0.00	0.00
	BUB08	BUB11	6.57	66.54	1.48	0.00	0.00	0.00	0.00
	BUB10	BUB11	3.15	347.93	22.90	0.00	0.00	0.00	0.00
	BUB10	BUB10a	13.00	326.18	0.60	0.00	0.00	0.00	0.00
	BUB10	BUB10b	21.90	93.08	1.70	0.00	0.00	0.00	0.00
	BUB10	BUB14	1.40	82.18	8.60	0.00	0.00	0.00	0.00
	BUB14	BUB12	7.28	156.55	5.90	0.00	0.00	0.00	0.00
	BUB12	BUB13	7.20	244.21	-0.60	0.00	0.00	0.00	0.00
	BUB13	BUB05	6.22	284.11	-1.71	0.00	0.00	0.00	0.00
	BUB12	BUB15	9.87	94.62	3.36	0.00	0.00	0.00	0.00
	BUB15	BUB16	5.16	245.86	-6.01	0.00	0.00	0.00	0.00
	BUB16	BUB17	8.42	227.49	4.89	0.00	0.00	0.00	0.00
	BUB17	BUB18	4.80	271.13	-1.76	0.00	0.00	0.00	0.00
	BUB18	BUB05	9.53	316.20	-5.18	0.00	0.00	0.00	0.00
	BUB18	BUB19	8.42	273.84	-9.87	0.00	0.00	0.00	0.00
	BUB19	BUB20	8.40	238.98	3.57	0.00	0.00	0.00	0.00
	BUB20	BUB21	7.54	10.66	4.92	0.00	0.00	0.00	0.00
	BUB21	BUB04	3.18	98.23	-0.40	0.00	0.00	0.00	0.00
	BUB20	BUB22	7.92	314.74	-3.69	0.00	0.00	0.00	0.00
	BUB22	BUB02	2.00	29.94	15.13	0.00	0.00	0.00	0.00
	BUB20	BUB23	7.43	158.50	5.91	0.00	0.00	0.00	0.00
	BUB23	BUB24	13.49	62.82	-3.01	0.00	0.00	0.00	0.00
	BUB24	BUB18	4.60	9.73	10.90	0.00	0.00	0.00	0.00
	BUB20	BUB25	13.43	272.61	0.44	0.00	0.00	0.00	0.00
	BUB25	BUB26	3.99	291.76	-3.36	0.00	0.00	0.00	0.00
	BUB26	BUB01	11.00	46.37	0.98	0.00	0.00	0.00	0.00
	BUB26	BUB27	8.57	321.51	1.92	0.00	0.00	0.00	0.00
	BUB27	BUB28	11.66	63.15	0.36	0.00	0.00	0.00	0.00
	BUB28	BTA02	2.76	78.42	-1.82	0.00	0.00	0.00	0.00
	BUB27	BUB29	4.09	13.58	-11.92	0.00	0.00	0.00	0.00
	BUB29	BTA07	3.56	272.82	17.31	0.00	0.00	0.00	0.00
	BUB29	BTB03a	11.63	246.37	0.26	0.00	0.00	0.00	0.00
	BTB03a	BTB03	1.11	120.93	83.68	0.00	0.00	0.00	0.00
	BTB03	BUB30	7.51	124.01	-4.76	0.00	0.00	0.00	0.00
	BUB30	BUB27	6.02	35.18	1.20	0.00	0.00	0.00	0.00
	BUB30	BTB07	7.41	251.90	-6.96	0.00	0.00	0.00	0.00
	BUB30	BUB31	6.98	163.68	-0.54	0.00	0.00	0.00	0.00
	BUB31	BUB26	8.43	53.83	-1.16	0.00	0.00	0.00	0.00
	BUB31	BUB32	10.34	105.97	4.57	0.00	0.00	0.00	0.00
	BUB32	BUB33	3.14	193.26	-9.64	0.00	0.00	0.00	0.00
	BUB33	BUB34	5.06	198.43	-3.81	0.00	0.00	0.00	0.00
	BUB34	BUB35	10.09	340.10	0.01	0.00	0.00	0.00	0.00
	BUB35	BUB31	4.37	285.26	-0.31	0.00	0.00	0.00	0.00
	BUB35	BUB36	7.81	212.11	1.00	0.00	0.00	0.00	0.00
	BUB36	BUB37	8.40	257.04	-1.71	0.00	0.00	0.00	0.00
	BUB36	BUB39	7.01	168.23	-1.59	0.00	0.00	0.00	0.00
	BUB37	BUB38	8.52	163.31	-0.09	0.00	0.00	0.00	0.00
	BUB38	BUB39	7.81	66.61	0.46	0.00	0.00	0.00	0.00
	BUB39	BUB34	7.49	56.62	0.10	0.00	0.00	0.00	0.00
	BUB33	BUB23	17.53	84.70	1.34	0.00	0.00	0.00	0.00
	BUB36	BUB40	9.00	309.92	-0.02	0.00	0.00	0.00	0.00
	BUB40	BTB07	6.78	343.53	-8.60	0.00	0.00	0.00	0.00
	BUB40	BUB41	8.07	251.62	-1.50	0.00	0.00	0.00	0.00
	BUB41	BTB06	8.68	339.00	7.40	0.00	0.00	0.00	0.00
	BUB41	BUB42	9.46	207.99	1.57	0.00	0.00	0.00	0.00
	BUB42	BUB43	3.61	108.92	-2.61	0.00	0.00	0.00	0.00
	BUB43	BUB37	8.57	58.99	-1.07	0.00	0.00	0.00	0.00
	BUB37	BUB41	8.10	308.34	-0.02	0.00	0.00	0.00	0.00
	BRB13	BVA01	4.05	13.08	7.30	0.00	0.00	0.00	0.00
	BRB13	BVA02	9.45	205.78	-0.85	0.00	0.00	0.00	0.00
	BVA02	BRB14	7.13	123.58	5.75	0.00	0.00	0.00	0.00
	BVA02	BVA03	10.35	329.68	0.85	0.00	0.00	0.00	0.00
	BVA03	BVA01	10.68	70.78	2.35	0.00	0.00	0.00	0.00
	BVA03	BVA04	8.09	305.03	-0.05	0.00	0.00	0.00	0.00
	BVA04	BVA05	8.74	339.43	6.90	0.00	0.00	0.00	0.00
	BVA05	BVA06	3.96	329.43	-20.25	0.00	0.00	0.00	0.00
	BVA06	BVA07	4.70	313.78	15.75	0.00	0.00	0.00	0.00
	BVA07	BVA08	7.70	21.78	-6.35	0.00	0.00	0.00	0.00
	BVA08	BVA09	6.57	348.28	-0.45	0.00	0.00	0.00	0.00
	BVA09	BVA10	13.38	245.28	1.50	0.00	0.00	0.00	0.00
	BVA10	BNA14	11.19	289.93	2.00	0.00	0.00	0.00	0.00
	BVA07	BVA07a	1.71	78.98	-87.60	0.00	0.00	0.00	0.00
	BVA07a	BVA11	9.63	317.58	-0.80	0.00	0.00	0.00	0.00
	BVA11	BVA10	4.45	280.53	16.75	0.00	0.00	0.00	0.00
	BRA01	BRA08	9.92	115.68	16.25	0.00	0.00	0.00	0.00
	BRA08	BVA12	18.46	240.13	-2.35	0.00	0.00	0.00	0.00
	BVA12	BVA13	10.10	347.18	-4.00	0.00	0.00	0.00	0.00
	BVA13	BVA13a	1.27	165.58	-86.30	0.00	0.00	0.00	0.00
	BVA13a	BVA14	9.09	75.28	3.35	0.00	0.00	0.00	0.00
	BVA14	BRA01	1.63	35.88	-29.20	0.00	0.00	0.00	0.00
	BVA13	BVA15	6.66	316.83	-11.60	0.00	0.00	0.00	0.00
	BVA15	BVA16	8.93	79.23	9.30	0.00	0.00	0.00	0.00
	BVA16	BRA02	6.41	37.88	6.10	0.00	0.00	0.00	0.00
	BVA15	BVA17	2.71	3.58	44.30	0.00	0.00	0.00	0.00
	BVA17	BVA18	4.76	287.78	-0.75	0.00	0.00	0.00	0.00
	BVA18	BRA03	12.95	40.58	2.55	0.00	0.00	0.00	0.00
	BVA12	BVA19	8.83	237.53	2.05	0.00	0.00	0.00	0.00
	BVA12	BVA20	15.89	307.73	2.00	0.00	0.00	0.00	0.00
	BVA20	BVA15	8.16	49.38	-19.05	0.00	0.00	0.00	0.00
	BVA19	BVA20	15.28	339.53	1.25	0.00	0.00	0.00	0.00
	BVA20	BSB07	13.52	310.43	7.35	0.00	0.00	0.00	0.00
	BRB15	BVB01	7.18	168.13	12.50	0.00	0.00	0.00	0.00
	BVB01	BTD04	11.77	64.21	-7.60	0.00	0.00	0.00	0.00
	BVB01	BVB02	7.99	102.93	-3.70	0.00	0.00	0.00	0.00
	BVB02	BTD05	8.53	78.63	-6.75	0.00	0.00	0.00	0.00
	BVB02	BVB03	22.63	167.05	0.60	0.00	0.00	0.00	0.00
	BVB03	BVB04	24.11	112.38	2.15	0.00	0.00	0.00	0.00
	BVB04	BVB05	6.88	167.41	-19.00	0.00	0.00	0.00	0.00
	BVB04	BVB06	25.50	239.33	-6.30	0.00	0.00	0.00	0.00
	BVB06	BVB05	24.13	73.93	1.70	0.00	0.00	0.00	0.00
	BVB06	BVB07	22.56	336.88	6.85	0.00	0.00	0.00	0.00
	BVB07	BVB03	7.80	82.63	-5.95	0.00	0.00	0.00	0.00
	BUB15	BVC01	8.68	76.00	-2.53	0.00	0.00	0.00	0.00
	BVC01	BVC02	8.08	88.80	-1.34	0.00	0.00	0.00	0.00
	BVC02	BVC03	7.58	341.27	-4.12	0.00	0.00	0.00	0.00
	BVC03	BVC04	5.82	250.39	5.92	0.00	0.00	0.00	0.00
	BVC04	BUB15	11.68	228.64	1.99	0.00	0.00	0.00	0.00
	BVC02	BVC05	4.82	121.82	0.83	0.00	0.00	0.00	0.00
	BVC05	BVC06	4.75	163.27	-4.28	0.00	0.00	0.00	0.00
	BVC06	BVC07	9.46	233.66	-0.74	0.00	0.00	0.00	0.00
	BVC07	BVC08	14.39	332.47	-1.73	0.00	0.00	0.00	0.00
	BVC08	BVC01	1.16	111.94	57.17	0.00	0.00	0.00	0.00
	BVC07	BVC09	6.51	223.50	2.22	0.00	0.00	0.00	0.00
	BVC09	BVC10	5.55	253.95	-4.82	0.00	0.00	0.00	0.00
	BVC10	BVC11	8.54	335.05	2.30	0.00	0.00	0.00	0.00
	BVC10	BVC10a	8.56	139.18	-3.60	0.00	0.00	0.00	0.00
	BVC11	BUB16	8.87	319.62	1.07	0.00	0.00	0.00	0.00
	BVC03	BVC12	9.58	33.62	12.19	0.00	0.00	0.00	0.00
	BVC12	BVC13	8.74	64.01	-7.85	0.00	0.00	0.00	0.00
	BVC13	BVC14	13.53	68.80	1.16	0.00	0.00	0.00	0.00
	BVC14	BVC15	6.54	148.84	0.43	0.00	0.00	0.00	0.00
	BVC15	BVC16	7.93	209.80	-4.20	0.00	0.00	0.00	0.00
	BVC14	BVC14a	3.12	303.78	-17.30	0.00	0.00	0.00	0.00
	BVC14	BVC14b	13.40	93.88	-2.20	0.00	0.00	0.00	0.00
	BVC16	BVC17	8.12	164.19	4.91	0.00	0.00	0.00	0.00
	BVC17	BVC18	4.07	233.22	-3.03	0.00	0.00	0.00	0.00
	BVC16	BVC16a	6.48	257.38	-2.50	0.00	0.00	0.00	0.00
	BVC18	BVC19	8.18	257.69	-2.94	0.00	0.00	0.00	0.00
	BVC18	BVC18a	12.12	322.98	-5.60	0.00	0.00	0.00	0.00
	BVC19	BVC20	4.77	193.41	-2.12	0.00	0.00	0.00	0.00
	BVC19	BVC19a	4.06	344.23	-5.15	0.00	0.00	0.00	0.00
	BVC20	BVC06	7.74	255.68	-2.25	0.00	0.00	0.00	0.00
	BVC07	BVC21	12.41	77.99	0.77	0.00	0.00	0.00	0.00
	BVC21	BVC22	6.48	162.35	0.32	0.00	0.00	0.00	0.00
	BVC22	BVC23	10.58	238.30	-1.45	0.00	0.00	0.00	0.00
	BVC22	BVC22a	8.34	45.58	-0.10	0.00	0.00	0.00	0.00
	BVC23	BVC07	10.09	330.20	0.24	0.00	0.00	0.00	0.00
	BVC23	BVC24	6.90	329.00	1.50	0.00	0.00	0.00	0.00
	BVC24	BVC22	12.62	92.28	0.47	0.00	0.00	0.00	0.00
	BVC22	BVC25	11.70	136.38	0.90	0.00	0.00	0.00	0.00
	BVC25	BVC26	10.68	257.31	-2.75	0.00	0.00	0.00	0.00
	BVC26	BVC26a	7.49	37.83	-5.77	0.00	0.00	0.00	0.00
	BVC26	BVC27	5.24	293.25	0.86	0.00	0.00	0.00	0.00
	BVC27	BVC28	5.95	349.72	0.17	0.00	0.00	0.00	0.00
	BVC28	BVC23	2.87	199.43	-1.65	0.00	0.00	0.00	0.00
	BVC26a	BVC26b	13.79	84.47	-1.02	0.00	0.00	0.00	0.00
	BVC02	BVC02a	12.16	54.88	0.40	0.00	0.00	0.00	0.00
	BVC13	BVC13a	11.47	321.08	-11.70	0.00	0.00	0.00	0.00
	BVC13	BVC13b	10.54	148.88	-5.10	0.00	0.00	0.00	0.00
	BVC03	BVC03a	17.29	320.78	0.10	0.00	0.00	0.00	0.00
	BTA03	BTA03a	4.08	121.30	-5.20	0.00	0.00	0.00	0.00
	BTA03a	BUB02	11.64	197.81	0.20	0.00	0.00	0.00	0.00
	BTA04	BTA04c	1.48	219.43	-1.80	0.00	0.00	0.00	0.00
	BTA04c	BTA04b	13.22	326.78	-0.30	0.00	0.00	0.00	0.00
	BTA04b	BMB03	4.97	223.18	-5.15	0.00	0.00	0.00	0.00
	BMB03	BMB03a	8.68	138.18	1.10	0.00	0.00	0.00	0.00
	BLA08	BVD01	7.14	145.88	-1.20	0.00	0.00	0.00	0.00
	BVD01	BVD02	11.15	70.03	-4.70	0.00	0.00	0.00	0.00
	BVD02	BTB01	8.83	220.33	6.05	0.00	0.00	0.00	0.00
	BTB01	BVD01	5.63	303.08	-0.65	0.00	0.00	0.00	0.00
	BTB01	BTB02	16.50	238.28	1.25	0.00	0.00	0.00	0.00
	BTB02	BLA11	19.56	336.48	1.10	0.00	0.00	0.00	0.00
	BTB01	BTB03	4.47	188.48	3.25	0.00	0.00	0.00	0.00
	BTB03	BTB04	5.09	241.43	-16.00	0.00	0.00	0.00	0.00
	BTB04	BVD03	5.52	338.23	7.90	0.00	0.00	0.00	0.00
	BVD03	BTB01	7.08	76.08	2.95	0.00	0.00	0.00	0.00
	BTB04	BTB05	2.95	236.38	13.40	0.00	0.00	0.00	0.00
	BTB05	BTB02	6.75	268.18	6.60	0.00	0.00	0.00	0.00
	BTB02	BTB06	4.94	128.18	3.45	0.00	0.00	0.00	0.00
	BTB06	BTB07	9.01	83.53	-13.10	0.00	0.00	0.00	0.00
	BTB07	BUB40	6.74	163.73	9.20	0.00	0.00	0.00	0.00
	BTB06	BUD04	10.60	224.78	-13.80	0.00	0.00	0.00	0.00
	BUD04	BTC03	3.80	345.88	33.30	0.00	0.00	0.00	0.00
	BTB07	BTB04	5.50	318.78	2.05	0.00	0.00	0.00	0.00
	BUB37	BUB38	8.47	163.03	0.00	0.00	0.00	0.00	0.00
	BUB38	BWA01	7.96	231.18	0.25	0.00	0.00	0.00	0.00
	BWA01	BUB43	9.47	337.53	0.75	0.00	0.00	0.00	0.00
	BUB43	BWA02	8.96	213.58	-0.75	0.00	0.00	0.00	0.00
	BWA02	BWA03	8.09	318.53	11.70	0.00	0.00	0.00	0.00
	BWA03	BWA03a	8.69	322.98	-14.40	0.00	0.00	0.00	0.00
	BWA03	BTC06	3.69	284.68	-19.00	0.00	0.00	0.00	0.00
	BWA03	BUB42	7.33	69.03	-10.15	0.00	0.00	0.00	0.00
	BWA02	BWA04	11.76	236.13	2.70	0.00	0.00	0.00	0.00
	BWA04	BUA16	3.47	359.03	-22.55	0.00	0.00	0.00	0.00
	BWA04	BUA10	5.01	220.23	11.55	0.00	0.00	0.00	0.00
	BWA04	BWA06	7.68	126.48	-6.05	0.00	0.00	0.00	0.00
	BWA06	BWA05	7.50	27.83	0.65	0.00	0.00	0.00	0.00
	BWA05	BWA02	4.43	1.98	1.45	0.00	0.00	0.00	0.00
	BWA06	BWA07	3.17	196.08	2.85	0.00	0.00	0.00	0.00
	BWA07	BWA08	12.31	71.03	0.50	0.00	0.00	0.00	0.00
	BWA05	BWA08	9.05	126.38	1.20	0.00	0.00	0.00	0.00
	BWA05	BWA09	11.47	63.18	0.05	0.00	0.00	0.00	0.00
	BWA09	BWA01	2.65	215.88	4.20	0.00	0.00	0.00	0.00
	BWA01	BUB38	7.95	51.23	0.20	0.00	0.00	0.00	0.00
	BUB42	BWA10	10.94	337.03	-6.10	0.00	0.00	0.00	0.00
	BWA10	BVD04	1.98	239.18	-13.10	0.00	0.00	0.00	0.00
	BWA10	BTC03	3.63	308.18	27.95	0.00	0.00	0.00	0.00
	BUB23	BWB01	3.31	248.68	-10.65	0.00	0.00	0.00	0.00
	BWB01	BWB02	10.68	191.13	-1.40	0.00	0.00	0.00	0.00
	BWB02	BWB03	13.68	75.28	1.20	0.00	0.00	0.00	0.00
	BWB03	BWB04	8.64	336.33	-4.45	0.00	0.00	0.00	0.00
	BWB04	BWB01	7.83	262.48	4.60	0.00	0.00	0.00	0.00
	BWB02	BWB05	2.34	141.03	7.50	0.00	0.00	0.00	0.00
	BWB05	BWB06	7.37	122.98	-2.90	0.00	0.00	0.00	0.00
	BWB06	BWB07	4.39	137.68	4.95	0.00	0.00	0.00	0.00
	BWB07	BWB08	9.26	44.73	-2.70	0.00	0.00	0.00	0.00
	BWB08	BWB09	7.01	54.18	2.10	0.00	0.00	0.00	0.00
	BWB09	BWB03	9.91	282.38	1.85	0.00	0.00	0.00	0.00
	BWB04	BWB10	15.43	81.03	1.40	0.00	0.00	0.00	0.00
	BWB10	BUB18	11.14	322.08	4.00	0.00	0.00	0.00	0.00
	BWB10	BWB11	4.80	296.78	1.95	0.00	0.00	0.00	0.00
	BWB11	BWB11a	15.20	68.28	-1.80	0.00	0.00	0.00	0.00
	BVB02	B3	5.51	163.98	9.15	0.00	0.00	0.00	0.00
	BVB01	BVB02	7.78	102.93	-4.00	0.00	0.00	0.00	0.00
	BVB02	BVB03	22.67	167.28	0.55	0.00	0.00	0.00	0.00
	BVB02	BXA01	15.25	223.53	2.70	0.00	0.00	0.00	0.00
	BXA01	BXA02	12.38	290.52	-10.43	0.00	0.00	0.00	0.00
	BXA02	BXA03	8.21	246.33	4.55	0.00	0.00	0.00	0.00
	BXA03	BXA04	8.13	243.58	-0.50	0.00	0.00	0.00	0.00
	BXA04	BXA05	7.18	262.43	-2.75	0.00	0.00	0.00	0.00
	BXA05	BXA06	6.63	349.93	-6.55	0.00	0.00	0.00	0.00
	BXA06	BXA07	3.33	99.18	2.15	0.00	0.00	0.00	0.00
	BXA07	BXA04	7.06	136.33	8.35	0.00	0.00	0.00	0.00
	BXA06	BXA08	12.68	214.68	2.50	0.00	0.00	0.00	0.00
	BXA08	BXA05	9.16	64.73	1.55	0.00	0.00	0.00	0.00
	BXA08	BXA09	11.68	288.53	2.15	0.00	0.00	0.00	0.00
	BXA09	BXA10	8.19	208.13	0.85	0.00	0.00	0.00	0.00
	BXA08	BXA16	11.67	314.73	-0.50	0.00	0.00	0.00	0.00
	BXA10	BXA11	8.07	251.03	-2.40	0.00	0.00	0.00	0.00
	BXA11	BVA19	60.67	328.98	1.77	0.00	0.00	0.00	0.00
	BXA11	BXA12	6.88	317.33	2.90	0.00	0.00	0.00	0.00
	BXA12	BXA13	10.48	75.58	-0.45	0.00	0.00	0.00	0.00
	BXA13	BXA14	5.95	107.58	-1.35	0.00	0.00	0.00	0.00
	BXA14	BXA09	4.08	0.48	1.50	0.00	0.00	0.00	0.00
	BXA09	BXA15	4.09	335.23	-13.15	0.00	0.00	0.00	0.00
	BXA15	BXA13	7.14	215.73	8.75	0.00	0.00	0.00	0.00
	BXA15	BXA15a	17.19	65.88	1.10	0.00	0.00	0.00	0.00
	BXA15	BXA16	4.49	77.83	5.80	0.00	0.00	0.00	0.00
	BXA16	BXA17	2.74	297.83	-3.80	0.00	0.00	0.00	0.00
	BXA17	BXA15	2.93	221.23	-5.00	0.00	0.00	0.00	0.00
	BXA17	BXA18	8.75	332.23	0.50	0.00	0.00	0.00	0.00
	BXA18	BXA19	16.43	230.58	2.05	0.00	0.00	0.00	0.00
	BXA19	BXA12	8.05	176.68	1.18	0.00	0.00	0.00	0.00
	BXA19	BXA20	8.38	284.08	8.50	0.00	0.00	0.00	0.00
	BXA20	BXA21	18.57	39.48	-0.25	0.00	0.00	0.00	0.00
	BXA21	BXA18	10.85	124.03	-8.55	0.00	0.00	0.00	0.00
	BXA21	BXA22	11.52	238.63	5.10	0.00	0.00	0.00	0.00
	BXA22	BXA23	5.94	312.68	-8.40	0.00	0.00	0.00	0.00
	BXA23	BXA20	12.52	169.73	-0.05	0.00	0.00	0.00	0.00
	BUA06	BXB01	10.66	131.38	-14.25	0.00	0.00	0.00	0.00
	BXB01	BWA06	12.27	47.48	-0.55	0.00	0.00	0.00	0.00
	BWA06	BXB02	6.35	165.63	-0.35	0.00	0.00	0.00	0.00
	BXB02	BXB03	17.38	208.13	6.90	0.00	0.00	0.00	0.00
	BXB03	BXB01	13.34	350.33	-8.50	0.00	0.00	0.00	0.00
	BXB02	BXB04	10.09	86.73	3.60	0.00	0.00	0.00	0.00
	BXB04	BWA08	7.09	354.08	-2.70	0.00	0.00	0.00	0.00
	BXB04	BXB05	6.19	61.18	-3.30	0.00	0.00	0.00	0.00
	BXB05	BWA01	13.56	339.88	0.40	0.00	0.00	0.00	0.00
	BWA01	BXB06	8.58	123.58	-0.40	0.00	0.00	0.00	0.00
	BXB06	BXB05	8.17	195.78	0.25	0.00	0.00	0.00	0.00
	BWA01	BXB07	5.83	112.63	0.20	0.00	0.00	0.00	0.00
	BXB07	BXB08	5.34	32.73	5.30	0.00	0.00	0.00	0.00
	BXB08	BUB38	3.47	321.28	-9.80	0.00	0.00	0.00	0.00
	BXB08	BXB09	8.78	169.83	-5.35	0.00	0.00	0.00	0.00
	BXB06	BXB09	3.04	118.33	-2.05	0.00	0.00	0.00	0.00
	BVC18	BXC01	9.20	147.09	-9.43	0.00	0.00	0.00	0.00
	BXC01	BXC02	7.23	56.81	-4.27	0.00	0.00	0.00	0.00
	BXC02	BXC03	7.91	172.96	6.46	0.00	0.00	0.00	0.00
	BXC03	BXC04	4.32	291.47	1.73	0.00	0.00	0.00	0.00
	BXC04	BXC01	3.80	304.07	-7.53	0.00	0.00	0.00	0.00
	BXC01	BXC05	4.66	253.87	-6.70	0.00	0.00	0.00	0.00
	BXC05	BXC06	4.51	219.34	13.78	0.00	0.00	0.00	0.00
	BXC06	BVC21	9.89	277.12	1.06	0.00	0.00	0.00	0.00
	BVC21	BVC22	6.48	162.81	0.41	0.00	0.00	0.00	0.00
	BVC22	BVC25	11.74	136.24	1.17	0.00	0.00	0.00	0.00
	BVC25	BXC07	4.41	295.45	-1.44	0.00	0.00	0.00	0.00
	BXC07	BXC07a	11.68	71.48	-6.70	0.00	0.00	0.00	0.00
	BVC25	BXC08	7.54	166.18	-0.90	0.00	0.00	0.00	0.00
	BXC08	BXC09	10.77	249.35	3.11	0.00	0.00	0.00	0.00
	BXC08	BXC08a	8.37	34.38	0.90	0.00	0.00	0.00	0.00
	BXC09	BXC10	8.13	336.49	-5.83	0.00	0.00	0.00	0.00
	BXC10	BVC27	4.92	309.95	0.39	0.00	0.00	0.00	0.00
	BXC08	BXC11	4.81	103.58	-3.10	0.00	0.00	0.00	0.00
	BXC11	BXC12	12.73	83.18	-3.97	0.00	0.00	0.00	0.00
	BXC12	BXC13	7.32	303.54	2.94	0.00	0.00	0.00	0.00
	BXC13	BXC13a	8.33	61.58	5.50	0.00	0.00	0.00	0.00
	BXC12	BXC14	11.54	230.36	6.08	0.00	0.00	0.00	0.00
	BXC14	BXC15	10.22	225.49	-0.27	0.00	0.00	0.00	0.00
	BXC15	BXC16	11.42	307.83	0.65	0.00	0.00	0.00	0.00
	BXC15	BXC15a	7.13	267.38	-10.20	0.00	0.00	0.00	0.00
	BXC16	BXC17	3.99	91.38	1.05	0.00	0.00	0.00	0.00
	BXC16	BXC11	13.86	64.05	-1.39	0.00	0.00	0.00	0.00
	BXC17	BXC09	7.25	298.77	3.46	0.00	0.00	0.00	0.00
	BXC14	BXC18	5.18	179.55	-0.11	0.00	0.00	0.00	0.00
	BXC18	BXC18a	11.20	67.88	5.40	0.00	0.00	0.00	0.00
	BXC18	BXC19	7.25	221.42	4.71	0.00	0.00	0.00	0.00
	BXC19	BXC20	6.10	297.43	-3.65	0.00	0.00	0.00	0.00
	BXC20	BXC15	2.82	73.18	-2.56	0.00	0.00	0.00	0.00
	BXC19	BXC21	10.94	164.51	-6.58	0.00	0.00	0.00	0.00
	BXC21	BXC22	13.91	73.76	4.62	0.00	0.00	0.00	0.00
	BXC21	BXC23	14.56	35.21	0.64	0.00	0.00	0.00	0.00
	BXC22	BXC23	9.39	328.96	-5.58	0.00	0.00	0.00	0.00
	BXC23	BXC18	7.72	302.17	4.23	0.00	0.00	0.00	0.00
	BXC23	BXC23a	6.54	62.18	4.80	0.00	0.00	0.00	0.00
	BXC22	BXC24	6.55	161.07	1.42	0.00	0.00	0.00	0.00
	BXC24	BXC25	15.48	29.84	-0.73	0.00	0.00	0.00	0.00
	BXC25	BXC26	10.15	247.99	1.84	0.00	0.00	0.00	0.00
	BXC26	BXC22	3.43	188.83	-4.02	0.00	0.00	0.00	0.00
	BXC25	BXC25a	8.63	316.88	-1.50	0.00	0.00	0.00	0.00
	BXC25	BXC27	5.33	172.55	3.15	0.00	0.00	0.00	0.00
	BXC27	BXC28	7.69	54.52	-6.60	0.00	0.00	0.00	0.00
	BXC28	BXC29	12.59	324.28	-1.40	0.00	0.00	0.00	0.00
	BXC27	BXC30	10.82	145.31	-4.37	0.00	0.00	0.00	0.00
	BXC30	BXC31	9.91	241.88	2.51	0.00	0.00	0.00	0.00
	BXC31	BXC24	8.00	312.08	1.75	0.00	0.00	0.00	0.00
	BXC31	BXC32	8.15	214.98	1.38	0.00	0.00	0.00	0.00
	BXC31	BXC31a	13.73	84.28	-0.80	0.00	0.00	0.00	0.00
	BXC32	BXC33	6.54	263.15	-1.65	0.00	0.00	0.00	0.00
	BXC33	BXC34	10.71	339.63	0.70	0.00	0.00	0.00	0.00
	BXC34	BXC24	9.11	72.26	1.57	0.00	0.00	0.00	0.00
	BXC34	BXC21	8.40	307.57	-5.96	0.00	0.00	0.00	0.00
	BXC31	BXC35	10.29	157.45	2.44	0.00	0.00	0.00	0.00
	BXC32	BXC35	9.09	107.65	1.99	0.00	0.00	0.00	0.00
	BXC35	BXC35a	9.51	78.78	-3.80	0.00	0.00	0.00	0.00
	BXC35	BXC35b	9.04	131.88	-10.70	0.00	0.00	0.00	0.00
	BXC35	BXC36	10.82	243.59	-3.05	0.00	0.00	0.00	0.00
	BXC36	BXC37	5.69	351.41	-3.60	0.00	0.00	0.00	0.00
	BXC37	BXC32	2.70	43.75	12.69	0.00	0.00	0.00	0.00
	BXC37	BXC38	9.74	219.81	4.89	0.00	0.00	0.00	0.00
	BXC38	BXC39	5.08	264.24	-0.85	0.00	0.00	0.00	0.00
	BXA21	BYA01	12.75	38.63	0.10	0.00	0.00	0.00	0.00
	BYA01	BYA02	10.57	320.68	0.90	0.00	0.00	0.00	0.00
	BYA02	BYA03	9.85	66.13	-1.90	0.00	0.00	0.00	0.00
	BYA03	BYA04	4.31	343.82	0.90	0.00	0.00	0.00	0.00
	BYA04	BYA05	9.19	291.98	-0.80	0.00	0.00	0.00	0.00
	BYA05	BYA02	11.51	175.78	2.25	0.00	0.00	0.00	0.00
	BYA04	BYA06	9.19	85.63	-4.55	0.00	0.00	0.00	0.00
	BYA06	BYA06a	13.60	88.38	-6.10	0.00	0.00	0.00	0.00
	BYA06	BYA07	6.93	14.88	-2.00	0.00	0.00	0.00	0.00
	BYA07	BYA08	14.44	264.43	0.90	0.00	0.00	0.00	0.00
	BYA08	BYA05	5.87	243.38	6.20	0.00	0.00	0.00	0.00
	BYA05	BVA14	18.76	301.83	-2.60	0.00	0.00	0.00	0.00
	BYA05	BYA09	12.83	48.38	-6.15	0.00	0.00	0.00	0.00
	BYA09	BYA10	7.36	315.66	2.80	0.00	0.00	0.00	0.00
	BYA10	BRA10	5.58	356.18	-1.90	0.00	0.00	0.00	0.00
	BYA09	BYA11	6.82	43.48	5.15	0.00	0.00	0.00	0.00
	BYA11	BRA11	7.48	346.78	7.95	0.00	0.00	0.00	0.00
	BYA09	BYA09a	6.41	178.48	0.50	0.00	0.00	0.00	0.00
	BYA01	BYA12	14.60	248.83	-3.75	0.00	0.00	0.00	0.00
	BYA12	BXA22	11.85	199.88	9.70	0.00	0.00	0.00	0.00
	BYA12	BYA13	14.01	294.58	10.65	0.00	0.00	0.00	0.00
	BYA13	BYA14	10.19	198.83	-9.75	0.00	0.00	0.00	0.00
	BYA14	BYA12	16.01	77.48	-2.85	0.00	0.00	0.00	0.00
	BYA14	BXA23	8.15	115.08	2.35	0.00	0.00	0.00	0.00
	BXC11	BYB01	4.49	196.38	8.75	0.00	0.00	0.00	0.00
	BYB01	BXC14	5.45	109.28	-3.00	0.00	0.00	0.00	0.00
	BXC16	BYB02	4.73	188.68	-5.40	0.00	0.00	0.00	0.00
	BYB02	BYB03	6.95	253.33	-2.65	0.00	0.00	0.00	0.00
	BYB03	BYB03a	18.24	325.58	-1.10	0.00	0.00	0.00	0.00
	BYB03	BYB03b	8.45	335.38	0.40	0.00	0.00	0.00	0.00
	BYB03	BYB07	8.31	334.83	3.15	0.00	0.00	0.00	0.00
	BYB03	BYB04	11.41	226.48	1.75	0.00	0.00	0.00	0.00
	BYB04	BYB04a	12.68	269.18	-3.40	0.00	0.00	0.00	0.00
	BYB04	BYB05	7.22	307.23	3.05	0.00	0.00	0.00	0.00
	BYB05	BYB05a	11.02	60.08	-14.50	0.00	0.00	0.00	0.00
	BYB05	BYB06	5.47	352.88	-4.65	0.00	0.00	0.00	0.00
	BYB06	BYB07	12.76	62.33	0.15	0.00	0.00	0.00	0.00
	BYB07	BXC09	8.74	73.53	5.60	0.00	0.00	0.00	0.00
	BYB07	BYB08	8.67	311.88	-1.60	0.00	0.00	0.00	0.00
	BYB08	BYB08a	10.44	240.68	-4.40	0.00	0.00	0.00	0.00
	BYB08	BYB09	6.73	324.28	1.25	0.00	0.00	0.00	0.00
	BYB09	BYB09a	11.83	331.18	-2.50	0.00	0.00	0.00	0.00
	BYB08	BXC10	12.49	69.63	1.15	0.00	0.00	0.00	0.00
	BYB09	BVC23	10.90	61.88	0.35	0.00	0.00	0.00	0.00
	BVC23	BVC28	2.86	18.58	0.80	0.00	0.00	0.00	0.00
	BVC28	BYB10	3.16	283.03	-7.55	0.00	0.00	0.00	0.00
	BYB10	BYB10a	11.05	268.78	3.30	0.00	0.00	0.00	0.00
	BYB09	BYB11	3.38	298.23	-3.90	0.00	0.00	0.00	0.00
	BYB11	BYB12	5.42	210.48	2.75	0.00	0.00	0.00	0.00
	BYB12	BYB13	6.27	286.48	2.55	0.00	0.00	0.00	0.00
	BYB13	BYB14	10.56	151.93	-0.60	0.00	0.00	0.00	0.00
	BYB14	BYB05	13.30	152.33	1.90	0.00	0.00	0.00	0.00
	BYB13	BWB09	9.64	250.28	1.00	0.00	0.00	0.00	0.00
	BYB13	BYB16	6.55	333.48	-0.40	0.00	0.00	0.00	0.00
	BYB16	BYB15	2.91	183.68	-12.75	0.00	0.00	0.00	0.00
	BYB15	BWB11	11.66	316.13	4.10	0.00	0.00	0.00	0.00
	BYB15	BYB17	8.68	244.38	5.30	0.00	0.00	0.00	0.00
	BYB17	BWB09	3.34	143.78	2.05	0.00	0.00	0.00	0.00
	BYA13	BZA01	7.71	287.28	-13.75	0.00	0.00	0.00	0.00
	BZA01	BZA02	5.79	329.98	9.40	0.00	0.00	0.00	0.00
	BZA01	BZA01a	16.55	53.08	-4.60	0.00	0.00	0.00	0.00
	BZA02	BZ002a	15.43	58.18	-3.80	0.00	0.00	0.00	0.00
	BZA02	BVA19	4.92	341.66	-2.85	0.00	0.00	0.00	0.00
	BSB07	BSB08	11.83	337.58	-5.50	0.00	0.00	0.00	0.00
	BSB08	BSB09	11.70	292.68	5.55	0.00	0.00	0.00	0.00
	BSB09	BSB10	16.87	322.93	15.70	0.00	0.00	0.00	0.00
	BRA06	BRA06a	3.29	297.38	-33.10	0.00	0.00	0.00	0.00
	BRA06a	BRA06b	16.46	261.08	-0.10	0.00	0.00	0.00	0.00
	BRA05	BRA05a	6.76	346.88	-0.30	0.00	0.00	0.00	0.00
	BSB07	BRA04	24.07	41.13	-4.35	0.00	0.00	0.00	0.00
	BRA04	BZA03	1.97	53.08	-28.30	0.00	0.00	0.00	0.00
	BZA03	BZA03a	10.94	309.08	-0.70	0.00	0.00	0.00	0.00
	BZA03	BRA06b	15.72	318.83	-3.90	0.00	0.00	0.00	0.00
	BZA03	BZA03b	35.36	321.58	-0.60	0.00	0.00	0.00	0.00
	BRA04	BRA05	8.45	4.03	-11.55	0.00	0.00	0.00	0.00
	BRA05	BRA06	9.96	58.78	7.50	0.00	0.00	0.00	0.00
	BRA06b	BSB12	3.09	268.58	18.50	0.00	0.00	0.00	0.00
	BSB12	BSB11	10.91	206.58	1.45	0.00	0.00	0.00	0.00
	BSB11	BSB09	15.52	247.28	10.30	0.00	0.00	0.00	0.00
	BSB12	BSB13	9.48	352.93	1.70	0.00	0.00	0.00	0.00
	BSB12	BSB12a	15.63	36.98	2.10	0.00	0.00	0.00	0.00
	BSB13	BSB14	5.36	271.83	22.60	0.00	0.00	0.00	0.00
	BSB14	BSB15	10.19	345.48	3.30	0.00	0.00	0.00	0.00
	BSB15	BZA04	17.56	6.73	1.35	0.00	0.00	0.00	0.00
	BZA04	BZA05	9.17	4.53	-7.10	0.00	0.00	0.00	0.00
	BZA05	BZA05a	3.46	60.48	-5.40	0.00	0.00	0.00	0.00
	BZA04	BZA04a	13.31	55.98	18.50	0.00	0.00	0.00	0.00
	BSB15	BSB16	15.47	252.18	15.00	0.00	0.00	0.00	0.00
	BSB16	BSB16b	6.00	153.18	15.10	0.00	0.00	0.00	0.00
	BZA04	BZA06	10.18	105.78	-8.25	0.00	0.00	0.00	0.00
	BZA06	BZA07	6.43	128.33	14.00	0.00	0.00	0.00	0.00
	BZA07	BZA08	3.56	188.53	3.70	0.00	0.00	0.00	0.00
	BZA08	BZA08a	9.03	151.28	-18.90	0.00	0.00	0.00	0.00
	BVB06	BZB01	4.96	151.98	3.20	0.00	0.00	0.00	0.00
	BZB01	BZB02	10.36	243.78	-0.30	0.00	0.00	0.00	0.00
	BZB02	BZB03	22.04	280.23	-0.30	0.00	0.00	0.00	0.00
	BZB03	BZB04	14.86	268.58	0.10	0.00	0.00	0.00	0.00
	BZB04	BZB05	10.86	301.58	8.55	0.00	0.00	0.00	0.00
	BZB05	BZB06	17.07	254.53	-5.85	0.00	0.00	0.00	0.00
	BZB06	BZB07	10.00	345.73	7.65	0.00	0.00	0.00	0.00
	BZB07	BZB08	4.76	299.48	-14.80	0.00	0.00	0.00	0.00
	BZB08	BXA11	12.03	337.28	0.35	0.00	0.00	0.00	0.00
	BZB07	BZB09	8.79	76.53	1.40	0.00	0.00	0.00	0.00
	BZB09	BZB10	9.30	45.83	-6.60	0.00	0.00	0.00	0.00
	BZB09	BZB09a	8.16	326.98	-16.10	0.00	0.00	0.00	0.00
	BZB10	BZB11	7.28	298.98	-5.85	0.00	0.00	0.00	0.00
	BZB11	BXA08	9.11	33.28	1.90	0.00	0.00	0.00	0.00
	BZB11	BZB12	6.76	248.88	2.10	0.00	0.00	0.00	0.00
	BZB12	BZB13	5.12	287.83	-8.30	0.00	0.00	0.00	0.00
	BZB12	BZB08	9.84	221.53	1.05	0.00	0.00	0.00	0.00
	BZB13	BZB14	7.51	230.43	10.65	0.00	0.00	0.00	0.00
	BZB12	BXA10	7.35	331.43	4.45	0.00	0.00	0.00	0.00
	BZB14	BZB08	5.85	136.78	-4.45	0.00	0.00	0.00	0.00
	BZB10	BZB15	14.93	76.43	2.85	0.00	0.00	0.00	0.00
	BZB10	BZB05	14.14	164.88	4.80	0.00	0.00	0.00	0.00
	BZB15	BXA06	20.12	334.78	-4.75	0.00	0.00	0.00	0.00
	BZB15	BZB16	5.06	146.38	-14.85	0.00	0.00	0.00	0.00
	BZB16	BZB18	11.04	129.48	-1.90	0.00	0.00	0.00	0.00
	BZB16	BZB17	13.06	207.03	-0.40	0.00	0.00	0.00	0.00
	BZB17	BZB04	7.39	170.28	1.60	0.00	0.00	0.00	0.00
	BZB17	BZB17a	7.75	68.18	0.00	0.00	0.00	0.00	0.00
	BZB17	BZB17b	11.99	355.58	-2.60	0.00	0.00	0.00	0.00
	BZB05	BZB05a	7.72	351.33	-7.50	0.00	0.00	0.00	0.00
	BZB05a	BZB05b	7.54	68.08	-11.60	0.00	0.00	0.00	0.00
	BZB18	BZB03	11.43	170.68	2.05	0.00	0.00	0.00	0.00
	BZB18	BZB19	4.03	4.58	-3.45	0.00	0.00	0.00	0.00
	BZB19	BZB20	13.20	137.13	0.80	0.00	0.00	0.00	0.00
	BZB20	BZB21	3.54	238.43	5.75	0.00	0.00	0.00	0.00
	BZB21	BZB03	5.86	228.63	0.60	0.00	0.00	0.00	0.00
	BZB20	BZB22	9.92	42.28	0.75	0.00	0.00	0.00	0.00
	BZB22	BZB23	10.01	322.58	0.40	0.00	0.00	0.00	0.00
	BZB19	BZB23	11.06	59.23	2.45	0.00	0.00	0.00	0.00
	BZB23	BZB24	4.95	300.83	-5.85	0.00	0.00	0.00	0.00
	BZB24	BZB26	11.89	41.18	1.90	0.00	0.00	0.00	0.00
	BZB24	BZB25	8.86	334.88	6.55	0.00	0.00	0.00	0.00
	BZB25	BZB27	6.69	306.88	-5.05	0.00	0.00	0.00	0.00
	BZB27	BXA03	3.30	338.98	17.75	0.00	0.00	0.00	0.00
	BXA03	BXA03a	13.85	325.98	-4.40	0.00	0.00	0.00	0.00
	BZB27	BZB28	6.59	214.88	-2.15	0.00	0.00	0.00	0.00
	BZB28	BXA04	6.69	315.93	9.65	0.00	0.00	0.00	0.00
	BZB28	BZB29	4.35	228.48	5.15	0.00	0.00	0.00	0.00
	BZB29	BZB15	5.14	189.18	14.70	0.00	0.00	0.00	0.00
	BZB25	BXA01	14.02	64.43	8.05	0.00	0.00	0.00	0.00
	BZB26	BXA01	5.77	11.03	26.65	0.00	0.00	0.00	0.00
	BXA01	BZB27	18.23	263.43	-8.15	0.00	0.00	0.00	0.00
	BZB26	BZB30	12.12	138.83	2.10	0.00	0.00	0.00	0.00
	BZB30	BVB07	3.50	23.78	45.30	0.00	0.00	0.00	0.00
	BZB30	BZB22	11.61	208.28	-1.70	0.00	0.00	0.00	0.00
	BZB22	BZB31	16.76	153.88	1.15	0.00	0.00	0.00	0.00
	BZB31	BZB02	2.07	173.12	2.57	0.00	0.00	0.00	0.00
	BJA21	BZD01	4.24	358.78	-15.00	0.00	0.00	0.00	0.00
	BZD01	BZD02	10.55	89.98	3.30	0.00	0.00	0.00	0.00
	BYB16	BZD03	6.84	45.73	0.20	0.00	0.00	0.00	0.00
	BZD03	BVC10	4.87	111.28	-2.60	0.00	0.00	0.00	0.00
	BYB09	BZD04	2.57	75.13	-3.60	0.00	0.00	0.00	0.00
	BZD04	BZD05	11.21	75.78	-1.90	0.00	0.00	0.00	0.00
	BZD05	BVC27	2.43	224.48	14.60	0.00	0.00	0.00	0.00
	BXB01	CAA01	10.00	232.05	-4.75	0.00	0.00	0.00	0.00
	CAA01	CAA02	6.60	222.80	9.55	0.00	0.00	0.00	0.00
	CAA02	CAA02a	6.35	236.00	-8.00	0.00	0.00	0.00	0.00
	BUA05	CAA02	7.53	125.05	-3.30	0.00	0.00	0.00	0.00
	CAA02	CAA03	3.81	288.90	10.70	0.00	0.00	0.00	0.00
	CAA03	CAA04	10.14	217.80	-2.20	0.00	0.00	0.00	0.00
	CAA04	CAA05	9.59	331.45	-11.60	0.00	0.00	0.00	0.00
	CAA06	CAA05	1.47	44.50	-13.30	0.00	0.00	0.00	0.00
	CAA06	BUA05	9.90	67.90	9.30	0.00	0.00	0.00	0.00
	CAA06	CAA07	6.28	276.65	11.10	0.00	0.00	0.00	0.00
	CAA07	BTD07	2.79	5.45	8.90	0.00	0.00	0.00	0.00
	CAA05	CAA08	5.28	212.80	10.70	0.00	0.00	0.00	0.00
	CAA08	BTD08	6.04	234.85	-1.30	0.00	0.00	0.00	0.00
	BTD08	CAA09	7.03	128.25	-2.10	0.00	0.00	0.00	0.00
	CAA09	CAA04	7.81	59.80	10.25	0.00	0.00	0.00	0.00
	BZB25	BZB16	16.77	217.30	-1.35	0.00	0.00	0.00	0.00
	BZB22	CBA01	7.78	157.90	-4.20	0.00	0.00	0.00	0.00
	CBA01	BZB31	8.95	150.50	5.70	0.00	0.00	0.00	0.00
	CBA01	CBA02	13.53	50.20	4.10	0.00	0.00	0.00	0.00
	CBA02	BZB30	11.90	318.60	-0.10	0.00	0.00	0.00	0.00
	CBA02	BVB06	9.62	173.00	-1.00	0.00	0.00	0.00	0.00
	BVB03	CBA03	7.18	16.45	-7.00	0.00	0.00	0.00	0.00
	CBA03	CAA09	14.11	53.05	-6.95	0.00	0.00	0.00	0.00
	CAA09	BTD08	7.01	308.65	2.50	0.00	0.00	0.00	0.00
	BTD08	BTD08a	8.49	236.00	-2.50	0.00	0.00	0.00	0.00
	CAA09	CBA04	8.49	158.00	11.95	0.00	0.00	0.00	0.00
	CBA04	CBA04a	8.11	225.70	-10.60	0.00	0.00	0.00	0.00
	CBA04	CBA05	9.07	135.13	-5.80	0.00	0.00	0.00	0.00
	CBA05	CBA05a	12.71	267.50	-0.80	0.00	0.00	0.00	0.00
	CBA05	CBA06	5.54	222.65	14.65	0.00	0.00	0.00	0.00
	CBA06	BVB05	12.85	159.55	-3.10	0.00	0.00	0.00	0.00
	CBA06	CBA07	5.60	89.50	-14.10	0.00	0.00	0.00	0.00
	CBA07	CBA08	5.62	165.25	-2.60	0.00	0.00	0.00	0.00
	CBA08	BVB05	6.99	199.75	7.30	0.00	0.00	0.00	0.00
	CBA08	CBA09	4.79	61.75	8.10	0.00	0.00	0.00	0.00
	CBA09	CBA10	5.87	53.73	2.90	0.00	0.00	0.00	0.00
	CBA10	CBA11	5.17	289.05	-2.15	0.00	0.00	0.00	0.00
	CBA11	CBA05	7.45	288.23	-3.37	0.00	0.00	0.00	0.00
	CBA11	CBA12	7.85	341.70	-8.65	0.00	0.00	0.00	0.00
	CBA12	CBA13	5.48	302.20	5.55	0.00	0.00	0.00	0.00
	CBA13	CAA04	10.36	343.20	4.15	0.00	0.00	0.00	0.00
	CBA13	CBA14	13.51	51.45	-0.45	0.00	0.00	0.00	0.00
	CBA14	CBA15	6.82	128.55	1.70	0.00	0.00	0.00	0.00
	CBA15	CBA12	13.33	237.60	-2.70	0.00	0.00	0.00	0.00
	CBA15	BXB03	11.81	26.70	10.00	0.00	0.00	0.00	0.00
	BUB34	CCA01	6.12	122.25	2.90	0.00	0.00	0.00	0.00
	CCA01	BWB02	8.80	103.15	-2.45	0.00	0.00	0.00	0.00
	CCA01	CCA02	8.21	160.85	-3.25	0.00	0.00	0.00	0.00
	BWB02	BWB05a	2.61	126.20	20.30	0.00	0.00	0.00	0.00
	BWB05a	CCA02	8.97	240.95	-5.90	0.00	0.00	0.00	0.00
	CCA02	CCA03	6.68	118.95	5.30	0.00	0.00	0.00	0.00
	CCA03	BWB06	8.00	67.30	-2.80	0.00	0.00	0.00	0.00
	BWB06	CCA04	6.29	168.25	0.85	0.00	0.00	0.00	0.00
	CCA04	CCA05	5.63	96.23	-2.07	0.00	0.00	0.00	0.00
	CCA05	BWB07	5.31	311.55	5.90	0.00	0.00	0.00	0.00
	CCA04	CCA06	7.93	221.10	8.55	0.00	0.00	0.00	0.00
	CCA06	CCA07	6.23	273.17	-5.40	0.00	0.00	0.00	0.00
	CCA07	CCA08	8.58	256.50	-0.75	0.00	0.00	0.00	0.00
	CCA08	CCA09	4.45	280.55	13.10	0.00	0.00	0.00	0.00
	CCA08	CCA10	11.28	23.05	-4.20	0.00	0.00	0.00	0.00
	CCA09	CCA11	10.04	7.30	-4.25	0.00	0.00	0.00	0.00
	CCA11	CCA10	7.62	92.95	-7.15	0.00	0.00	0.00	0.00
	CCA10	CCA02	4.00	7.95	0.80	0.00	0.00	0.00	0.00
	CCA01	CCA12	7.84	251.60	-2.50	0.00	0.00	0.00	0.00
	CCA12	BUB39	4.31	295.05	1.35	0.00	0.00	0.00	0.00
	CCA12	CCA11	8.95	165.65	3.85	0.00	0.00	0.00	0.00
	CCA11	BXB09	10.38	247.00	-5.25	0.00	0.00	0.00	0.00
	BXB09	CCA13	6.77	353.65	6.05	0.00	0.00	0.00	0.00
	CCA13	CCA12	10.30	53.60	-2.50	0.00	0.00	0.00	0.00
	BSB08	BSB09	11.70	292.60	5.40	0.00	0.00	0.00	0.00
	BSB08	BSB07	11.82	157.70	5.90	0.00	0.00	0.00	0.00
	BSB07	CCB01	15.07	259.20	-9.03	0.00	0.00	0.00	0.00
	CCB01	BSB08	17.10	36.25	3.80	0.00	0.00	0.00	0.00
	CCB01	CCB02	11.74	277.50	-3.05	0.00	0.00	0.00	0.00
	CCB02	CCB03	17.94	211.75	3.90	0.00	0.00	0.00	0.00
	CCB03	CCB03a	12.50	258.60	3.10	0.00	0.00	0.00	0.00
	BVA20	CCB04	15.00	191.90	-1.85	0.00	0.00	0.00	0.00
	CCB04	CCB05	8.86	179.10	-3.80	0.00	0.00	0.00	0.00
	CCB05	CCB06	13.90	129.15	9.45	0.00	0.00	0.00	0.00
	CCB06	BYA13	10.75	56.60	-2.35	0.00	0.00	0.00	0.00
	BYA13	BZA02	12.48	306.65	-3.70	0.00	0.00	0.00	0.00
	BZA02	BVA20	19.90	340.40	0.30	0.00	0.00	0.00	0.00
	CCB05	CCB07	9.60	218.05	-3.55	0.00	0.00	0.00	0.00
	CCB07	CCB08	14.90	324.50	8.75	0.00	0.00	0.00	0.00
	CCB08	CCB04	15.20	72.53	-3.98	0.00	0.00	0.00	0.00
	CCB08	CCB08a	8.79	332.60	-15.10	0.00	0.00	0.00	0.00
	CCB07	CCB09	29.59	230.75	2.00	0.00	0.00	0.00	0.00
	CCB09	CCB09a	12.47	98.10	-12.80	0.00	0.00	0.00	0.00
	CCB09	CCB10	10.71	140.40	-0.45	0.00	0.00	0.00	0.00
	CCB10	CCB10a	29.35	80.10	-3.50	0.00	0.00	0.00	0.00
	CCB10	CCB10b	10.30	77.00	-6.20	0.00	0.00	0.00	0.00
	CCB10	CCB11	3.90	202.00	-20.70	0.00	0.00	0.00	0.00
	CCB11	CCB11a	20.78	241.40	-1.40	0.00	0.00	0.00	0.00
	CCB10	CCB12	7.11	140.75	-9.40	0.00	0.00	0.00	0.00
	CCB12	CCB13	3.05	338.00	2.90	0.00	0.00	0.00	0.00
	CCB13	CCB13a	14.70	62.50	-4.50	0.00	0.00	0.00	0.00
	CCB13	CCB14	10.71	154.10	5.95	0.00	0.00	0.00	0.00
	CCB14	CCB15	16.99	54.80	-3.20	0.00	0.00	0.00	0.00
	CCB16	CCB14	10.47	215.80	4.90	0.00	0.00	0.00	0.00
	CCB16	CCE06	20.72	139.90	6.50	0.00	0.00	0.00	0.00
	BZB04	CCC01	17.01	213.05	0.15	0.00	0.00	0.00	0.00
	CCC01	BZB06	22.69	314.50	0.05	0.00	0.00	0.00	0.00
	CCC01	CCC02	9.27	297.65	5.65	0.00	0.00	0.00	0.00
	CCC02	CCC03	5.83	246.95	-11.10	0.00	0.00	0.00	0.00
	CCC02	CCC04	15.83	233.55	3.35	0.00	0.00	0.00	0.00
	CCC04	CCC05	7.67	291.15	-10.80	0.00	0.00	0.00	0.00
	CCC05	CCC06	15.34	48.55	-2.55	0.00	0.00	0.00	0.00
	CCC06	CCC07	5.99	324.15	20.35	0.00	0.00	0.00	0.00
	CCC07	CCC08	5.04	85.10	-9.30	0.00	0.00	0.00	0.00
	CCC08	BZB06	3.68	334.30	-15.90	0.00	0.00	0.00	0.00
	BZB06	CCC01	22.72	134.40	0.00	0.00	0.00	0.00	0.00
	CCC06	CCC03	6.44	152.35	-0.10	0.00	0.00	0.00	0.00
	CCC03a	CCC09	16.53	142.45	7.70	0.00	0.00	0.00	0.00
	CCC03	CCC03a	3.30	136.55	-21.95	0.00	0.00	0.00	0.00
	CCC09	CCC10	17.80	270.65	2.00	0.00	0.00	0.00	0.00
	CCC10	CCC04	8.35	346.90	3.50	0.00	0.00	0.00	0.00
	CCC05	CCC12	10.83	351.20	4.40	0.00	0.00	0.00	0.00
	CCC12	CCC08	15.57	73.40	-0.90	0.00	0.00	0.00	0.00
	CCC12	CCC13	12.34	303.00	5.55	0.00	0.00	0.00	0.00
	CCC13	CCC14	12.06	352.65	-3.45	0.00	0.00	0.00	0.00
	CCC14	CCC15	6.23	12.25	5.95	0.00	0.00	0.00	0.00
	CCC15	CCE05	6.48	286.25	-8.60	0.00	0.00	0.00	0.00
	CCC15	BXA11	14.39	64.95	-8.55	0.00	0.00	0.00	0.00
	BXA11	CCC16	13.01	165.80	1.75	0.00	0.00	0.00	0.00
	CCC16	CCC16a	12.91	268.30	1.80	0.00	0.00	0.00	0.00
	CCC12	CCC12a	3.52	34.23	64.60	0.00	0.00	0.00	0.00
	CCC12a	BZB07	19.17	32.20	-9.30	0.00	0.00	0.00	0.00
	CCC04	CCC17	16.31	255.80	-4.40	0.00	0.00	0.00	0.00
	CCC17	CCC17a	20.72	323.35	-5.30	0.00	0.00	0.00	0.00
	CCC17	CCC18	13.73	233.35	4.95	0.00	0.00	0.00	0.00
	CCC18	CCC19	10.34	343.95	-5.20	0.00	0.00	0.00	0.00
	CCC19	CCC20	11.46	278.10	12.25	0.00	0.00	0.00	0.00
	CCC20	CCC20a	17.96	73.70	-13.50	0.00	0.00	0.00	0.00
	CCC19	CCC21	31.44	321.90	-0.85	0.00	0.00	0.00	0.00
	CCC21	CCE08	4.62	98.63	7.53	0.00	0.00	0.00	0.00
	CCC09	CCC22	6.67	15.10	2.35	0.00	0.00	0.00	0.00
	CCC22	CCC01	6.96	356.60	-7.70	0.00	0.00	0.00	0.00
	CCC22	CCC23	5.62	50.05	16.65	0.00	0.00	0.00	0.00
	CCC23	CCC24	15.64	61.50	-2.15	0.00	0.00	0.00	0.00
	CCC24	BZB04	13.70	317.75	-8.40	0.00	0.00	0.00	0.00
	CCC24	CCC25	5.51	181.85	-25.60	0.00	0.00	0.00	0.00
	CCC25	CCC26	13.01	150.35	7.10	0.00	0.00	0.00	0.00
	CCC26	BZB02	31.56	42.60	-1.85	0.00	0.00	0.00	0.00
	CCC26	CCC27	17.41	254.50	-2.45	0.00	0.00	0.00	0.00
	CCC27	CCC28	10.05	350.65	5.35	0.00	0.00	0.00	0.00
	CCC28	CCC22	5.75	272.00	-4.65	0.00	0.00	0.00	0.00
	CCC27	CCC29	12.23	150.85	2.50	0.00	0.00	0.00	0.00
	CCC29	CCC30	15.73	251.20	5.15	0.00	0.00	0.00	0.00
	CCC30	CCC11	11.22	315.95	-9.35	0.00	0.00	0.00	0.00
	CCC11	CCC10	15.46	318.55	2.60	0.00	0.00	0.00	0.00
	CCC10	CCC31	10.18	215.55	-4.45	0.00	0.00	0.00	0.00
	CCC31	CCC32	16.64	250.05	2.35	0.00	0.00	0.00	0.00
	CCC32	CCC19	22.05	333.25	-0.35	0.00	0.00	0.00	0.00
	CCC11	CCC33	23.88	235.95	1.25	0.00	0.00	0.00	0.00
	CCC33	CCC34	17.85	131.10	1.50	0.00	0.00	0.00	0.00
	CCC34	CCC35	13.17	162.00	-4.55	0.00	0.00	0.00	0.00
	CCC34	CCC34a	8.06	62.50	-2.80	0.00	0.00	0.00	0.00
	CCC35	CCC36	17.60	31.55	4.65	0.00	0.00	0.00	0.00
	CCC36	CCC34a	6.20	282.20	-9.10	0.00	0.00	0.00	0.00
	CCC34a	CCC37	12.81	39.20	2.20	0.00	0.00	0.00	0.00
	CCC37	CCC30	4.03	337.55	14.85	0.00	0.00	0.00	0.00
	CAA02	CBA14	9.15	153.95	-2.75	0.00	0.00	0.00	0.00
	CBA14	CCD01	6.03	342.95	3.85	0.00	0.00	0.00	0.00
	CCD01	CCD01a	7.53	218.10	-1.80	0.00	0.00	0.00	0.00
	CCD01	CCD02	6.88	55.85	3.30	0.00	0.00	0.00	0.00
	CCD02	CAA01	4.97	318.50	-16.20	0.00	0.00	0.00	0.00
	CCD02	CCD03	12.95	157.75	5.90	0.00	0.00	0.00	0.00
	CCD03	BXB03	8.76	11.90	0.05	0.00	0.00	0.00	0.00
	BXB03	CCD04	19.17	166.60	-0.60	0.00	0.00	0.00	0.00
	BXB03	CCD05	6.09	118.70	4.10	0.00	0.00	0.00	0.00
	CCD05	CCD06	16.40	32.00	-8.85	0.00	0.00	0.00	0.00
	CCD06	BXB02	7.15	309.00	0.10	0.00	0.00	0.00	0.00
	CCD06	BXB05	12.79	50.10	0.70	0.00	0.00	0.00	0.00
	BXB04	BXB05	6.17	61.10	0.00	0.00	0.00	0.00	0.00
	BXB04	CCD07	9.06	126.05	-1.10	0.00	0.00	0.00	0.00
	CCD07	CCD07a	10.55	229.30	2.50	0.00	0.00	0.00	0.00
	CCD06	CCD08	11.14	146.50	-1.30	0.00	0.00	0.00	0.00
	CCD08	CCD09	10.95	227.05	2.45	0.00	0.00	0.00	0.00
	CCD09	CCD05	7.73	294.35	16.70	0.00	0.00	0.00	0.00
	BXA12	BXA19	7.90	356.45	-1.30	0.00	0.00	0.00	0.00
	BXA19	CCE01	16.06	214.75	3.55	0.00	0.00	0.00	0.00
	BXA19	CCE02	18.54	266.00	-2.50	0.00	0.00	0.00	0.00
	BXA19	BXA20	8.30	284.00	8.30	0.00	0.00	0.00	0.00
	BXA20	CCE03	19.03	264.90	-6.20	0.00	0.00	0.00	0.00
	CCE01	CCE04	13.49	335.90	-7.30	0.00	0.00	0.00	0.00
	CCE01	CCE05	6.30	230.30	-0.15	0.00	0.00	0.00	0.00
	CCE05	CCE06	16.50	245.65	6.35	0.00	0.00	0.00	0.00
	CCE06	CCE07	16.00	96.50	-0.50	0.00	0.00	0.00	0.00
	CCE07	CCC14	4.29	79.25	-17.45	0.00	0.00	0.00	0.00
	CCE06	CCE08	12.34	200.10	-9.70	0.00	0.00	0.00	0.00
	CCE08	CCC21	4.64	278.70	-7.60	0.00	0.00	0.00	0.00
	CCE08	CCE09	22.11	258.05	-0.15	0.00	0.00	0.00	0.00
	CCE09	CCE10	16.55	62.55	-2.30	0.00	0.00	0.00	0.00
	CCE10	CCE11	10.10	38.30	-7.30	0.00	0.00	0.00	0.00
	CCE10	CCE12	8.55	346.55	-6.15	0.00	0.00	0.00	0.00
	CCE12	CCE13	12.01	63.70	3.75	0.00	0.00	0.00	0.00
	CCE13	CCE06	6.31	153.20	27.20	0.00	0.00	0.00	0.00
	CCE13	CCB16	15.11	314.75	2.00	0.00	0.00	0.00	0.00
	CCE10	CDA05	2.12	55.00	-2.35	0.00	0.00	0.00	0.00
	CDA05	CCC21	3.42	168.45	-1.35	0.00	0.00	0.00	0.00
	CCE10	CCB14	17.91	333.50	3.60	0.00	0.00	0.00	0.00
	CCC33	CCC33a	15.10	266.40	-1.20	0.00	0.00	0.00	0.00
	CCC01	CDA01	9.15	268.35	-5.45	0.00	0.00	0.00	0.00
	CDA01	CCC03	4.93	298.25	7.60	0.00	0.00	0.00	0.00
	CCC05	CDA02	11.21	271.60	-1.45	0.00	0.00	0.00	0.00
	CDA02	CCC17	7.45	160.80	4.00	0.00	0.00	0.00	0.00
	CDA02	CDA03	7.80	215.90	2.80	0.00	0.00	0.00	0.00
	CDA03	CCC19	7.07	278.85	3.90	0.00	0.00	0.00	0.00
	CDA03	CDA04	10.37	303.05	-6.60	0.00	0.00	0.00	0.00
	CDA04	CCC20	10.70	253.80	22.30	0.00	0.00	0.00	0.00
	CCA05	CEA01	4.09	41.20	-1.75	0.00	0.00	0.00	0.00
	CEA01	CEA02	5.68	107.35	-3.20	0.00	0.00	0.00	0.00
	CEA02	BWB08	10.13	328.30	2.00	0.00	0.00	0.00	0.00
	CEA02	CEA03	5.48	58.00	-6.00	0.00	0.00	0.00	0.00
	CEA03	BYB14	10.66	68.25	5.50	0.00	0.00	0.00	0.00
	BYB14	CEA04	5.15	167.95	0.05	0.00	0.00	0.00	0.00
	CEA04	CEA03	10.93	276.05	-5.35	0.00	0.00	0.00	0.00
	CEA04	BYB06	4.62	106.80	1.20	0.00	0.00	0.00	0.00
	CEA18	CEA14	4.81	301.50	4.20	0.00	0.00	0.00	0.00
	CEA12	CEA14	10.90	69.70	-2.45	0.00	0.00	0.00	0.00
	CEA14	CEA15	4.57	321.10	-9.70	0.00	0.00	0.00	0.00
	CEA15	CEA15a	14.49	53.60	1.90	0.00	0.00	0.00	0.00
	CEA14	BYB03	11.67	330.60	-0.80	0.00	0.00	0.00	0.00
	CEA14	CEA16	11.41	50.78	-2.60	0.00	0.00	0.00	0.00
	CEA16	BXC15	3.18	28.10	19.75	0.00	0.00	0.00	0.00
	CEA16	BXC19	4.52	102.25	22.00	0.00	0.00	0.00	0.00
	BXC19	CEA17	6.75	205.50	-9.45	0.00	0.00	0.00	0.00
	CEA17	CEA18	6.63	247.10	-1.50	0.00	0.00	0.00	0.00
	BYB06	CEA05	7.60	212.65	0.35	0.00	0.00	0.00	0.00
	CEA05	CEA06	13.99	273.80	0.10	0.00	0.00	0.00	0.00
	CEA06	CEA07	3.95	43.95	-5.50	0.00	0.00	0.00	0.00
	CEA07	CEA03	5.34	2.40	-6.35	0.00	0.00	0.00	0.00
	CEA02	CEA07	5.07	118.35	-0.10	0.00	0.00	0.00	0.00
	CEA06	CEA08	7.23	118.65	-1.00	0.00	0.00	0.00	0.00
	CEA08	CEA05	8.03	70.75	1.95	0.00	0.00	0.00	0.00
	CEA08	CEA09	10.58	156.80	0.50	0.00	0.00	0.00	0.00
	CEA09	CEA09a	7.34	47.10	-7.70	0.00	0.00	0.00	0.00
	CEA12	CEA09a	13.23	277.50	-5.80	0.00	0.00	0.00	0.00
	CEA12	CEA11	14.40	226.55	-1.35	0.00	0.00	0.00	0.00
	CEA11	CEA10	7.23	314.05	-7.60	0.00	0.00	0.00	0.00
	CEA10	CEA09	3.03	312.35	13.65	0.00	0.00	0.00	0.00
	CEA10	CEA10a	16.27	228.00	1.70	0.00	0.00	0.00	0.00
	CEA09	CEF03	13.56	259.30	1.20	0.00	0.00	0.00	0.00
	CEA12	CEA13	6.18	308.35	-5.85	0.00	0.00	0.00	0.00
	CEA13	BYB04	2.41	28.05	8.20	0.00	0.00	0.00	0.00
	CBA10	CEB01	9.42	114.20	8.55	0.00	0.00	0.00	0.00
	CEB01	CCD04	12.41	23.15	-1.60	0.00	0.00	0.00	0.00
	CCD04	CEB02	13.68	46.05	-2.95	0.00	0.00	0.00	0.00
	CEB02	CEB03	12.22	76.50	-0.50	0.00	0.00	0.00	0.00
	CEB03	CEB04	4.35	45.85	0.15	0.00	0.00	0.00	0.00
	CEB03	CEB05	8.45	39.10	-0.45	0.00	0.00	0.00	0.00
	CEB05	CEB06	6.15	315.15	-9.55	0.00	0.00	0.00	0.00
	CEB06	CCD08	7.66	247.35	-1.30	0.00	0.00	0.00	0.00
	CEB03	CEB07	3.83	301.60	-15.80	0.00	0.00	0.00	0.00
	CEB07	CEB07a	2.24	328.00	-12.80	0.00	0.00	0.00	0.00
	CCD08	CCD08a	4.06	150.30	-3.80	0.00	0.00	0.00	0.00
	CCD04	CEB08	15.51	74.85	0.85	0.00	0.00	0.00	0.00
	CCD04	CEB09	13.10	105.30	3.00	0.00	0.00	0.00	0.00
	CCD04	CEB10	12.09	123.15	0.10	0.00	0.00	0.00	0.00
	CEB01	CEB11	7.82	114.30	-4.70	0.00	0.00	0.00	0.00
	CEB03	CEB12	4.21	177.05	-2.45	0.00	0.00	0.00	0.00
	CEB12	CEB13	4.20	193.70	0.05	0.00	0.00	0.00	0.00
	CEB13	CEB08	6.30	274.95	11.20	0.00	0.00	0.00	0.00
	CEB08	CEB09	8.38	195.25	3.35	0.00	0.00	0.00	0.00
	CEB09	CEB14	15.03	100.30	-7.15	0.00	0.00	0.00	0.00
	CEB14	CEB15	3.89	359.90	0.10	0.00	0.00	0.00	0.00
	CEB15	CEB13	8.86	316.40	1.35	0.00	0.00	0.00	0.00
	CEB15	CEB16	7.09	311.80	-2.20	0.00	0.00	0.00	0.00
	CEB16	CEB16a	5.64	220.00	-9.70	0.00	0.00	0.00	0.00
	CEB09	CEB17	6.04	91.40	-9.65	0.00	0.00	0.00	0.00
	CEB17	CEB18	11.58	205.00	-1.10	0.00	0.00	0.00	0.00
	CEB18	CEB10	8.40	335.50	4.35	0.00	0.00	0.00	0.00
	BZB01	CEC01	12.54	155.90	7.25	0.00	0.00	0.00	0.00
	CEC01	CEC02	21.34	72.05	-0.45	0.00	0.00	0.00	0.00
	CEC02	CEC02a	11.76	310.80	-5.30	0.00	0.00	0.00	0.00
	CEC02	CEC03	7.42	23.70	-0.35	0.00	0.00	0.00	0.00
	CEC03	CEC04	4.57	189.50	-3.45	0.00	0.00	0.00	0.00
	CEC04	CEC04a	10.41	323.50	-9.30	0.00	0.00	0.00	0.00
	CEC03	CEB11	24.11	53.10	-0.10	0.00	0.00	0.00	0.00
	CEC03	CEC05	5.92	72.85	-0.45	0.00	0.00	0.00	0.00
	CEC05	CEC06	10.61	354.15	-7.80	0.00	0.00	0.00	0.00
	CEC06	CEC06a	15.40	227.30	-2.60	0.00	0.00	0.00	0.00
	CEC06	CBA09	8.44	316.70	3.45	0.00	0.00	0.00	0.00
	AZD11	CED01	4.97	239.15	3.95	0.00	0.00	0.00	0.00
	CED01	CED02	10.89	216.90	0.35	0.00	0.00	0.00	0.00
	CED02	CED03	4.77	289.75	-3.65	0.00	0.00	0.00	0.00
	CED03	CED04	6.64	7.95	-1.15	0.00	0.00	0.00	0.00
	CED04	AZD03	7.11	357.35	2.30	0.00	0.00	0.00	0.00
	CED03	CED05	4.60	258.05	7.95	0.00	0.00	0.00	0.00
	CED05	AZC10	4.05	348.80	-9.20	0.00	0.00	0.00	0.00
	CED05	CED07	2.56	11.00	-15.95	0.00	0.00	0.00	0.00
	CED07	CED04	7.02	44.20	-0.90	0.00	0.00	0.00	0.00
	CED05	CED06	8.60	269.30	-5.35	0.00	0.00	0.00	0.00
	CED06	AZC10	8.86	62.15	1.05	0.00	0.00	0.00	0.00
	CED06	CED08	1.92	182.80	2.20	0.00	0.00	0.00	0.00
	CED08	AZC11	1.48	298.15	-4.10	0.00	0.00	0.00	0.00
	CED08	CED09	9.88	141.80	-2.00	0.00	0.00	0.00	0.00
	CED09	CED10	2.30	333.75	7.50	0.00	0.00	0.00	0.00
	CED10	CED11	8.56	48.60	4.40	0.00	0.00	0.00	0.00
	CED11	CED05	3.53	304.25	1.65	0.00	0.00	0.00	0.00
	CED10	CED12	9.07	101.35	3.85	0.00	0.00	0.00	0.00
	CED12	BKB05	1.99	114.70	-15.95	0.00	0.00	0.00	0.00
	BKB05	CED13	5.56	316.20	-4.15	0.00	0.00	0.00	0.00
	CED13	CED11	4.10	347.80	14.45	0.00	0.00	0.00	0.00
	CED13	CED02	7.34	45.65	6.70	0.00	0.00	0.00	0.00
	CED09	AZC08	1.48	271.25	28.45	0.00	0.00	0.00	0.00
	BKB05	CED14	9.10	28.95	0.15	0.00	0.00	0.00	0.00
	CED14	CED02	2.91	299.90	8.30	0.00	0.00	0.00	0.00
	BKB04	CED15	7.29	54.55	-1.35	0.00	0.00	0.00	0.00
	CED15	CED16	5.06	38.75	1.70	0.00	0.00	0.00	0.00
	CED15	CED17	8.47	318.60	-1.50	0.00	0.00	0.00	0.00
	CED17	CED02	3.73	306.20	12.50	0.00	0.00	0.00	0.00
	CED16	CED18	6.30	283.20	-0.60	0.00	0.00	0.00	0.00
	CED18	CED17	2.69	293.60	-6.85	0.00	0.00	0.00	0.00
	CCB10	CCB09	10.74	315.40	-1.50	0.00	0.00	0.00	0.00
	CCB09	CEE01	12.58	212.90	-2.00	0.00	0.00	0.00	0.00
	CEE01	CEE02	15.54	223.40	1.75	0.00	0.00	0.00	0.00
	CEE02	CEE03	11.72	173.90	-6.67	0.00	0.00	0.00	0.00
	CEE03	CEE04	13.75	92.90	5.50	0.00	0.00	0.00	0.00
	CEE05	CEE03	26.65	231.90	-1.00	0.00	0.00	0.00	0.00
	CEE04	CCB14	22.13	53.90	0.05	0.00	0.00	0.00	0.00
	CCB14	CEE05	11.76	288.40	-9.00	0.00	0.00	0.00	0.00
	CEE01	CEE06	23.20	144.40	0.00	0.00	0.00	0.00	0.00
	CCB14	CCB10	14.50	327.40	-1.00	0.00	0.00	0.00	0.00
	CEF01	CEA06	13.30	90.70	-0.70	0.00	0.00	0.00	0.00
	CCA04	CEF01	4.55	152.65	-2.00	0.00	0.00	0.00	0.00
	CEA06	CEF02	9.35	209.90	0.80	0.00	0.00	0.00	0.00
	CEF02	CEF03	8.63	165.05	-0.40	0.00	0.00	0.00	0.00
	CEA08	CEF03	15.74	214.45	-0.95	0.00	0.00	0.00	0.00
	CEF03	CEA09	13.51	76.35	-1.30	0.00	0.00	0.00	0.00
	CEF03	CEF05	7.93	125.75	-1.85	0.00	0.00	0.00	0.00
	CEF05	CEF04	6.13	162.25	-0.10	0.00	0.00	0.00	0.00
	CEF04	CEA11	13.89	60.80	-0.20	0.00	0.00	0.00	0.00
	CEF04	CEF06	8.71	133.50	1.65	0.00	0.00	0.00	0.00
	CEF06	CEF07	11.83	46.35	-1.15	0.00	0.00	0.00	0.00
	CEF07	CEA11	5.27	330.55	-0.10	0.00	0.00	0.00	0.00
	BZB01	CEC01	12.70	156.40	7.00	0.00	0.00	0.00	0.00
	CEC01	CEC02	21.33	71.20	-0.70	0.00	0.00	0.00	0.00
	CEC02	CEC02b	11.04	308.70	-6.80	0.00	0.00	0.00	0.00
	CEC02	CEC03	7.50	24.40	-0.20	0.00	0.00	0.00	0.00
	CEC03	CEC04	4.75	190.70	-3.60	0.00	0.00	0.00	0.00
	CEC04	CEC04b	9.51	325.90	-10.80	0.00	0.00	0.00	0.00
	CEC03	CEC05	5.91	73.00	-0.40	0.00	0.00	0.00	0.00
	CEC05	CEB11	18.66	46.60	-0.20	0.00	0.00	0.00	0.00
	CEB11	CEB01	7.75	295.40	4.20	0.00	0.00	0.00	0.00
	CEC05	CEC06	10.60	354.30	-7.70	0.00	0.00	0.00	0.00
	CEC06	CEC06b	15.45	227.30	-2.30	0.00	0.00	0.00	0.00
	CEC06	CBA09	8.44	316.20	3.20	0.00	0.00	0.00	0.00
	CEC06	CFA01	8.29	61.30	7.20	0.00	0.00	0.00	0.00
	CFA01	CEB11	7.68	102.30	3.35	0.00	0.00	0.00	0.00
	CEC05	CFA02	5.61	66.20	-5.05	0.00	0.00	0.00	0.00
	CFA02	CFA03	4.91	170.05	-1.80	0.00	0.00	0.00	0.00
	CFA03	CFA04	8.41	66.95	5.15	0.00	0.00	0.00	0.00
	CFA04	CEB11	12.08	359.90	-0.30	0.00	0.00	0.00	0.00
	CFA03	CFA05	14.65	202.75	-1.20	0.00	0.00	0.00	0.00
	CFA05	CFA06	7.63	272.65	3.40	0.00	0.00	0.00	0.00
	CFA06	CEC02	7.35	349.15	5.65	0.00	0.00	0.00	0.00
	CFA06	CFA07	18.47	136.55	0.60	0.00	0.00	0.00	0.00
	CFA07	CFA08	8.49	346.60	0.85	0.00	0.00	0.00	0.00
	CFA08	CFA05	5.81	327.85	-6.55	0.00	0.00	0.00	0.00
	CFA07	CFA09	12.17	235.40	1.60	0.00	0.00	0.00	0.00
	CFA05	CFA05a	15.90	235.30	1.40	0.00	0.00	0.00	0.00
	CEC01	CFA10	4.91	140.15	-2.20	0.00	0.00	0.00	0.00
	CFA10	CFA10a	13.37	162.30	6.70	0.00	0.00	0.00	0.00
	CEC01	CFA11	9.96	258.45	-8.40	0.00	0.00	0.00	0.00
	CFA11	BZB02	10.19	332.75	-1.05	0.00	0.00	0.00	0.00
	CFA11	CFA12	9.48	191.70	5.05	0.00	0.00	0.00	0.00
	CFA11	CFA11a	10.59	137.50	-4.80	0.00	0.00	0.00	0.00
	CFA12	CFA13	8.02	165.55	1.60	0.00	0.00	0.00	0.00
	CFA13	CFA14	6.48	171.65	33.15	0.00	0.00	0.00	0.00
	CFA14	CFA15	9.40	251.05	-16.20	0.00	0.00	0.00	0.00
	CFA13	CFA16	14.97	120.05	2.95	0.00	0.00	0.00	0.00
	BUB11	BUB11a	13.49	62.10	0.00	0.00	0.00	0.00	0.00
	BXB05	BWA08	7.63	302.50	0.45	0.00	0.00	0.00	0.00
	CCD08	CEB06	7.71	67.00	1.60	0.00	0.00	0.00	0.00
	CEB06	CCD07	6.08	344.20	4.05	0.00	0.00	0.00	0.00
	CCD08	CCD06	11.17	326.55	1.40	0.00	0.00	0.00	0.00
	BXB04	CFC01	8.97	85.25	-0.60	0.00	0.00	0.00	0.00
	CFC01	CFC1a	6.42	172.40	-1.60	0.00	0.00	0.00	0.00
	CFC01	CCA09	10.18	75.85	8.30	0.00	0.00	0.00	0.00
	CCA09	CFC03	2.95	210.55	-34.20	0.00	0.00	0.00	0.00
	CFC03	CCD07	12.16	236.15	0.25	0.00	0.00	0.00	0.00
	BXB04	CCD07	9.00	126.40	-0.80	0.00	0.00	0.00	0.00
	CCA09	CFC04	7.78	152.10	-5.70	0.00	0.00	0.00	0.00
	CFC04	CFC05	2.75	215.60	-3.40	0.00	0.00	0.00	0.00
	CFC05	CFC06	6.92	252.55	-1.35	0.00	0.00	0.00	0.00
	CFC06	CFC07	4.86	201.40	2.70	0.00	0.00	0.00	0.00
	CFC07	CEB06	3.76	290.05	-17.00	0.00	0.00	0.00	0.00
	CCA07	CFC04	12.12	230.75	0.00	0.00	0.00	0.00	0.00
	CFC08	CFC05	4.61	289.75	-1.40	0.00	0.00	0.00	0.00
	CFC08	CFC09	8.52	71.90	2.03	0.00	0.00	0.00	0.00
	CFC09	CFC10	7.44	91.65	-7.95	0.00	0.00	0.00	0.00
	CFC10	CCA06	9.56	342.75	8.10	0.00	0.00	0.00	0.00
	CCA06	CEF01	7.63	75.80	-10.00	0.00	0.00	0.00	0.00
	CEF01	CFC11	7.66	129.10	-0.53	0.00	0.00	0.00	0.00
	CFC11	CFC10	11.73	240.60	0.65	0.00	0.00	0.00	0.00
	CFC09	CFC12	9.66	226.73	-1.70	0.00	0.00	0.00	0.00
	CFC12	CFC08	3.88	343.50	0.75	0.00	0.00	0.00	0.00
	CFC12	CFC13	6.77	200.45	-5.55	0.00	0.00	0.00	0.00
	CFC13	CFC14	8.83	245.05	-0.35	0.00	0.00	0.00	0.00
	CFC14	CEB04	5.12	294.40	8.40	0.00	0.00	0.00	0.00
	CEB05	CFC14	6.17	156.10	-5.78	0.00	0.00	0.00	0.00
	CFC13	CFC15	8.73	100.15	-0.20	0.00	0.00	0.00	0.00
	CFC15	CFC12	10.11	321.60	3.88	0.00	0.00	0.00	0.00
	CFC15	CFC16	8.15	72.60	6.95	0.00	0.00	0.00	0.00
	CFC16	CFC17	7.93	108.50	-2.65	0.00	0.00	0.00	0.00
	CEE04	CCE09	14.95	134.25	-1.65	0.00	0.00	0.00	0.00
	CEE04	CEE06	9.44	60.65	-4.65	0.00	0.00	0.00	0.00
	CEE06	CCB14	12.65	46.65	4.10	0.00	0.00	0.00	0.00
	CGA01	CGA02	5.37	17.80	7.80	0.00	0.00	0.00	0.00
	CGA01	CGA01c	9.69	330.30	-0.20	0.00	0.00	0.00	0.00
	CGA01	CGA01d	12.40	331.10	2.00	0.00	0.00	0.00	0.00
	CGA01	CGA01e	17.58	332.00	2.30	0.00	0.00	0.00	0.00
	CCB15	CGA04	2.92	235.85	-17.75	0.00	0.00	0.00	0.00
	CGA04	CGA04a	9.18	323.40	-1.20	0.00	0.00	0.00	0.00
	CGA04	CGA04b	12.05	329.20	-0.80	0.00	0.00	0.00	0.00
	CCB15	CCB15a	0.60	350.40	-90.00	0.00	0.00	0.00	0.00
	CCB15a	CCB15b	17.29	85.50	-1.80	0.00	0.00	0.00	0.00
	CCB15	CGA01	7.26	10.35	-4.85	0.00	0.00	0.00	0.00
	CGA01	CGA01a	15.64	254.70	-1.80	0.00	0.00	0.00	0.00
	CGA01	CGA01b	24.13	86.10	0.30	0.00	0.00	0.00	0.00
	CGA02	CGA03	4.57	75.35	-8.15	0.00	0.00	0.00	0.00
	CGA03	CGA03a	7.59	165.00	-4.80	0.00	0.00	0.00	0.00
	CGA03	CGA03b	7.98	82.70	-1.60	0.00	0.00	0.00	0.00
	CGA02	CGA05	14.56	48.85	5.05	0.00	0.00	0.00	0.00
	CGA05	BYA14	4.22	44.65	-9.75	0.00	0.00	0.00	0.00
	CGA01d	CGA01f	11.31	255.50	-5.60	0.00	0.00	0.00	0.00
	BXA23	BXA23a	17.86	238.30	-6.60	0.00	0.00	0.00	0.00
	CEE02	CEE02a	11.43	66.20	-14.50	0.00	0.00	0.00	0.00
	CEE05	CEE05a	9.52	265.70	-1.10	0.00	0.00	0.00	0.00
	CCB11	CCB11b	20.15	240.40	-4.00	0.00	0.00	0.00	0.00
	CCB02c	CEE02b	9.24	254.90	19.70	0.00	0.00	0.00	0.00
	CEE02b	CEE02	0.50	350.40	-90.00	0.00	0.00	0.00	0.00
	CCD08	CGC01	4.43	305.50	-3.45	0.00	0.00	0.00	0.00
	CGC01	CGC1a	2.92	224.50	-23.60	0.00	0.00	0.00	0.00
	CFC10	CGC02	3.95	39.65	-2.20	0.00	0.00	0.00	0.00
	CGC02	CGC2a	5.97	152.10	-7.70	0.00	0.00	0.00	0.00
	CGC02	CFC11	8.19	67.80	0.15	0.00	0.00	0.00	0.00
	CFC11	CEF02	4.46	139.90	2.30	0.00	0.00	0.00	0.00
	CEF03	CFC17	11.74	224.40	2.55	0.00	0.00	0.00	0.00
	CFC17	CGC03	6.18	159.10	-10.30	0.00	0.00	0.00	0.00
	CGC03	CGC04	14.09	61.95	1.05	0.00	0.00	0.00	0.00
	CGC04	CEF05	2.92	1.50	0.65	0.00	0.00	0.00	0.00
	CGC03	CGC05	7.04	146.25	4.35	0.00	0.00	0.00	0.00
	CGC05	CGC06	7.47	68.80	6.75	0.00	0.00	0.00	0.00
	CGC06	CEF06	10.01	85.25	-4.35	0.00	0.00	0.00	0.00
	CEF07	CGD01	12.50	76.80	3.20	0.00	0.00	0.00	0.00
	CGD01	CGD02	6.39	348.55	-5.80	0.00	0.00	0.00	0.00
	CGD01	CEA12	12.55	338.35	-0.70	0.00	0.00	0.00	0.00
	CGD02	CGD03	13.44	68.75	-1.10	0.00	0.00	0.00	0.00
	CGD01	CGD04	13.05	50.15	0.15	0.00	0.00	0.00	0.00
	CGD04	CGD03	3.08	23.20	-18.75	0.00	0.00	0.00	0.00
	CGD03	CEA18	2.32	320.15	-0.15	0.00	0.00	0.00	0.00
	CGD04	CGD05	10.90	62.90	1.80	0.00	0.00	0.00	0.00
	CGD05	BXC21	3.31	140.30	-21.40	0.00	0.00	0.00	0.00
	CGD05	CGD06	6.51	128.40	-1.00	0.00	0.00	0.00	0.00
	CGD06	CGD07	12.47	243.25	-4.30	0.00	0.00	0.00	0.00
	CGD07	CGD08	3.69	352.45	10.50	0.00	0.00	0.00	0.00
	CGD08	CGD04	3.36	285.85	0.85	0.00	0.00	0.00	0.00
	CGD07	CGD09	5.38	122.20	0.75	0.00	0.00	0.00	0.00
	CGD09	CGD10	5.17	169.30	8.20	0.00	0.00	0.00	0.00
	CGD10	BXC34	13.70	41.55	0.05	0.00	0.00	0.00	0.00
	BXC34	CGD06	4.85	314.65	2.35	0.00	0.00	0.00	0.00
	BQB23	CGE01	8.21	87.90	-8.40	0.00	0.00	0.00	0.00
	CGE01	CGE01a	19.63	212.60	2.80	0.00	0.00	0.00	0.00
	CGE01	CGE01b	7.52	84.50	-2.30	0.00	0.00	0.00	0.00
	CED01	CGE02	6.98	134.15	0.55	0.00	0.00	0.00	0.00
	CGE02	CGE03	4.98	24.95	-3.05	0.00	0.00	0.00	0.00
	CGE03	CGE04	3.49	350.30	-2.25	0.00	0.00	0.00	0.00
	CGE04	AZD11	2.40	249.75	-0.35	0.00	0.00	0.00	0.00
	CGE02	CGE05	5.41	160.65	0.60	0.00	0.00	0.00	0.00
	CGE05	CGE06	8.67	61.65	0.30	0.00	0.00	0.00	0.00
	CGE06	CGE07	2.29	327.35	-6.35	0.00	0.00	0.00	0.00
	CGE07	CGE03	7.20	300.20	-0.95	0.00	0.00	0.00	0.00
	CGE07	CGE08	10.75	44.70	1.35	0.00	0.00	0.00	0.00
	CGE08	CGE09	7.37	262.75	-3.35	0.00	0.00	0.00	0.00
	CGE09	CGE04	7.03	273.80	-0.80	0.00	0.00	0.00	0.00
	CGE09	CGE10	8.69	33.20	2.45	0.00	0.00	0.00	0.00
	CGE08	CGE10	6.63	337.55	-1.00	0.00	0.00	0.00	0.00
	CGE10	CGE11	6.09	316.20	0.40	0.00	0.00	0.00	0.00
	CGE11	AZD12	6.64	237.85	-3.75	0.00	0.00	0.00	0.00
	CGE05	CGE12	5.67	128.70	1.20	0.00	0.00	0.00	0.00
	CGE12	CGE13	3.67	99.10	-0.80	0.00	0.00	0.00	0.00
	CGE13	CGE14	4.36	35.00	0.70	0.00	0.00	0.00	0.00
	CGE14	CGE06	5.46	325.00	-0.55	0.00	0.00	0.00	0.00
	BNC19	CGF01	6.65	267.40	-6.95	0.00	0.00	0.00	0.00
	BMA12	CGF01	8.70	237.70	-6.30	0.00	0.00	0.00	0.00
	CGF01	CGF02	5.13	202.50	6.40	0.00	0.00	0.00	0.00
	CEB11	CHA01	7.15	154.25	1.65	0.00	0.00	0.00	0.00
	CHA01	CEB18	10.91	50.85	-2.70	0.00	0.00	0.00	0.00
	CEB18	CHA02	12.52	98.75	-1.85	0.00	0.00	0.00	0.00
	CHA02	CHA03	9.92	46.55	-1.30	0.00	0.00	0.00	0.00
	CHA03	CEB14	6.60	299.10	0.70	0.00	0.00	0.00	0.00
	CHA03	CHA04	11.47	108.40	0.50	0.00	0.00	0.00	0.00
	CHA04	CHA07	8.38	347.35	-4.95	0.00	0.00	0.00	0.00
	CHA07	CHA06	10.05	331.25	0.85	0.00	0.00	0.00	0.00
	CHA06	CEB14	14.21	224.35	2.30	0.00	0.00	0.00	0.00
	CHA07	CHA07a	9.56	111.90	-1.40	0.00	0.00	0.00	0.00
	CHA04	CHA05	7.62	59.90	-4.80	0.00	0.00	0.00	0.00
	CFA07	CHA08	14.20	43.90	9.05	0.00	0.00	0.00	0.00
	CHA08	CHA09	16.86	80.35	-13.80	0.00	0.00	0.00	0.00
	CHA09	CHA10	13.25	53.00	17.40	0.00	0.00	0.00	0.00
	CHA08	CHA12	12.02	141.85	-13.70	0.00	0.00	0.00	0.00
	CHA12	CHA13	5.86	11.80	11.90	0.00	0.00	0.00	0.00
	CHA13	CHA09	10.25	51.35	-13.65	0.00	0.00	0.00	0.00
	CHA10	CHA11	5.24	355.25	-30.00	0.00	0.00	0.00	0.00
	CHA10	CHA14	11.94	80.73	-12.80	0.00	0.00	0.00	0.00
	CHA14	CHA15	8.44	21.55	-3.00	0.00	0.00	0.00	0.00
	CHA15	CHA16	5.72	304.60	0.60	0.00	0.00	0.00	0.00
	CHA16	CHA11	13.17	231.65	1.50	0.00	0.00	0.00	0.00
	CHA16	CHA17	2.89	5.10	3.20	0.00	0.00	0.00	0.00
	CHA17	CHA18	7.14	302.75	4.10	0.00	0.00	0.00	0.00
	CHA18	CHA03	7.06	353.90	-1.15	0.00	0.00	0.00	0.00
	CHA17	CHA19	6.53	222.05	3.85	0.00	0.00	0.00	0.00
	CHA19	CHA11	8.78	224.35	-1.15	0.00	0.00	0.00	0.00
	CHA04	CHA04a	1.00	350.40	-90.00	0.00	0.00	0.00	0.00
	CHA04a	CHA04b	3.93	178.10	-5.60	0.00	0.00	0.00	0.00
	CHA04b	CHA17	5.34	238.60	8.70	0.00	0.00	0.00	0.00
	CHA17	CHA17b	11.46	265.80	-4.60	0.00	0.00	0.00	0.00
	AZD09	AZD04	8.53	255.15	1.45	0.00	0.00	0.00	0.00
	CGD12	CED16	6.26	272.30	-5.10	0.00	0.00	0.00	0.00
	CGE12	CHB01	11.37	241.60	-3.20	0.00	0.00	0.00	0.00
	CCE09	CIA01	7.73	178.00	-10.30	0.00	0.00	0.00	0.00
	CIA01	CIA01a	7.96	134.10	-8.90	0.00	0.00	0.00	0.00
	CIA01	CIA02	13.23	64.10	-4.10	0.00	0.00	0.00	0.00
	CIA02	CIA03	6.19	355.27	32.43	0.00	0.00	0.00	0.00
	CIA03	CCE09	12.30	253.30	-5.70	0.00	0.00	0.00	0.00
	CCE09	CIA04	6.38	183.90	-7.40	0.00	0.00	0.00	0.00
	CIA04	CIA05	9.81	243.85	-3.30	0.00	0.00	0.00	0.00
	CIA05	CIA05a	7.05	219.50	-8.60	0.00	0.00	0.00	0.00
	CIA05	CIA05b	8.36	322.50	-6.20	0.00	0.00	0.00	0.00
	CCE09	CIA06	4.47	239.50	-12.65	0.00	0.00	0.00	0.00
	CIA06	CIA06a	9.21	264.80	-6.10	0.00	0.00	0.00	0.00
	CIA06	CIA07	1.10	5.70	-37.50	0.00	0.00	0.00	0.00
	CIA07	CIA08	16.41	250.60	-2.70	0.00	0.00	0.00	0.00
	CEE09	CIA09	10.31	281.90	0.70	0.00	0.00	0.00	0.00
	CIA09	CIA09a	6.63	173.60	-17.10	0.00	0.00	0.00	0.00
	CIA09	CIA10	4.71	267.45	-13.85	0.00	0.00	0.00	0.00
	CIA10	CIA08	9.86	207.20	-8.20	0.00	0.00	0.00	0.00
	CIA08	CIA08a	9.35	245.90	-1.30	0.00	0.00	0.00	0.00
	CIA10	CIA11	7.94	248.65	0.15	0.00	0.00	0.00	0.00
	CIA11	CIA11a	11.88	236.20	-7.60	0.00	0.00	0.00	0.00
	CIA11	CIA12	12.76	4.90	5.85	0.00	0.00	0.00	0.00
	CIA12	CEE04	10.24	95.80	1.40	0.00	0.00	0.00	0.00
	CIA12	CEE03	3.79	254.90	-14.40	0.00	0.00	0.00	0.00
	CIA12	CIA13	8.07	243.95	-8.30	0.00	0.00	0.00	0.00
	CIA13	CIA14	8.79	243.05	-1.25	0.00	0.00	0.00	0.00
	CIA14	CIA14a	1.00	350.40	-90.00	0.00	0.00	0.00	0.00
	CIA14a	CIA14b	6.13	194.10	4.10	0.00	0.00	0.00	0.00
	CIA14	CIA14c	9.72	259.40	-0.10	0.00	0.00	0.00	0.00
	CIA13	CEE02	14.29	9.67	7.23	0.00	0.00	0.00	0.00
	CEE02	CIA15	11.98	254.95	8.75	0.00	0.00	0.00	0.00
	CIA15	CIA15a	10.23	204.60	-18.30	0.00	0.00	0.00	0.00
	CIA15	CIA16	7.07	324.10	-9.60	0.00	0.00	0.00	0.00
	CIA16	CIA16a	11.50	248.60	-17.80	0.00	0.00	0.00	0.00
	CIA16	CIA17	9.11	326.60	6.00	0.00	0.00	0.00	0.00
	CIA17	CIA18	20.90	320.50	0.75	0.00	0.00	0.00	0.00
	CIA18	CIA19	6.59	264.60	-2.35	0.00	0.00	0.00	0.00
	CIA19	CIA20	14.35	320.25	0.80	0.00	0.00	0.00	0.00
	CIA19	CIA21	9.92	248.80	6.50	0.00	0.00	0.00	0.00
	CEE01	CIA22	1.85	322.90	-38.50	0.00	0.00	0.00	0.00
	CIA22	CIA23	10.50	272.15	5.10	0.00	0.00	0.00	0.00
	CIA23	CIA23a	7.64	286.00	7.70	0.00	0.00	0.00	0.00
	CIA23	CIA24	14.26	40.65	-4.10	0.00	0.00	0.00	0.00
	CIA24	CIA24a	12.49	158.20	-0.80	0.00	0.00	0.00	0.00
	CIA24	CIA25	7.03	69.85	-0.40	0.00	0.00	0.00	0.00
	CIA24	CIA26	7.41	308.92	-0.35	0.00	0.00	0.00	0.00
	CIA26	CIA27	9.20	90.70	-3.40	0.00	0.00	0.00	0.00
	CIA27	CIA25	3.73	124.80	8.70	0.00	0.00	0.00	0.00
	CIA25	CIA28	5.80	163.85	1.50	0.00	0.00	0.00	0.00
	CIA25	CIA29	10.43	103.75	8.20	0.00	0.00	0.00	0.00
	CIA29	CIA28	9.00	250.00	-7.75	0.00	0.00	0.00	0.00
	CIA28	CCB09	1.97	33.95	38.85	0.00	0.00	0.00	0.00
	CIA24a	CEE01	2.90	250.90	19.50	0.00	0.00	0.00	0.00
	CCC29	CIB01	11.61	180.90	-1.65	0.00	0.00	0.00	0.00
	CIB01	CIB02	13.21	150.45	-3.90	0.00	0.00	0.00	0.00
	CIB02	CIB03	15.54	134.00	0.95	0.00	0.00	0.00	0.00
	CIB03	CIB04	10.90	53.05	8.05	0.00	0.00	0.00	0.00
	CIB04	CIB05	15.99	303.45	2.45	0.00	0.00	0.00	0.00
	CIB05	CIB02	8.34	233.80	-17.60	0.00	0.00	0.00	0.00
	CIB05	CIB05a	9.81	359.30	1.70	0.00	0.00	0.00	0.00
	CIB05	CIB06	18.73	51.45	-1.60	0.00	0.00	0.00	0.00
	CIB06	CIB07	12.93	319.00	-8.40	0.00	0.00	0.00	0.00
	CIB07	CIB08	8.58	338.10	-4.25	0.00	0.00	0.00	0.00
	CIB07	CIB07a	12.79	214.80	10.70	0.00	0.00	0.00	0.00
	CIB06	CIB09	7.61	92.85	-0.20	0.00	0.00	0.00	0.00
	CIB06	CIB10	11.16	203.00	-1.90	0.00	0.00	0.00	0.00
	CIB10	CIB11	14.33	90.30	-5.00	0.00	0.00	0.00	0.00
	CIB11	CIB12	7.68	14.40	19.75	0.00	0.00	0.00	0.00
	CIB12	CIB09	5.19	305.80	-10.10	0.00	0.00	0.00	0.00
	CIB11	CIB13	12.22	257.00	0.80	0.00	0.00	0.00	0.00
	CIB13	CIB04	7.40	175.35	9.95	0.00	0.00	0.00	0.00
	CIB03	CIB14	20.73	252.95	0.95	0.00	0.00	0.00	0.00
	CIB14	CIB15	7.05	272.05	3.20	0.00	0.00	0.00	0.00
	CIB15	CIB16	19.64	329.10	-0.40	0.00	0.00	0.00	0.00
	CIB16	CCC36	5.24	51.40	12.85	0.00	0.00	0.00	0.00
	CIB16	CCC35	12.87	204.90	-1.05	0.00	0.00	0.00	0.00
	CCC35	CIB17	12.52	88.70	5.90	0.00	0.00	0.00	0.00
	CIB17	CIB17a	18.02	48.50	2.40	0.00	0.00	0.00	0.00
	CIB03	CIB18	14.56	180.35	1.60	0.00	0.00	0.00	0.00
	CIB18	CIB19	14.46	30.25	7.70	0.00	0.00	0.00	0.00
	CIB19	CIB04	8.86	8.00	-5.10	0.00	0.00	0.00	0.00
	CIB19	CIB20	10.74	55.05	-13.60	0.00	0.00	0.00	0.00
	CIB20	CIB21	7.32	22.70	7.65	0.00	0.00	0.00	0.00
	CIB21	CIB11	6.42	11.55	-7.30	0.00	0.00	0.00	0.00
	CIB20	CIB22	9.35	334.15	-7.00	0.00	0.00	0.00	0.00
	CIB22	CIB13	4.41	290.35	21.90	0.00	0.00	0.00	0.00
	CIB11	CIB23	22.63	44.50	1.75	0.00	0.00	0.00	0.00
	CIB23	CIB24	4.23	304.70	4.25	0.00	0.00	0.00	0.00
	CIB24	CFA16	3.60	1.95	12.65	0.00	0.00	0.00	0.00
	CIB09	CIB25	14.95	45.50	-4.00	0.00	0.00	0.00	0.00
	CIB25	CFA16	4.63	68.15	15.45	0.00	0.00	0.00	0.00
	CIB23	CIB26	15.50	155.15	-1.75	0.00	0.00	0.00	0.00
	CIB26	CIB27	6.43	107.85	12.15	0.00	0.00	0.00	0.00
	CIB27	CIB28	17.86	231.90	-6.55	0.00	0.00	0.00	0.00
	CIB28	CIB29	11.50	313.95	8.60	0.00	0.00	0.00	0.00
	CIB29	CIB11	7.11	295.50	-10.25	0.00	0.00	0.00	0.00
	CIB28	CIB30	8.97	275.70	3.80	0.00	0.00	0.00	0.00
	CIB30	CIB21	7.84	298.40	4.00	0.00	0.00	0.00	0.00
	CIB30	CIB31	9.84	226.80	-2.75	0.00	0.00	0.00	0.00
	CIB31	CIB20	4.79	329.15	-0.40	0.00	0.00	0.00	0.00
	CIB18	CIB32	10.58	91.80	1.95	0.00	0.00	0.00	0.00
	CIB32	CIB33	9.43	37.05	-5.15	0.00	0.00	0.00	0.00
	CIB33	CIB19	10.50	300.40	13.90	0.00	0.00	0.00	0.00
	CIB33	CIB34	7.67	98.30	-3.10	0.00	0.00	0.00	0.00
	CIB34	CIB31	10.13	327.15	1.50	0.00	0.00	0.00	0.00
	CIB34	CIB35	10.95	184.85	1.55	0.00	0.00	0.00	0.00
	CIB35	CIB36	12.32	274.00	1.80	0.00	0.00	0.00	0.00
	CIB36	CIB32	3.79	0.45	8.45	0.00	0.00	0.00	0.00
	CIB36	CIB37	10.12	180.45	14.10	0.00	0.00	0.00	0.00
	CIB37	CIB38	11.97	123.55	6.30	0.00	0.00	0.00	0.00
	CIB38	CIB39	11.36	108.00	-15.00	0.00	0.00	0.00	0.00
	CIB39	CIB40	7.46	25.75	-8.65	0.00	0.00	0.00	0.00
	CIB40	CIB41	7.54	336.75	5.50	0.00	0.00	0.00	0.00
	CIB41	CIB35	10.04	304.60	-4.20	0.00	0.00	0.00	0.00
	CIB35	CIB42	6.28	209.75	11.40	0.00	0.00	0.00	0.00
	CIB42	CIB37	10.04	248.70	9.10	0.00	0.00	0.00	0.00
	CIB42	CIB38	10.65	176.15	15.45	0.00	0.00	0.00	0.00
	CIB40	CIB43	14.23	68.00	-2.50	0.00	0.00	0.00	0.00
	CIB43	CIB44	14.13	308.75	6.35	0.00	0.00	0.00	0.00
	CIB44	CIB35	13.61	263.25	-4.00	0.00	0.00	0.00	0.00
	CIB44	CIB45	5.36	8.30	0.55	0.00	0.00	0.00	0.00
	CIB45	CIB46	8.89	52.85	-8.30	0.00	0.00	0.00	0.00
	CIB46	CIB47	6.71	10.55	4.15	0.00	0.00	0.00	0.00
	CIB46	CIB48	5.48	177.30	25.60	0.00	0.00	0.00	0.00
	CIB47	CIB47a	8.61	352.80	-1.30	0.00	0.00	0.00	0.00
	CIB47	CIB49	9.39	147.10	18.90	0.00	0.00	0.00	0.00
	CIB49	CIB50	8.88	142.70	-6.80	0.00	0.00	0.00	0.00
	CIB49	CIB48	7.17	234.55	-9.40	0.00	0.00	0.00	0.00
	CIB50	CIB48	11.49	284.10	-0.40	0.00	0.00	0.00	0.00
	CIB48	CIB44	9.95	234.70	-5.85	0.00	0.00	0.00	0.00
	CIB50	CIB51	8.07	80.75	-11.50	0.00	0.00	0.00	0.00
	CIB40	CIB52	13.27	118.05	-2.35	0.00	0.00	0.00	0.00
	CIB52	CIB53	5.02	88.95	2.45	0.00	0.00	0.00	0.00
	CIB53	CIB43	11.91	343.40	-1.25	0.00	0.00	0.00	0.00
	CIB53	CIB54	10.71	14.70	14.60	0.00	0.00	0.00	0.00
	CIB54	CIB55	21.92	161.90	-7.95	0.00	0.00	0.00	0.00
	CIB55	CIB56	16.39	87.05	6.00	0.00	0.00	0.00	0.00
	CIB56	CIB57	10.62	49.55	-1.45	0.00	0.00	0.00	0.00
	CIB57	CIB58	12.69	5.85	5.05	0.00	0.00	0.00	0.00
	CIB58	CIB59	15.20	87.00	-1.85	0.00	0.00	0.00	0.00
	CIB59	CIB60	8.19	24.55	-0.95	0.00	0.00	0.00	0.00
	CIB60	CIB61	9.20	100.70	-0.70	0.00	0.00	0.00	0.00
	CFC10	CGC02	3.94	40.35	-2.10	0.00	0.00	0.00	0.00
	CGC02	CGC02a	5.87	156.30	-5.40	0.00	0.00	0.00	0.00
	CGC02	CFC11	8.14	69.85	0.45	0.00	0.00	0.00	0.00
	CFC11	CEF02	4.41	139.60	2.20	0.00	0.00	0.00	0.00
	CGC05	CIC01	7.85	283.80	-0.05	0.00	0.00	0.00	0.00
	CIC01	CIC02	3.51	220.70	-1.00	0.00	0.00	0.00	0.00
	CIC02	CIC02a	6.62	319.70	-15.30	0.00	0.00	0.00	0.00
	CIC02	CIC03	11.98	277.85	1.65	0.00	0.00	0.00	0.00
	CIC03	CIC03a	6.87	148.90	-9.20	0.00	0.00	0.00	0.00
	CIC03	CIC04	9.00	27.45	-4.05	0.00	0.00	0.00	0.00
	CIC04	CIC04a	6.25	94.80	-1.40	0.00	0.00	0.00	0.00
	CIC04	CFC16	6.87	38.20	11.10	0.00	0.00	0.00	0.00
	CIC03	CIC05	7.17	309.85	-1.00	0.00	0.00	0.00	0.00
	CIC05	CIC04	10.29	71.00	-3.05	0.00	0.00	0.00	0.00
	CIC05	CIC06	3.09	13.90	-7.85	0.00	0.00	0.00	0.00
	CIC06	CFC15	6.39	59.75	2.50	0.00	0.00	0.00	0.00
	CIC05	CFC13	8.12	343.90	-0.95	0.00	0.00	0.00	0.00
	CIC06	CIC07	7.25	242.95	0.50	0.00	0.00	0.00	0.00
	CIC07	CFC14	6.45	315.15	1.35	0.00	0.00	0.00	0.00
	CIC07	CEB12	12.19	266.05	3.45	0.00	0.00	0.00	0.00
	CIC03	CHA06	8.16	263.95	-4.15	0.00	0.00	0.00	0.00
	CHA06	CHA06a	3.51	320.40	-20.40	0.00	0.00	0.00	0.00
	CIC07	CIC07a	3.07	156.30	-22.30	0.00	0.00	0.00	0.00
	CIC07a	CIC06a	0.00	350.40	0.00	0.00	0.00	0.00	0.00
	CIC02	CIC08	11.57	153.45	3.50	0.00	0.00	0.00	0.00
	CIC08	CIC09	7.29	340.35	-9.80	0.00	0.00	0.00	0.00
	CIC09	CIC10	17.13	241.75	-0.45	0.00	0.00	0.00	0.00
	CIC08	CIC11	8.68	241.60	-1.05	0.00	0.00	0.00	0.00
	CIC11	CHA05	4.72	293.55	-9.75	0.00	0.00	0.00	0.00
	CIC03	CIC03b	7.51	150.20	-4.00	0.00	0.00	0.00	0.00
	CIC10	CHA07	4.57	321.35	4.45	0.00	0.00	0.00	0.00
	CEF06	CID01	10.16	150.90	-1.65	0.00	0.00	0.00	0.00
	CID01	CID01a	3.92	5.15	-9.60	0.00	0.00	0.00	0.00
	CID01a	CID03	9.97	64.90	4.35	0.00	0.00	0.00	0.00
	CID01	CID02	14.27	81.20	2.15	0.00	0.00	0.00	0.00
	CID02	CID04	10.08	311.90	-2.45	0.00	0.00	0.00	0.00
	CID03	CID04	2.78	283.95	-3.40	0.00	0.00	0.00	0.00
	CID04	CEF07	8.95	340.75	-0.25	0.00	0.00	0.00	0.00
	CGD01	CID05	11.39	135.30	-2.25	0.00	0.00	0.00	0.00
	CID05	CID04	17.67	260.15	0.00	0.00	0.00	0.00	0.00
	CID05	CID06	2.71	201.95	20.75	0.00	0.00	0.00	0.00
	CID06	CID02	11.76	229.70	-2.55	0.00	0.00	0.00	0.00
	CHA17c	CHA17	0.71	117.30	36.30	0.00	0.00	0.00	0.00
	CHA17c	CHA11a	15.90	257.40	-0.60	0.00	0.00	0.00	0.00
	CHA11	CHA11a	10.14	325.40	-5.70	0.00	0.00	0.00	0.00
	CEB18	CEB18a	12.71	139.50	-7.50	0.00	0.00	0.00	0.00
	CEB18a	CHA11a	1.72	76.10	-7.00	0.00	0.00	0.00	0.00
	CHA10	CJA01	8.98	117.85	-12.05	0.00	0.00	0.00	0.00
	CJA01	CJA02	7.20	124.10	-4.55	0.00	0.00	0.00	0.00
	CJA02	CJA03	16.99	79.80	0.75	0.00	0.00	0.00	0.00
	CJA03	CJA04	10.37	100.30	0.15	0.00	0.00	0.00	0.00
	CJA04	CJA05	15.47	77.00	0.65	0.00	0.00	0.00	0.00
	CJA05	CJA06	10.73	91.95	7.15	0.00	0.00	0.00	0.00
	CJA06	CJA07	4.97	111.40	0.20	0.00	0.00	0.00	0.00
	CJA07	CJA08	12.56	233.40	-4.90	0.00	0.00	0.00	0.00
	CJA08	CJA05	10.46	331.37	-0.40	0.00	0.00	0.00	0.00
	CJA08	CJA09	5.72	268.15	-4.15	0.00	0.00	0.00	0.00
	CJA09	CJA10	11.58	233.40	0.75	0.00	0.00	0.00	0.00
	CJA10	CJA11	10.99	315.30	-3.75	0.00	0.00	0.00	0.00
	CJA11	CJA12	4.70	349.10	15.90	0.00	0.00	0.00	0.00
	CJA12	CJA03	7.19	292.30	-3.20	0.00	0.00	0.00	0.00
	CJA12	CJA13	2.74	251.25	-25.40	0.00	0.00	0.00	0.00
	CJA13	CJA15	10.95	245.25	-0.20	0.00	0.00	0.00	0.00
	CJA03	CJA14	10.13	226.55	-4.75	0.00	0.00	0.00	0.00
	CJA14	CJA15	2.11	128.30	2.60	0.00	0.00	0.00	0.00
	CJA15	CJA16	4.44	229.40	-0.25	0.00	0.00	0.00	0.00
	CJA16	CJA17	6.59	253.35	0.10	0.00	0.00	0.00	0.00
	CJA16	CJA21	6.79	332.55	9.50	0.00	0.00	0.00	0.00
	CJA17	CJA18	7.34	225.45	-2.05	0.00	0.00	0.00	0.00
	CJA18	CJA19	15.44	323.95	3.90	0.00	0.00	0.00	0.00
	CJA18	CJA20	9.79	331.50	3.25	0.00	0.00	0.00	0.00
	CJA20	CJA02	10.73	50.85	3.00	0.00	0.00	0.00	0.00
	CJA19	CJA01	9.87	42.23	4.25	0.00	0.00	0.00	0.00
	CJA02	CJA21	5.12	116.20	5.40	0.00	0.00	0.00	0.00
	CJA08	CJA22	6.60	130.55	1.55	0.00	0.00	0.00	0.00
	CJA22	CJA23	9.83	239.75	5.40	0.00	0.00	0.00	0.00
	CJA23	CJA24	9.56	113.65	8.80	0.00	0.00	0.00	0.00
	CJA24	CJA25	16.85	234.70	-9.90	0.00	0.00	0.00	0.00
	CJA25	CJA26	15.55	198.95	2.70	0.00	0.00	0.00	0.00
	CJA26	CJA27	22.44	287.35	-0.25	0.00	0.00	0.00	0.00
	CJA27	CJA28	24.51	74.00	2.60	0.00	0.00	0.00	0.00
	CJA28	CJA25	3.63	65.70	-25.30	0.00	0.00	0.00	0.00
	CJA25	CJA30	3.76	3.50	0.35	0.00	0.00	0.00	0.00
	CJA30	CJA29	7.54	317.65	1.55	0.00	0.00	0.00	0.00
	CJA29	CJA10	6.36	343.60	-0.40	0.00	0.00	0.00	0.00
	CJA29	CJA29a	8.01	38.30	2.50	0.00	0.00	0.00	0.00
	CGD02	CJB01	14.16	156.45	0.80	0.00	0.00	0.00	0.00
	CJB01	CGD09	15.66	61.41	-0.85	0.00	0.00	0.00	0.00
	CGD09	CGD10	5.17	170.10	8.00	0.00	0.00	0.00	0.00
	CGD10	CJB02	3.60	107.65	7.75	0.00	0.00	0.00	0.00
	CJB02	CJB02a	10.54	233.90	-6.40	0.00	0.00	0.00	0.00
	CJB02	CJB03	5.22	143.85	-4.00	0.00	0.00	0.00	0.00
	CJB03	BXC39	3.63	184.90	1.75	0.00	0.00	0.00	0.00
	CJB03	CJB04	17.10	237.50	-1.35	0.00	0.00	0.00	0.00
	CJB04	CJB05	7.29	352.85	1.35	0.00	0.00	0.00	0.00
	CJB05	CID06	3.45	288.80	8.40	0.00	0.00	0.00	0.00
	CJB05	CJB01	7.62	306.90	-3.50	0.00	0.00	0.00	0.00
	CJB05	CGD10	11.20	50.55	0.20	0.00	0.00	0.00	0.00
	CJB03	CJB06	5.77	15.05	5.15	0.00	0.00	0.00	0.00
	CJB06	BXC33	4.83	90.70	-8.60	0.00	0.00	0.00	0.00
	CGD10	BXC34	13.69	42.25	0.10	0.00	0.00	0.00	0.00
	BXC39	CJB07	2.80	198.45	1.30	0.00	0.00	0.00	0.00
	CJB07	CJB08	9.62	247.70	0.55	0.00	0.00	0.00	0.00
	CJB08	CJB04	4.46	281.60	-8.10	0.00	0.00	0.00	0.00
	CJA27	CKA01	5.63	262.50	-11.70	0.00	0.00	0.00	0.00
	CKA01	CKA02	5.33	48.40	5.80	0.00	0.00	0.00	0.00
	CKA02	CKA03	4.61	28.00	-6.00	0.00	0.00	0.00	0.00
	CKA03	CKA04	6.99	94.00	4.20	0.00	0.00	0.00	0.00
	CKA04	CKA05	8.20	66.80	-5.80	0.00	0.00	0.00	0.00
	CKA04	CJA27	9.77	231.40	3.10	0.00	0.00	0.00	0.00
	CKA05	CKA06	5.24	16.90	-4.20	0.00	0.00	0.00	0.00
	CKA06	CKA07	4.70	296.70	9.10	0.00	0.00	0.00	0.00
	CKA07	CJA29	9.17	81.20	4.90	0.00	0.00	0.00	0.00
	CKA07	CKA08	5.05	338.00	-4.10	0.00	0.00	0.00	0.00
	CJA10	CKA08	9.75	253.30	-5.90	0.00	0.00	0.00	0.00
	CJA10	CKA10	6.32	297.70	-6.40	0.00	0.00	0.00	0.00
	CKA10	CKA11	14.82	242.00	-0.10	0.00	0.00	0.00	0.00
	CKA08	CKA08a	14.65	328.50	-0.50	0.00	0.00	0.00	0.00
	CKA08	CKA09	7.36	223.30	4.80	0.00	0.00	0.00	0.00
	CKA09	CKA11	5.83	314.10	-1.90	0.00	0.00	0.00	0.00
	CKA04	CKA12	5.78	339.50	-8.70	0.00	0.00	0.00	0.00
	CKA12	CKA06	11.37	73.10	-2.30	0.00	0.00	0.00	0.00
	CKA12	CKA09	4.03	358.20	7.80	0.00	0.00	0.00	0.00
	CKA11	CJA16	9.90	324.80	0.50	0.00	0.00	0.00	0.00
	CKA13	CJA17	9.45	330.40	1.40	0.00	0.00	0.00	0.00
	CKA11	CKA13	7.50	257.30	-2.20	0.00	0.00	0.00	0.00
	CKA13	CKA14	6.12	165.60	0.00	0.00	0.00	0.00	0.00
	CKA14	CKA09	10.84	58.30	2.60	0.00	0.00	0.00	0.00
	CKA14	CKA02	9.53	165.60	4.90	0.00	0.00	0.00	0.00
	CKA13	CKA13a	18.71	222.20	-2.60	0.00	0.00	0.00	0.00
	CKA03	CKA15	15.83	254.40	0.10	0.00	0.00	0.00	0.00
	CKA15	CKA16	4.96	210.10	-3.30	0.00	0.00	0.00	0.00
	CKA16	CKA17	11.42	242.80	-0.30	0.00	0.00	0.00	0.00
	CKA16	CKA18	11.01	164.30	1.70	0.00	0.00	0.00	0.00
	CIB61	CKB01	14.35	55.45	-3.30	0.00	0.00	0.00	0.00
	CKB01	CKB02	13.69	59.15	-2.00	0.00	0.00	0.00	0.00
	CKB02	CKB03	18.59	39.20	3.10	0.00	0.00	0.00	0.00
	CKB03	CKB04	20.49	60.55	1.35	0.00	0.00	0.00	0.00
	CKB04	CKB05	9.07	316.45	-13.40	0.00	0.00	0.00	0.00
	CKB05	CJA26	14.36	259.65	8.65	0.00	0.00	0.00	0.00
	CJA26	CJA27	22.43	287.15	-0.25	0.00	0.00	0.00	0.00
	CJA27	CKB06	25.51	138.00	-0.25	0.00	0.00	0.00	0.00
	CKB06	CKB03	6.73	101.85	-2.65	0.00	0.00	0.00	0.00
	CKB07	CKB08	11.25	64.55	0.80	0.00	0.00	0.00	0.00
	CKB06	CKB07	7.34	54.80	-12.10	0.00	0.00	0.00	0.00
	CKB08	CKB04	8.69	92.80	10.50	0.00	0.00	0.00	0.00
	CKB06	CKB09	14.37	247.05	-5.75	0.00	0.00	0.00	0.00
	CKB09	CKB02	12.96	141.05	0.15	0.00	0.00	0.00	0.00
	CKB09	CKB10	13.58	270.75	6.70	0.00	0.00	0.00	0.00
	CKB10	CKB11	10.27	234.55	-7.55	0.00	0.00	0.00	0.00
	CKB11	CKB01	21.17	121.45	0.80	0.00	0.00	0.00	0.00
	CKB01	CKB12	16.33	168.15	3.75	0.00	0.00	0.00	0.00
	CKB12	CKB13	6.53	310.85	-9.25	0.00	0.00	0.00	0.00
	CKB13	CIB60	19.86	286.40	2.70	0.00	0.00	0.00	0.00
	CIB60	CKB14	14.67	143.30	1.00	0.00	0.00	0.00	0.00
	CKB14	CKB15	11.89	162.10	2.90	0.00	0.00	0.00	0.00
	CKB15	CKB16	8.67	243.90	-18.85	0.00	0.00	0.00	0.00
	CKB16	CKB17	16.33	332.00	1.20	0.00	0.00	0.00	0.00
	CKB17	CKB14	11.68	87.35	9.10	0.00	0.00	0.00	0.00
	CKB17	CKB18	17.00	209.40	5.70	0.00	0.00	0.00	0.00
	CKB18	CIB57	10.85	306.10	-2.70	0.00	0.00	0.00	0.00
	CKB18	CKB19	6.83	174.00	-10.85	0.00	0.00	0.00	0.00
	CKB19	CKB16	16.97	65.40	-2.85	0.00	0.00	0.00	0.00
	CKB19	CKB20	5.02	121.15	6.40	0.00	0.00	0.00	0.00
	CKB20	CKB21	9.04	135.40	9.60	0.00	0.00	0.00	0.00
	CKB21	CKB22	23.60	68.95	0.00	0.00	0.00	0.00	0.00
	CKB22	CKB23	11.74	357.40	-0.90	0.00	0.00	0.00	0.00
	CKB23	CKB15	8.97	266.90	0.45	0.00	0.00	0.00	0.00
	CKB23	CKB24	4.91	19.35	-10.90	0.00	0.00	0.00	0.00
	CKB24	CKB25	10.88	71.20	3.80	0.00	0.00	0.00	0.00
	CKB25	CKB26	11.24	201.50	3.70	0.00	0.00	0.00	0.00
	CKB26	CKB23	8.07	286.50	-3.95	0.00	0.00	0.00	0.00
	CKB25	CKB12	10.32	299.50	-2.75	0.00	0.00	0.00	0.00
	CKB24	CKB27	8.61	336.40	-6.40	0.00	0.00	0.00	0.00
	CKB27	CKB13	4.71	357.20	3.05	0.00	0.00	0.00	0.00
	CKB12	CKB28	16.84	59.25	3.95	0.00	0.00	0.00	0.00
	CKB28	CKB29	10.91	120.20	-2.30	0.00	0.00	0.00	0.00
	CKB29	CKB30	16.24	62.35	7.50	0.00	0.00	0.00	0.00
	CKB30	CKB31	10.59	67.15	-3.30	0.00	0.00	0.00	0.00
	CKB31	CKB32	9.80	69.45	1.25	0.00	0.00	0.00	0.00
	CKB32	CKB33	12.20	307.65	-5.80	0.00	0.00	0.00	0.00
	CKB33	CKB34	11.53	233.00	6.40	0.00	0.00	0.00	0.00
	CKB34	CKB30	7.87	179.90	1.50	0.00	0.00	0.00	0.00
	CKB34	CKB35	16.65	290.50	-4.05	0.00	0.00	0.00	0.00
	CKB35	CKB28	17.55	207.55	-1.10	0.00	0.00	0.00	0.00
	CKB35	CKB03	13.34	349.90	-8.80	0.00	0.00	0.00	0.00
	CKB35	CKB35a	11.86	61.40	-20.70	0.00	0.00	0.00	0.00
	CKB04	CKB36	7.14	170.70	-3.40	0.00	0.00	0.00	0.00
	CKB36	CKB37	10.05	144.35	6.65	0.00	0.00	0.00	0.00
	CKB37	CKB34	15.30	207.20	7.25	0.00	0.00	0.00	0.00
	CKB20	CKB38	8.52	237.30	5.75	0.00	0.00	0.00	0.00
	CKB38	CKB39	13.59	291.10	-4.65	0.00	0.00	0.00	0.00
	CKB39	CIB56	8.72	346.90	3.60	0.00	0.00	0.00	0.00
	CKB38	CKB40	14.01	331.65	-0.75	0.00	0.00	0.00	0.00
	CKB40	CIB57	7.92	0.30	-3.80	0.00	0.00	0.00	0.00
	CKB39	CKB41	12.39	252.65	18.20	0.00	0.00	0.00	0.00
	CKB41	CKB42	15.21	299.70	-4.50	0.00	0.00	0.00	0.00
	CKB42	CIB55	8.10	58.90	-28.00	0.00	0.00	0.00	0.00
	CIB55	CKB43	14.55	263.40	7.95	0.00	0.00	0.00	0.00
	CKB43	CKB44	10.69	289.50	-2.25	0.00	0.00	0.00	0.00
	CKB44	CKB45	7.13	294.75	4.80	0.00	0.00	0.00	0.00
	CKB45	CIB39	5.49	17.45	-4.10	0.00	0.00	0.00	0.00
	CKB44	CKB46	16.47	157.25	9.20	0.00	0.00	0.00	0.00
	CKB43	CKB47	10.09	341.15	-9.10	0.00	0.00	0.00	0.00
	CKB47	CIB52	4.26	49.85	-5.25	0.00	0.00	0.00	0.00
	CKB47	CKB44	8.81	231.20	5.10	0.00	0.00	0.00	0.00
	CKB46	CKB48	9.37	169.20	4.55	0.00	0.00	0.00	0.00
	CKB46	CKB49	5.33	54.65	32.35	0.00	0.00	0.00	0.00
	CKB49	CKB50	2.71	83.40	-40.70	0.00	0.00	0.00	0.00
	CKB50	CKB51	7.91	65.10	-13.45	0.00	0.00	0.00	0.00
	CKB51	CKB42	3.50	348.10	5.45	0.00	0.00	0.00	0.00
	CKB48	CKB52	17.46	223.50	-7.70	0.00	0.00	0.00	0.00
	CKB52	CKB53	16.99	145.65	19.65	0.00	0.00	0.00	0.00
	CKB52	CKB52a	13.78	342.90	7.20	0.00	0.00	0.00	0.00
	CKB53	CKB54	24.59	274.15	-1.75	0.00	0.00	0.00	0.00
	CKB54	CKB55	10.24	35.60	-31.05	0.00	0.00	0.00	0.00
	CKB55	CKB52	11.42	65.65	1.35	0.00	0.00	0.00	0.00
	CKB53	CKB56	24.04	87.70	-11.90	0.00	0.00	0.00	0.00
	CKB56	CKB57	11.47	319.70	-24.00	0.00	0.00	0.00	0.00
	CKB57	CKB58	6.59	11.10	19.85	0.00	0.00	0.00	0.00
	CKB58	CKB59	8.06	300.40	-0.15	0.00	0.00	0.00	0.00
	CKB59	CKB60	13.95	259.40	5.50	0.00	0.00	0.00	0.00
	CKB60	CKB52	6.98	244.60	2.70	0.00	0.00	0.00	0.00
	CKB59	CKB61	6.82	10.10	3.05	0.00	0.00	0.00	0.00
	CKB61	CKB62	10.96	79.60	-4.25	0.00	0.00	0.00	0.00
	CKB62	CKB63	7.58	150.75	0.70	0.00	0.00	0.00	0.00
	CKB63	CKB64	6.18	172.65	2.45	0.00	0.00	0.00	0.00
	CKB63	CKB58	10.49	235.25	1.70	0.00	0.00	0.00	0.00
	CKB64	CKB58	9.49	272.00	0.60	0.00	0.00	0.00	0.00
	CKB64	CKB65	16.94	138.70	15.15	0.00	0.00	0.00	0.00
	CKB65	CKB56	14.89	263.65	-7.50	0.00	0.00	0.00	0.00
	CKB62	CKB66	7.62	22.95	6.85	0.00	0.00	0.00	0.00
	CKB66	CKB41	4.28	16.45	55.30	0.00	0.00	0.00	0.00
	CKB46	CKB67	11.90	258.65	16.70	0.00	0.00	0.00	0.00
	CKB67	CKB68	29.39	282.70	-3.80	0.00	0.00	0.00	0.00
	CKB68	CKB69	21.41	341.80	-12.30	0.00	0.00	0.00	0.00
	CKB68	CKB70	17.71	59.15	3.50	0.00	0.00	0.00	0.00
	CKB70	CKB71	19.96	95.40	-8.65	0.00	0.00	0.00	0.00
	CKB69	CIB38	24.96	83.90	7.80	0.00	0.00	0.00	0.00
	CKB71	CKB44	4.50	342.70	-31.50	0.00	0.00	0.00	0.00
	CKB04	CKB72	12.22	44.15	-0.80	0.00	0.00	0.00	0.00
	CKB72	CKB73	7.17	310.45	1.65	0.00	0.00	0.00	0.00
	CKB73	CKB74	9.70	217.70	-3.95	0.00	0.00	0.00	0.00
	CKB74	CKB05	3.62	281.60	-25.30	0.00	0.00	0.00	0.00
	CGC06	CGC05	7.45	249.40	-5.60	0.00	0.00	0.00	0.00
	CGC06	CKC01	7.63	213.45	-1.60	0.00	0.00	0.00	0.00
	CKC01	CKC02	9.12	137.97	-4.87	0.00	0.00	0.00	0.00
	CKC02	CKC02a	11.78	242.30	-3.10	0.00	0.00	0.00	0.00
	CKC02a	CKC03	5.33	333.50	5.90	0.00	0.00	0.00	0.00
	CKC03	CKC03a	27.07	146.80	1.40	0.00	0.00	0.00	0.00
	CKC03	CIC11	9.08	244.85	4.95	0.00	0.00	0.00	0.00
	CKC02	CKC04	18.18	247.60	-1.00	0.00	0.00	0.00	0.00
	CKC04	CIC11	5.24	297.45	12.50	0.00	0.00	0.00	0.00
	CKC04	CKC05	4.54	181.22	13.05	0.00	0.00	0.00	0.00
	CKC05	CKC06	20.21	78.10	-2.10	0.00	0.00	0.00	0.00
	CKC06	CKC07	6.11	341.30	-0.35	0.00	0.00	0.00	0.00
	CKC02	CKC06	7.89	157.55	-0.35	0.00	0.00	0.00	0.00
	CKC03	CKC08	8.60	141.70	-4.00	0.00	0.00	0.00	0.00
	CKC08	CKC05	9.99	246.70	7.40	0.00	0.00	0.00	0.00
	CKC05	CKC09	17.51	246.00	0.40	0.00	0.00	0.00	0.00
	CKC09	CHA15	1.96	140.70	-23.10	0.00	0.00	0.00	0.00
	CHA15	CHA16	5.72	305.70	0.70	0.00	0.00	0.00	0.00
	CHA16	CHA17	2.91	3.50	1.30	0.00	0.00	0.00	0.00
	CHA17	CHA18	7.51	304.20	3.50	0.00	0.00	0.00	0.00
	CHA17	CHA17a	7.64	51.10	-6.10	0.00	0.00	0.00	0.00
	CHA18	CHA03	7.06	354.70	-1.25	0.00	0.00	0.00	0.00
	CHA03	CHA04	11.60	108.70	0.30	0.00	0.00	0.00	0.00
	CHA04	CHA04c	5.86	183.50	-15.00	0.00	0.00	0.00	0.00
	CHA04	CHA05	7.53	60.00	-4.20	0.00	0.00	0.00	0.00
	CHA05	CIC11	4.73	114.10	9.60	0.00	0.00	0.00	0.00
	CKC04	CKC10	8.04	167.05	-3.15	0.00	0.00	0.00	0.00
	CKC10	CKC11	19.10	239.55	2.00	0.00	0.00	0.00	0.00
	CKC11	CHA14	4.99	224.25	5.00	0.00	0.00	0.00	0.00
	CKC10	CKC13	3.06	64.10	0.50	0.00	0.00	0.00	0.00
	CKC13	CKC12	6.20	165.73	7.60	0.00	0.00	0.00	0.00
	CKC12	CKC14	10.84	251.45	-0.40	0.00	0.00	0.00	0.00
	CKC14	CKC15	3.27	105.23	12.45	0.00	0.00	0.00	0.00
	CKC15	CKC15a	5.49	311.00	-24.50	0.00	0.00	0.00	0.00
	CHA14	CKC15	17.14	76.43	1.00	0.00	0.00	0.00	0.00
	CHA14	CKC16	5.14	130.25	8.90	0.00	0.00	0.00	0.00
	CKC16	CJA02	6.88	193.85	-5.50	0.00	0.00	0.00	0.00
	CJA02	CKC17	3.46	24.45	0.25	0.00	0.00	0.00	0.00
	CKC17	CKC16	3.61	1.90	9.40	0.00	0.00	0.00	0.00
	CKC15	CKC18	3.05	217.25	-0.85	0.00	0.00	0.00	0.00
	CKC18	CKC17	13.82	233.45	0.10	0.00	0.00	0.00	0.00
	CKC18	CKC19	5.26	117.10	-0.75	0.00	0.00	0.00	0.00
	CKC18	CKC20	5.67	118.25	-10.50	0.00	0.00	0.00	0.00
	CKC20	CJA13	10.02	158.95	2.55	0.00	0.00	0.00	0.00
	CKC19	CKC19a	8.80	247.90	-9.70	0.00	0.00	0.00	0.00
	CID02	CKD01	3.90	176.15	-2.65	0.00	0.00	0.00	0.00
	CKD01	CKD02	9.14	70.65	-2.50	0.00	0.00	0.00	0.00
	CKD02	CKD03	4.51	63.80	0.50	0.00	0.00	0.00	0.00
	CKD03	CJB04	1.78	167.90	16.35	0.00	0.00	0.00	0.00
	CKD03	CJB05	5.62	354.60	7.05	0.00	0.00	0.00	0.00
	CKD03	CJB08	5.47	119.15	11.40	0.00	0.00	0.00	0.00
	CJB08	CKD04	7.98	212.75	0.05	0.00	0.00	0.00	0.00
	CKD04	CKD05	6.96	260.15	-3.95	0.00	0.00	0.00	0.00
	CKD05	CKD01	8.02	311.50	-1.65	0.00	0.00	0.00	0.00
	CKD05	CKD06	8.56	159.90	3.90	0.00	0.00	0.00	0.00
	CKD06	CKD07	16.11	78.90	-1.65	0.00	0.00	0.00	0.00
	CKD07	CKD08	8.38	316.15	-0.05	0.00	0.00	0.00	0.00
	CKD08	CJB08	7.15	345.05	3.65	0.00	0.00	0.00	0.00
	CKD08	CKD08a	6.40	223.20	-6.50	0.00	0.00	0.00	0.00
	CKD08	CKD09	15.61	63.20	0.55	0.00	0.00	0.00	0.00
	CKD09	BXC39	8.84	316.05	1.55	0.00	0.00	0.00	0.00
	CKD09	CKD10	4.70	178.25	1.30	0.00	0.00	0.00	0.00
	CKD10	CKD07	11.61	226.90	-0.85	0.00	0.00	0.00	0.00
	CKD09	CKD11	5.63	43.05	-0.60	0.00	0.00	0.00	0.00
	CKD11	CKD12	6.58	68.55	-6.00	0.00	0.00	0.00	0.00
	CKD12	BXC36	4.70	300.00	7.20	0.00	0.00	0.00	0.00
	CKD12	CKD13	4.85	46.55	7.40	0.00	0.00	0.00	0.00
	CKD13	CKD14	7.86	176.10	-3.40	0.00	0.00	0.00	0.00
	CKD14	BXC36	10.52	311.55	2.55	0.00	0.00	0.00	0.00
	CKD14	CKD14a	12.07	34.10	-3.50	0.00	0.00	0.00	0.00
	CKD14	CKD14b	7.14	66.90	-2.80	0.00	0.00	0.00	0.00
	CKD13	CKD13a	7.91	72.50	-9.00	0.00	0.00	0.00	0.00
	CKD14	CKD15	8.21	162.60	0.05	0.00	0.00	0.00	0.00
	CKD15	CKD16	5.15	76.60	-0.05	0.00	0.00	0.00	0.00
	CKD16	CKD16a	7.75	23.70	-3.60	0.00	0.00	0.00	0.00
	CKD16	CKD16b	7.16	73.10	2.80	0.00	0.00	0.00	0.00
	CKD15	CKD17	12.06	138.05	0.65	0.00	0.00	0.00	0.00
	CKD17	CKD18	4.54	120.00	5.65	0.00	0.00	0.00	0.00
	CKD18	CKD19	13.24	30.45	2.20	0.00	0.00	0.00	0.00
	CKD19	CKD19a	11.41	327.50	0.80	0.00	0.00	0.00	0.00
	CKD19	CKD20	3.11	352.85	-2.65	0.00	0.00	0.00	0.00
	CKD20	CKD20a	12.41	264.00	-3.10	0.00	0.00	0.00	0.00
	CKD19	CKD21	7.43	52.55	-4.95	0.00	0.00	0.00	0.00
	CKD19	CKD19b	9.67	99.40	-10.80	0.00	0.00	0.00	0.00
	CKD21	CKD22	9.48	335.35	1.25	0.00	0.00	0.00	0.00
	CKD22	CKD23	7.91	346.80	-2.65	0.00	0.00	0.00	0.00
	CKD23	CKD24	7.19	348.35	1.70	0.00	0.00	0.00	0.00
	CKD24	CKD24a	9.41	235.90	0.30	0.00	0.00	0.00	0.00
	CKD24	CKD24b	3.00	168.35	-1.70	0.00	0.00	0.00	0.00
	CKD24b	CKD24c	10.80	59.20	3.80	0.00	0.00	0.00	0.00
	BLB04	CKE01	6.72	59.55	1.10	0.00	0.00	0.00	0.00
	CKE01	CKE01a	5.80	299.50	-12.90	0.00	0.00	0.00	0.00
	CKE01	CKE01b	7.55	63.60	0.60	0.00	0.00	0.00	0.00
	BLB04	CKE02	3.70	314.80	0.20	0.00	0.00	0.00	0.00
	CKE02	CKE03	3.17	292.10	-12.10	0.00	0.00	0.00	0.00
	CKE02	CKE02a	9.46	322.20	-1.30	0.00	0.00	0.00	0.00
	CKE02	CKE02b	13.30	44.20	-0.30	0.00	0.00	0.00	0.00
	CKE03	BLB07	14.37	224.20	-0.40	0.00	0.00	0.00	0.00
	BLB10	CKE04	6.83	73.60	9.25	0.00	0.00	0.00	0.00
	BLB10	CKE05	5.30	322.10	3.70	0.00	0.00	0.00	0.00
	CKE04	CKE05	10.04	283.05	-4.40	0.00	0.00	0.00	0.00
	CKE05	AWB14	8.73	243.20	1.20	0.00	0.00	0.00	0.00
	CKE05	CKE06	7.68	40.50	-0.20	0.00	0.00	0.00	0.00
	CKE06	CKE06a	10.40	38.90	-0.60	0.00	0.00	0.00	0.00
	BSB12	CLA01	6.76	86.10	-9.80	0.00	0.00	0.00	0.00
	CLA01	CLA02	16.15	45.30	2.60	0.00	0.00	0.00	0.00
	BVA09	CLA03	7.19	17.85	-2.05	0.00	0.00	0.00	0.00
	CLA03	CLA04	11.91	154.25	2.25	0.00	0.00	0.00	0.00
	CLA04	BVA08	6.59	248.85	-1.20	0.00	0.00	0.00	0.00
	CLA04	CLA05	4.76	109.20	-0.60	0.00	0.00	0.00	0.00
	CLA05	CLA06	2.92	170.75	0.55	0.00	0.00	0.00	0.00
	CLA06	BVA08	11.31	280.45	-0.30	0.00	0.00	0.00	0.00
	CLA06	CLA07	5.44	242.20	-2.65	0.00	0.00	0.00	0.00
	CLA07	BVA08	7.71	306.05	1.75	0.00	0.00	0.00	0.00
	CLA07	CLA08	5.08	216.30	10.20	0.00	0.00	0.00	0.00
	CLA08	BVA06	3.55	241.20	-17.70	0.00	0.00	0.00	0.00
	CLA08	CLA09	3.49	125.15	-27.90	0.00	0.00	0.00	0.00
	CLA09	BVA05	5.01	229.70	21.80	0.00	0.00	0.00	0.00
	CLA09	CLA10	4.61	47.70	11.45	0.00	0.00	0.00	0.00
	CLA10	CLA11	8.72	100.70	-0.70	0.00	0.00	0.00	0.00
	CLA10	CLA12	5.65	158.85	-6.45	0.00	0.00	0.00	0.00
	CLA11	CLA12	7.56	240.17	-3.80	0.00	0.00	0.00	0.00
	CLA12	CLA13	2.41	165.90	8.10	0.00	0.00	0.00	0.00
	CLA13	BVA04	9.15	224.40	1.45	0.00	0.00	0.00	0.00
	CLA11	CLA14	5.51	49.30	-6.55	0.00	0.00	0.00	0.00
	CLA14	CLA15	5.33	118.80	11.35	0.00	0.00	0.00	0.00
	CLA15	CLA16	8.59	49.80	0.30	0.00	0.00	0.00	0.00
	CLA16	CLA17	4.45	66.90	2.65	0.00	0.00	0.00	0.00
	CLA17	CGF01	2.30	309.65	-26.40	0.00	0.00	0.00	0.00
	CLA16	CLA16a	15.77	142.00	-4.10	0.00	0.00	0.00	0.00
	CKB39	CLB01	17.89	138.70	-4.05	0.00	0.00	0.00	0.00
	CLB01	CLB01a	12.35	94.00	1.70	0.00	0.00	0.00	0.00
	CLB01	CLB02	8.33	176.65	-0.20	0.00	0.00	0.00	0.00
	CLB02	CLB03	8.01	273.50	-2.15	0.00	0.00	0.00	0.00
	CLB02	CLB02a	6.54	134.40	13.00	0.00	0.00	0.00	0.00
	CLB03	CLB04	13.79	266.30	4.35	0.00	0.00	0.00	0.00
	CLB03	CLB03a	18.18	323.10	0.30	0.00	0.00	0.00	0.00
	CLB04	CKB64	3.81	190.60	5.10	0.00	0.00	0.00	0.00
	CKB64	CLB05	18.01	110.35	5.15	0.00	0.00	0.00	0.00
	CLB05	CLB03	11.54	348.00	-15.60	0.00	0.00	0.00	0.00
	CLB05	CLB06	13.13	72.85	12.05	0.00	0.00	0.00	0.00
	CLB06	CLB07	14.99	148.10	3.75	0.00	0.00	0.00	0.00
	CLB07	CLB08	14.30	286.55	-11.30	0.00	0.00	0.00	0.00
	CLB08	CKB65	12.92	265.95	7.95	0.00	0.00	0.00	0.00
	CLB08	CLB09	15.05	168.40	5.85	0.00	0.00	0.00	0.00
	CLB09	CLB09a	9.91	261.30	7.60	0.00	0.00	0.00	0.00
	CLB07	CLB10	15.75	38.50	-7.05	0.00	0.00	0.00	0.00
	CLB10	CLB11	8.57	349.60	-11.50	0.00	0.00	0.00	0.00
	CLB11	CLB11a	10.80	247.40	10.40	0.00	0.00	0.00	0.00
	CLB11	CLB12	11.54	310.45	3.90	0.00	0.00	0.00	0.00
	CLB12	CKB21	6.52	359.25	-5.25	0.00	0.00	0.00	0.00
	CCC24	CMA01	7.96	286.10	-20.60	0.00	0.00	0.00	0.00
	CMA01	CCC01	12.72	242.40	6.90	0.00	0.00	0.00	0.00
	CCC01	CCC02	9.02	297.30	5.70	0.00	0.00	0.00	0.00
	CCC01	BZB06	22.68	314.50	-0.10	0.00	0.00	0.00	0.00
	CCC02	CCC02a	10.33	42.10	-12.60	0.00	0.00	0.00	0.00
	BZB06	CCC08	3.67	153.10	14.30	0.00	0.00	0.00	0.00
	CCC08	CCC12	15.60	253.90	0.60	0.00	0.00	0.00	0.00
	CCC12	CCC12a	3.52	30.40	65.40	0.00	0.00	0.00	0.00
	CCC12	CCC12b	12.51	231.00	2.40	0.00	0.00	0.00	0.00
	CCC12a	BZB07	19.21	31.70	-9.00	0.00	0.00	0.00	0.00
	CCC12	CCC12c	11.69	22.90	-18.90	0.00	0.00	0.00	0.00
	CCC12	CCC13	12.33	302.40	5.90	0.00	0.00	0.00	0.00
	BZB06	BZB06a	4.00	92.70	50.30	0.00	0.00	0.00	0.00
	CCC24	CCC24a	15.72	6.10	0.00	0.00	0.00	0.00	0.00
	CCC24a	CCC24b	3.30	350.40	-90.00	0.00	0.00	0.00	0.00
	CBA02	CBA02a	3.15	251.90	-30.60	0.00	0.00	0.00	0.00
	BVA09	CLA03	7.16	18.90	-2.95	0.00	0.00	0.00	0.00
	CMC01	CLA03	10.29	119.55	-2.35	0.00	0.00	0.00	0.00
	CMC01	CMC02	5.33	191.75	4.40	0.00	0.00	0.00	0.00
	CMC02	CMC02a	6.53	234.70	-10.90	0.00	0.00	0.00	0.00
	CMC02	CMC02b	3.60	135.60	-19.50	0.00	0.00	0.00	0.00
	CMC02b	CMC02c	6.42	233.90	-1.20	0.00	0.00	0.00	0.00
	CMC02	CMC03	7.56	324.40	-8.25	0.00	0.00	0.00	0.00
	CMC03	CMC04	2.91	50.65	3.90	0.00	0.00	0.00	0.00
	CMC04	CMC01	4.21	132.10	6.90	0.00	0.00	0.00	0.00
	CMC01	BPA06	13.15	332.70	-0.60	0.00	0.00	0.00	0.00
	BXC35	BXC36	10.96	242.95	-3.05	0.00	0.00	0.00	0.00
	BXC36	BXC36a	5.25	233.00	-2.20	0.00	0.00	0.00	0.00
	BXC35	CKD13	4.45	209.90	-6.40	0.00	0.00	0.00	0.00
	CKD13	CKD12	4.83	226.30	-7.20	0.00	0.00	0.00	0.00
	CKD12	CKD11	6.56	248.95	5.85	0.00	0.00	0.00	0.00
	CKD11	CKD09	5.56	223.65	0.70	0.00	0.00	0.00	0.00
	CKD09	CKD10	4.69	177.65	1.20	0.00	0.00	0.00	0.00
	CKD10	CKD14	15.25	64.40	-2.70	0.00	0.00	0.00	0.00
	CKD14	CKD11	10.22	282.35	3.00	0.00	0.00	0.00	0.00
	CKD14	CMD01	9.76	49.20	-1.45	0.00	0.00	0.00	0.00
	CMD01	BXC35	7.72	313.20	9.75	0.00	0.00	0.00	0.00
	CKD14	CKD15	8.21	162.10	-0.15	0.00	0.00	0.00	0.00
	CKD15	CKD16	5.16	76.90	0.35	0.00	0.00	0.00	0.00
	CKE04	CME01	18.64	47.20	5.00	0.00	0.00	0.00	0.00
	AWB14	CME02	8.40	314.30	-2.80	0.00	0.00	0.00	0.00
	CME02	CME03	5.98	228.95	-0.70	0.00	0.00	0.00	0.00
	CME03	CME04	5.39	135.70	5.10	0.00	0.00	0.00	0.00
	CME04	CKE05	15.41	68.10	-0.75	0.00	0.00	0.00	0.00
	CME02	BQD07	8.00	263.95	1.10	0.00	0.00	0.00	0.00
	CME06	CME02	4.77	180.20	-12.00	0.00	0.00	0.00	0.00
	BQD07	CME06	9.74	55.75	5.15	0.00	0.00	0.00	0.00
	CME06	CME06a	13.20	33.80	-1.30	0.00	0.00	0.00	0.00
	CME02	CME02a	14.71	26.00	1.00	0.00	0.00	0.00	0.00
	CME03	CME07	8.71	217.10	7.25	0.00	0.00	0.00	0.00
	CME07	AWA21	5.27	189.65	4.85	0.00	0.00	0.00	0.00
	BRB10	CMF01	5.10	342.35	0.65	0.00	0.00	0.00	0.00
	CMF01	CMF01a	4.29	318.20	-8.80	0.00	0.00	0.00	0.00
	CMF01	CMF02	4.43	37.60	-2.80	0.00	0.00	0.00	0.00
	CMF02	CMF02a	14.52	260.10	-3.80	0.00	0.00	0.00	0.00
	CMF02	CLA15	4.70	332.85	5.25	0.00	0.00	0.00	0.00
	CLA15	CMF03	5.00	11.65	-1.75	0.00	0.00	0.00	0.00
	CMF03	CMF03a	1.48	274.60	-56.60	0.00	0.00	0.00	0.00
	CMF03a	CMF03b	6.06	47.20	0.00	0.00	0.00	0.00	0.00
	CMF03	CLA14	6.01	245.20	-9.10	0.00	0.00	0.00	0.00
	CMF03	CMF04	5.39	297.20	-1.90	0.00	0.00	0.00	0.00
	CMF04	CMF05	9.50	27.15	-4.70	0.00	0.00	0.00	0.00
	CMF05	CMF05a	9.06	152.70	-0.50	0.00	0.00	0.00	0.00
	CMF05	CMF05b	4.62	72.60	-0.80	0.00	0.00	0.00	0.00
	CMF05	CMF05c	15.05	57.90	0.30	0.00	0.00	0.00	0.00
	CMF05	CMF06	5.54	297.85	9.75	0.00	0.00	0.00	0.00
	CMF06	CMF06a	15.75	83.50	-4.20	0.00	0.00	0.00	0.00
	CMF06	CMF07	12.26	65.65	-3.60	0.00	0.00	0.00	0.00
	CMF07	BMA14	7.26	62.95	3.60	0.00	0.00	0.00	0.00
	CMF07	CMF08	4.41	118.55	10.00	0.00	0.00	0.00	0.00
	CMF08	BMA13	2.14	220.70	-12.45	0.00	0.00	0.00	0.00
	CMF09	CMF06	11.03	256.65	6.05	0.00	0.00	0.00	0.00
	CMF09	CMF09a	11.44	217.00	0.50	0.00	0.00	0.00	0.00
	BMA15	BMA15b	5.69	325.80	-2.10	0.00	0.00	0.00	0.00
	BMA15	BMA15c	10.51	325.60	-3.90	0.00	0.00	0.00	0.00
	BMA09	BMA15	10.11	254.20	2.45	0.00	0.00	0.00	0.00
	BMA06	BMA09	6.55	123.15	-5.90	0.00	0.00	0.00	0.00
	BMA06	BMA06a	1.08	335.80	-83.50	0.00	0.00	0.00	0.00
	BMA06a	BMA06b	8.17	256.90	-1.20	0.00	0.00	0.00	0.00
	BMA04	CMF10	7.94	201.80	-2.20	0.00	0.00	0.00	0.00
	CMF10	CMF11	5.75	249.95	1.90	0.00	0.00	0.00	0.00
	CMF11	CMF12	4.74	228.85	-1.05	0.00	0.00	0.00	0.00
	CMF10	CMF10a	7.25	151.60	-1.50	0.00	0.00	0.00	0.00
	CHA09	CNA01	6.33	159.67	9.77	0.00	0.00	0.00	0.00
	CNA01	CNA02	9.20	58.37	-1.61	0.00	0.00	0.00	0.00
	CNA02	CJA19	2.69	160.16	14.15	0.00	0.00	0.00	0.00
	CNA01	CNA03	8.18	135.14	-1.95	0.00	0.00	0.00	0.00
	CNA03	CJA19	8.63	20.70	3.60	0.00	0.00	0.00	0.00
	CNA03	CNA04	10.07	237.40	2.91	0.00	0.00	0.00	0.00
	CNA04	CNA05	2.02	189.00	3.90	0.00	0.00	0.00	0.00
	CNA05	CNA06	4.54	290.20	-5.20	0.00	0.00	0.00	0.00
	CNA06	CNA07	5.74	308.23	1.40	0.00	0.00	0.00	0.00
	CNA07	CHA12	2.33	16.20	1.20	0.00	0.00	0.00	0.00
	CNA07	CNA08	10.34	242.55	-2.17	0.00	0.00	0.00	0.00
	CNA08	CNA09	5.20	239.20	0.20	0.00	0.00	0.00	0.00
	CNA08	CNA10	4.53	296.90	-2.10	0.00	0.00	0.00	0.00
	CNA10	CNA11	6.35	345.00	5.60	0.00	0.00	0.00	0.00
	CNA10	CNA10b	7.36	56.70	-5.60	0.00	0.00	0.00	0.00
	CNA10	CNA10a	9.50	208.20	8.20	0.00	0.00	0.00	0.00
	CNA11	CFA07	2.31	214.50	16.20	0.00	0.00	0.00	0.00
	CNA03	CNA12	4.20	175.34	-7.60	0.00	0.00	0.00	0.00
	CNA12	CNA13	6.47	94.20	4.45	0.00	0.00	0.00	0.00
	CNA13	CNA14	5.40	63.16	4.85	0.00	0.00	0.00	0.00
	CNA13	CNA13a	9.27	150.50	1.60	0.00	0.00	0.00	0.00
	CNA14	CJA18	2.20	167.90	-20.80	0.00	0.00	0.00	0.00
	CNA05	CNA15	10.72	79.44	-5.55	0.00	0.00	0.00	0.00
	CNA15	CNA12	2.06	316.00	-3.70	0.00	0.00	0.00	0.00
	CNA04	CNA16	8.65	133.30	-3.80	0.00	0.00	0.00	0.00
	CNA16	CNA15	7.01	35.70	-2.70	0.00	0.00	0.00	0.00
	CNA16	CNA17	9.47	273.40	2.60	0.00	0.00	0.00	0.00
	CNA16	CNA18	6.34	160.20	0.40	0.00	0.00	0.00	0.00
	CNA18	CNA19	5.18	93.80	-0.60	0.00	0.00	0.00	0.00
	CNA18	CNA18a	13.05	71.90	-3.50	0.00	0.00	0.00	0.00
	CNA19	CNA20	8.11	159.27	0.41	0.00	0.00	0.00	0.00
	CNA20	CKA16	4.28	111.70	-2.95	0.00	0.00	0.00	0.00
	CID01	CNB01	9.85	235.55	0.10	0.00	0.00	0.00	0.00
	CNB01	CKC07	3.72	261.80	-0.95	0.00	0.00	0.00	0.00
	CID01	CNB02	10.01	134.35	-0.18	0.00	0.00	0.00	0.00
	CNB02	CMB09	14.55	239.75	4.95	0.00	0.00	0.00	0.00
	CNB02	CNB03	2.19	116.52	0.00	0.00	0.00	0.00	0.00
	CNB03	CNB04	5.50	41.45	0.70	0.00	0.00	0.00	0.00
	CNB04	CKD01	3.45	36.73	6.60	0.00	0.00	0.00	0.00
	CMB09	CNB05	8.85	105.30	-1.00	0.00	0.00	0.00	0.00
	CNB05	CNB06	2.27	146.40	1.60	0.00	0.00	0.00	0.00
	CNB06	CMB08	6.40	265.90	-1.83	0.00	0.00	0.00	0.00
	CNB05	CNB07	9.23	72.85	0.80	0.00	0.00	0.00	0.00
	CNB07	CNB08	5.12	42.75	10.85	0.00	0.00	0.00	0.00
	CNB08	CKD05	6.26	54.60	-13.65	0.00	0.00	0.00	0.00
	CNB07	CNB09	8.53	156.65	-2.75	0.00	0.00	0.00	0.00
	CNB09	CKD06	10.50	47.45	2.75	0.00	0.00	0.00	0.00
	CNB09	CNB10	10.08	261.40	0.75	0.00	0.00	0.00	0.00
	CNB10	CNB11	3.81	118.05	-3.70	0.00	0.00	0.00	0.00
	CNB10	CNB05	7.22	342.75	1.45	0.00	0.00	0.00	0.00
	CNB10	CMB07	6.62	231.30	0.75	0.00	0.00	0.00	0.00
	CNB11	CNB12	5.30	236.25	5.35	0.00	0.00	0.00	0.00
	CNB12	CMB06	1.70	171.40	-17.90	0.00	0.00	0.00	0.00
	CKD22	CNC01	7.04	63.45	-6.50	0.00	0.00	0.00	0.00
	CNC01	CNC01a	3.06	62.20	-7.50	0.00	0.00	0.00	0.00
	CNC01	CNC02	3.94	140.35	-0.50	0.00	0.00	0.00	0.00
	CKD22	CNC04	2.29	187.80	-14.00	0.00	0.00	0.00	0.00
	CNC04	CNC04a	6.47	268.80	-6.00	0.00	0.00	0.00	0.00
	CKD22	CNC05	3.62	336.70	-2.45	0.00	0.00	0.00	0.00
	CNC05	CNC05a	7.04	220.70	-2.80	0.00	0.00	0.00	0.00
	CNC02	CNC03	9.79	224.35	0.55	0.00	0.00	0.00	0.00
	CNC03	CNC03a	0.68	347.30	-86.80	0.00	0.00	0.00	0.00
	CNC03a	CNC03b	8.51	66.00	0.90	0.00	0.00	0.00	0.00
	CNC03	CKD21	2.83	129.50	8.50	0.00	0.00	0.00	0.00
	CKD19	CNC06	11.47	131.50	-4.40	0.00	0.00	0.00	0.00
	CNC06	CKD18	15.80	255.65	1.55	0.00	0.00	0.00	0.00
	CNC06	CNC07	3.33	141.80	6.05	0.00	0.00	0.00	0.00
	CNC07	CNC07a	10.66	50.10	-3.30	0.00	0.00	0.00	0.00
	CNC07	CNC07b	7.53	78.20	-11.00	0.00	0.00	0.00	0.00
	CNC07	CNC07c	13.18	215.30	-5.60	0.00	0.00	0.00	0.00
	CNC07	CNC08	10.70	161.75	-1.10	0.00	0.00	0.00	0.00
	CNC08	CNC09	3.84	86.60	-0.70	0.00	0.00	0.00	0.00
	CKC12	CMB01	9.34	62.55	-5.00	0.00	0.00	0.00	0.00
	CMB01	CMB02	9.25	140.30	7.55	0.00	0.00	0.00	0.00
	CMB02	CMB03	16.16	258.55	4.40	0.00	0.00	0.00	0.00
	CMB03	CKC13	12.40	2.30	-11.00	0.00	0.00	0.00	0.00
	CMB01	CKC08	9.05	326.05	1.50	0.00	0.00	0.00	0.00
	CMB03	CJA04	13.20	147.70	-3.75	0.00	0.00	0.00	0.00
	CMB03	CKC19	4.66	219.10	-12.75	0.00	0.00	0.00	0.00
	CMB03	CKC14	9.06	287.00	-10.15	0.00	0.00	0.00	0.00
	CMB02	CMB04	3.83	173.70	0.50	0.00	0.00	0.00	0.00
	CMB04	CJA04	13.91	221.70	1.30	0.00	0.00	0.00	0.00
	CMB04	CMB05	4.09	133.60	3.45	0.00	0.00	0.00	0.00
	CMB05	CJA05	5.19	143.50	1.85	0.00	0.00	0.00	0.00
	CJA05	CJA06	10.77	92.65	6.75	0.00	0.00	0.00	0.00
	CJA06	CMB06	9.00	342.15	-9.75	0.00	0.00	0.00	0.00
	CMB06	CMB07	4.88	295.75	4.30	0.00	0.00	0.00	0.00
	CMB07	CMB04	10.07	252.50	-3.00	0.00	0.00	0.00	0.00
	CMB07	CMB08	8.89	344.95	-0.10	0.00	0.00	0.00	0.00
	CMB08	CMB02	11.06	224.95	-3.00	0.00	0.00	0.00	0.00
	CMB08	CKC06	10.78	311.05	-4.75	0.00	0.00	0.00	0.00
	CKC06	CMB09	5.30	116.57	13.00	0.00	0.00	0.00	0.00
	CMB09	CMB01	11.85	242.70	-9.68	0.00	0.00	0.00	0.00
	CMB08	CMB09	6.02	326.10	2.25	0.00	0.00	0.00	0.00
	CKB06	COA01	10.61	305.06	-2.48	0.00	0.00	0.00	0.00
	COA01	CJA27	15.27	326.89	1.98	0.00	0.00	0.00	0.00
	COA01	COA02	8.11	291.76	-0.72	0.00	0.00	0.00	0.00
	COA02	CKA01	10.90	324.00	-3.20	0.00	0.00	0.00	0.00
	COA02	COA03	11.47	222.54	-1.46	0.00	0.00	0.00	0.00
	COA03	CKA18	8.43	310.24	-2.16	0.00	0.00	0.00	0.00
	CKA18	CKA16	10.89	344.04	-1.43	0.00	0.00	0.00	0.00
	CKA16	CKA17	11.38	243.86	-0.46	0.00	0.00	0.00	0.00
	CKA18	CKA18a	8.58	26.80	-0.10	0.00	0.00	0.00	0.00
	CKA17	COA04	11.82	262.06	4.66	0.00	0.00	0.00	0.00
	COA04	COA05	9.21	276.18	-4.88	0.00	0.00	0.00	0.00
	COA05	COA06	10.19	207.52	8.19	0.00	0.00	0.00	0.00
	CNA18	CPA01	5.22	244.39	-3.36	0.00	0.00	0.00	0.00
	CPA01	CPA02	4.38	215.80	0.16	0.00	0.00	0.00	0.00
	CPA02	CPA03	8.38	270.20	0.14	0.00	0.00	0.00	0.00
	CPA03	CPA04	7.09	302.60	1.47	0.00	0.00	0.00	0.00
	CPA04	CNA17	13.41	49.62	2.46	0.00	0.00	0.00	0.00
	CPA04	CPA06	6.94	285.40	-0.20	0.00	0.00	0.00	0.00
	CPA06	CPA05	3.01	325.40	-8.50	0.00	0.00	0.00	0.00
	CPA05	CNA06	19.83	60.83	2.82	0.00	0.00	0.00	0.00
	CPA06	CPA06a	10.55	222.80	4.30	0.00	0.00	0.00	0.00
	CPA04	CPA04a	9.73	339.20	-4.20	0.00	0.00	0.00	0.00
	CPA04	CPA07	3.73	147.13	0.79	0.00	0.00	0.00	0.00
	CPA07	CPA08	6.90	225.86	-0.53	0.00	0.00	0.00	0.00
	CPA08	CPA06	10.51	338.91	0.58	0.00	0.00	0.00	0.00
	CPA03	CPA09	8.54	217.62	1.77	0.00	0.00	0.00	0.00
	CPA08	CPA09	4.87	125.25	2.05	0.00	0.00	0.00	0.00
	CPA09	COA05	2.86	145.25	-0.39	0.00	0.00	0.00	0.00
	CPA09	CPA10	9.05	250.11	4.60	0.00	0.00	0.00	0.00
	CPA08	CPA11	3.28	268.10	0.88	0.00	0.00	0.00	0.00
	CPA11	CPA10	5.99	195.30	7.40	0.00	0.00	0.00	0.00
	CPA10	CPA12	4.13	210.20	0.30	0.00	0.00	0.00	0.00
	CPA12	COA06	8.94	121.50	5.20	0.00	0.00	0.00	0.00
	BRB14	CPB01	18.05	218.85	-1.05	0.00	0.00	0.00	0.00
	CPB01	CPB02	5.27	192.50	-5.97	0.00	0.00	0.00	0.00
	CPB02	CPB03	3.23	123.80	-2.40	0.00	0.00	0.00	0.00
	CPB03	CPB03a	11.66	252.80	-1.20	0.00	0.00	0.00	0.00
	CPB02	CPB04	12.55	72.50	5.10	0.00	0.00	0.00	0.00
	CPB04	CPB06	13.87	225.60	-7.15	0.00	0.00	0.00	0.00
	BIC04	CPC01	11.33	95.55	-1.50	0.00	0.00	0.00	0.00
	CPC01	CPC02	3.64	211.40	3.50	0.00	0.00	0.00	0.00
	CPC02	CPC03	8.83	209.70	-1.20	0.00	0.00	0.00	0.00
	CPC03	CPC04	1.89	194.50	7.80	0.00	0.00	0.00	0.00
	CPC04	CGE11	5.23	249.35	1.60	0.00	0.00	0.00	0.00
	CPC04	CPC05	6.16	286.75	-2.30	0.00	0.00	0.00	0.00
	CPC05	BHC25	9.16	257.30	2.50	0.00	0.00	0.00	0.00
	CPC05	BHC24	3.97	335.57	1.43	0.00	0.00	0.00	0.00
	CPC01	CPC06	4.47	17.60	0.50	0.00	0.00	0.00	0.00
	CPC06	CPC07	10.38	270.45	3.15	0.00	0.00	0.00	0.00
	CPC06	CPC08	8.00	345.65	0.00	0.00	0.00	0.00	0.00
	CPC08	BIC05	1.80	218.75	-13.25	0.00	0.00	0.00	0.00
	CPC07	BIC04	3.67	217.10	-0.25	0.00	0.00	0.00	0.00
	CPC02	CPC09	8.49	96.00	-1.80	0.00	0.00	0.00	0.00
	CPC09	CPC10	8.47	43.75	0.50	0.00	0.00	0.00	0.00
	CPC10	CPC11	3.40	320.25	0.00	0.00	0.00	0.00	0.00
	CPC11	CPC06	9.21	269.45	0.00	0.00	0.00	0.00	0.00
	CPC04	CPC12	8.69	90.25	-1.90	0.00	0.00	0.00	0.00
	CPC12	CPC12a	7.12	24.65	-0.90	0.00	0.00	0.00	0.00
	CPC12a	CPC09	2.61	36.25	0.30	0.00	0.00	0.00	0.00
	CPC12	CPC13	4.76	116.80	-1.25	0.00	0.00	0.00	0.00
	CPC13	CPC14	8.34	54.90	3.60	0.00	0.00	0.00	0.00
	CPC14	CPC15	3.52	339.25	-6.80	0.00	0.00	0.00	0.00
	CPC14	CPC14a	15.99	87.90	-1.80	0.00	0.00	0.00	0.00
	CPC14	CPC15	3.53	338.70	-5.90	0.00	0.00	0.00	0.00
	CPC15	CPC16	5.18	321.05	0.35	0.00	0.00	0.00	0.00
	CPC16	CPC09	2.34	235.30	0.30	0.00	0.00	0.00	0.00
	BMA04	CMF10	7.96	201.05	-1.70	0.00	0.00	0.00	0.00
	BMA02	BMA04	8.28	145.80	2.40	0.00	0.00	0.00	0.00
	BMA02	CPD01	1.45	334.50	-3.00	0.00	0.00	0.00	0.00
	CPD01	CPD01a	5.87	215.80	-2.50	0.00	0.00	0.00	0.00
	CPD01	CPD01b	9.23	225.20	-1.70	0.00	0.00	0.00	0.00
	CPD01	CPD01c	15.23	219.60	-0.90	0.00	0.00	0.00	0.00
	BMA04	BMA04a	6.63	251.30	-4.00	0.00	0.00	0.00	0.00
	CMF12	CPD02	4.90	294.55	0.25	0.00	0.00	0.00	0.00
	CPD02	CPD03	5.76	228.05	-0.20	0.00	0.00	0.00	0.00
	CMF12	CMF12a	11.77	133.00	-0.30	0.00	0.00	0.00	0.00
	CPD02	CPD02a	3.88	323.30	-0.50	0.00	0.00	0.00	0.00
	CPD02	CPD02b	11.40	346.70	-0.70	0.00	0.00	0.00	0.00
	CPD03	CPD03a	10.34	349.60	1.90	0.00	0.00	0.00	0.00
	CPD03	CDP03b	11.43	19.50	-1.30	0.00	0.00	0.00	0.00
	CPD03	CPD04	5.20	150.95	-0.35	0.00	0.00	0.00	0.00
	CPD04	CMF06	7.00	165.00	7.10	0.00	0.00	0.00	0.00
	CPD04	CPD04a	6.35	234.30	-2.00	0.00	0.00	0.00	0.00
	CPD04	CPD04b	10.99	225.80	-1.60	0.00	0.00	0.00	0.00
	CJA05	CPE01	8.41	57.35	-11.90	0.00	0.00	0.00	0.00
	CPE01	CMB06	4.14	14.10	20.20	0.00	0.00	0.00	0.00
	CJA13	CKC20	10.10	338.60	-2.35	0.00	0.00	0.00	0.00
	CKC01	CPE02	9.40	248.75	1.05	0.00	0.00	0.00	0.00
	CPE02	CKC03	4.96	158.45	-12.70	0.00	0.00	0.00	0.00
	CLA06	CQA01	5.12	53.80	-2.20	0.00	0.00	0.00	0.00
	CQA01	CLA14	9.32	133.90	-3.40	0.00	0.00	0.00	0.00
	CQA01	CQA02	2.60	167.20	-11.25	0.00	0.00	0.00	0.00
	CQA02	CMF04	7.04	82.10	6.75	0.00	0.00	0.00	0.00
	CQA01	CQA03	2.09	46.70	-16.70	0.00	0.00	0.00	0.00
	CQA03	CQA03a	5.61	335.20	0.50	0.00	0.00	0.00	0.00
	CQA01	CQA01a	1.05	46.70	-16.70	0.00	0.00	0.00	0.00
	CQA01a	CQA01b	9.71	347.60	-0.50	0.00	0.00	0.00	0.00
	CLA05	CQA04	8.98	31.30	-4.80	0.00	0.00	0.00	0.00
	CLA05	CLA06	3.04	172.00	-1.00	0.00	0.00	0.00	0.00
	CQA04	CQA04a	4.01	309.10	-2.00	0.00	0.00	0.00	0.00
	CQA04	CQA04b	9.92	318.70	-0.60	0.00	0.00	0.00	0.00
	CQA04	CMF06b	7.37	72.75	-0.15	0.00	0.00	0.00	0.00
	CMF06b	CMF06	1.07	265.10	83.90	0.00	0.00	0.00	0.00
	CQA04	CQA02	9.95	177.25	0.10	0.00	0.00	0.00	0.00
	CLA05	CLA04	4.78	289.10	0.60	0.00	0.00	0.00	0.00
	CLA04	CQA05	4.29	6.50	-2.50	0.00	0.00	0.00	0.00
	CQA05	CQA05a	3.97	22.70	-10.00	0.00	0.00	0.00	0.00
	CLA04	CLA03	11.94	334.45	-2.20	0.00	0.00	0.00	0.00
	CLA03	CQA06	9.22	83.30	0.90	0.00	0.00	0.00	0.00
	CQA06	CQA06b	10.02	35.60	-4.10	0.00	0.00	0.00	0.00
	CLA03	CMC01	10.26	299.90	2.45	0.00	0.00	0.00	0.00
	CMC01	CQA07	12.29	72.08	-1.02	0.00	0.00	0.00	0.00
	CQA07	CQA07a	1.00	350.40	-90.00	0.00	0.00	0.00	0.00
	CQA07a	CQA07b	15.15	46.50	0.00	0.00	0.00	0.00	0.00
	CQA07a	CQA07c	10.60	312.60	2.40	0.00	0.00	0.00	0.00
	CLA03	CLA03a	0.25	350.40	-90.00	0.00	0.00	0.00	0.00
	CLA03a	CQA07a	9.85	13.70	-1.20	0.00	0.00	0.00	0.00
	COA06	CQB01	4.97	174.40	-2.65	0.00	0.00	0.00	0.00
	CQB01	CQB02	9.93	64.00	-6.00	0.00	0.00	0.00	0.00
	CQB02	CQB03	4.88	173.90	-6.50	0.00	0.00	0.00	0.00
	CQB03	CQB03a	14.16	42.60	0.30	0.00	0.00	0.00	0.00
	CQB03	CQB04	6.62	77.00	11.10	0.00	0.00	0.00	0.00
	CQB04	CQB05	7.76	198.00	3.00	0.00	0.00	0.00	0.00
	CQB05	CQB06	9.85	145.70	-0.10	0.00	0.00	0.00	0.00
	CQB05	CQB07	8.00	192.80	5.30	0.00	0.00	0.00	0.00
	CQB07	CQB07a	8.96	284.50	-3.40	0.00	0.00	0.00	0.00
	CQB07	CQB07b	6.44	201.00	-0.60	0.00	0.00	0.00	0.00
	CQB07b	CQB07c	9.88	132.70	9.00	0.00	0.00	0.00	0.00
	CQB06	CKB11	16.19	67.50	-3.80	0.00	0.00	0.00	0.00
	CQB06	CQB06a	11.80	141.90	4.50	0.00	0.00	0.00	0.00
	CKB11	CKB01	21.12	121.10	1.00	0.00	0.00	0.00	0.00
	CKB11	CQB08	10.61	15.40	8.45	0.00	0.00	0.00	0.00
	CQB08	CKA18	7.86	13.40	-10.70	0.00	0.00	0.00	0.00
	CKB11	CQB09	18.16	319.40	-0.20	0.00	0.00	0.00	0.00
	CQB09	CQB03	13.69	245.80	-1.75	0.00	0.00	0.00	0.00
	CQB09	CQB10	7.94	71.30	-5.10	0.00	0.00	0.00	0.00
	CQB10	CQB11	17.49	298.55	2.45	0.00	0.00	0.00	0.00
	CQB10	CQB12	10.20	354.80	2.65	0.00	0.00	0.00	0.00
	CQB10	CQB13	7.06	142.80	8.40	0.00	0.00	0.00	0.00
	CQB13	CQB08	3.31	96.75	20.10	0.00	0.00	0.00	0.00
	CQB01	CQB14	11.57	199.30	4.40	0.00	0.00	0.00	0.00
	CQB14	CQB15	9.06	258.70	-7.00	0.00	0.00	0.00	0.00
	CQB15	CIB51	7.11	159.30	-2.30	0.00	0.00	0.00	0.00
	CQB15	CQB16	10.17	321.00	6.40	0.00	0.00	0.00	0.00
	CQB16	CQB17	11.56	341.05	-11.90	0.00	0.00	0.00	0.00
	CQB17	CQB18	4.07	271.20	5.90	0.00	0.00	0.00	0.00
	CQB18	CIB27	5.83	17.25	19.90	0.00	0.00	0.00	0.00
	CQB11	COA04	3.05	185.70	13.85	0.00	0.00	0.00	0.00
	CQB12	CKA17	4.58	224.70	1.35	0.00	0.00	0.00	0.00
	BRB14	CQC01	7.11	231.15	-9.40	0.00	0.00	0.00	0.00
	CQC01	CQC01a	20.03	321.70	0.30	0.00	0.00	0.00	0.00
	BRB14	CPB01	18.10	216.40	-1.25	0.00	0.00	0.00	0.00
	CPB02	CPB06	6.09	161.10	-6.50	0.00	0.00	0.00	0.00
	CPB06	BXA02	3.08	132.05	10.30	0.00	0.00	0.00	0.00
	CPB04	CPB05	9.19	64.40	4.30	0.00	0.00	0.00	0.00
	CPB05	BVB01	7.08	193.55	1.25	0.00	0.00	0.00	0.00
	CRF15	CRA01	8.09	137.40	-13.35	0.00	0.00	0.00	0.00
	CRA01	CIB09	5.82	174.59	15.20	0.00	0.00	0.00	0.00
	CIB09	CIB06	7.58	273.00	0.00	0.00	0.00	0.00	0.00
	CIB06	CIB10	11.16	202.60	-1.80	0.00	0.00	0.00	0.00
	CIB06	CRA02	7.67	156.22	-19.69	0.00	0.00	0.00	0.00
	CRA02	CIB11	8.07	117.46	6.95	0.00	0.00	0.00	0.00
	CIB11	CIB12	7.69	14.30	19.70	0.00	0.00	0.00	0.00
	CIB11	CIB13	12.27	256.90	0.30	0.00	0.00	0.00	0.00
	CIB06	CIB07	13.07	320.70	-8.50	0.00	0.00	0.00	0.00
	CIB07	CIB08	8.52	337.90	-4.60	0.00	0.00	0.00	0.00
	CIB07	CIB07b	9.92	52.00	20.30	0.00	0.00	0.00	0.00
	CIB08	CIB08a	18.97	18.50	0.90	0.00	0.00	0.00	0.00
	CIB06	CIB05	18.74	231.10	1.60	0.00	0.00	0.00	0.00
	CIB05	CIB05b	10.09	357.50	-0.10	0.00	0.00	0.00	0.00
	CIB11	CIB23	22.63	43.80	1.80	0.00	0.00	0.00	0.00
	CIB23	CIB24	4.25	304.50	3.80	0.00	0.00	0.00	0.00
	CIB23	CIB26	15.56	154.50	-1.70	0.00	0.00	0.00	0.00
	CIB26	CQB18	8.58	147.50	-4.20	0.00	0.00	0.00	0.00
	CQB18	CIB27	5.81	16.60	19.50	0.00	0.00	0.00	0.00
	CIB27	CRA03	14.09	55.09	-3.88	0.00	0.00	0.00	0.00
	CRA03	CPA12	11.05	148.93	-1.93	0.00	0.00	0.00	0.00
	CRA03	CRA04	8.98	323.17	-6.84	0.00	0.00	0.00	0.00
	CRA04	CFA09	12.68	353.80	7.73	0.00	0.00	0.00	0.00
	CFA09	CFA09a	20.27	295.50	4.00	0.00	0.00	0.00	0.00
	CFA09	CFA09b	12.63	321.50	-1.30	0.00	0.00	0.00	0.00
	CPA12	COA06	8.96	121.80	5.50	0.00	0.00	0.00	0.00
	COA06	CRA05	23.06	253.28	-3.25	0.00	0.00	0.00	0.00
	CRA05	CQB17	7.26	358.85	-3.54	0.00	0.00	0.00	0.00
	CRA05	CRA05a	13.20	44.70	6.50	0.00	0.00	0.00	0.00
	CRB01	CIB18	14.66	210.80	8.80	0.00	0.00	0.00	0.00
	CCC29	CRB02	7.31	307.90	9.20	0.00	0.00	0.00	0.00
	CCC26	CSA01	15.71	43.67	-7.37	0.00	0.00	0.00	0.00
	CSA01	CIB08b	24.04	198.70	-0.10	0.00	0.00	0.00	0.00
	CCC26	CCC27	17.43	254.08	-2.45	0.00	0.00	0.00	0.00
	CCC27	CCC28	10.05	351.15	5.38	0.00	0.00	0.00	0.00
	CCC28	CCC22	5.76	272.33	-4.95	0.00	0.00	0.00	0.00
	CCC22	CCC23	5.60	49.01	16.93	0.00	0.00	0.00	0.00
	CCC23	CCC24	15.68	61.75	-2.03	0.00	0.00	0.00	0.00
	CCC22	CCC01	6.95	356.89	-7.81	0.00	0.00	0.00	0.00
	CCC22	CCC09	6.67	194.92	-2.24	0.00	0.00	0.00	0.00
	CCC09	CCC09a	13.08	330.90	-8.90	0.00	0.00	0.00	0.00
	CCC09	CCC10	17.78	270.91	1.95	0.00	0.00	0.00	0.00
	CCC10	CCC04	8.36	347.88	4.24	0.00	0.00	0.00	0.00
	CCC04	CCC17	16.28	255.62	-4.58	0.00	0.00	0.00	0.00
	CCC17	CCC18	13.73	233.60	5.49	0.00	0.00	0.00	0.00
	CCC18	CSA02	9.87	265.05	-10.59	0.00	0.00	0.00	0.00
	CSA02	CSA03	11.80	37.44	-1.30	0.00	0.00	0.00	0.00
	CSA02	CSA02a	7.81	270.10	1.10	0.00	0.00	0.00	0.00
	CSA03	CCC19	1.77	341.07	44.25	0.00	0.00	0.00	0.00
	CSA04	CSA02a	10.81	144.14	1.37	0.00	0.00	0.00	0.00
	CSA04	CCC20	10.52	67.83	19.50	0.00	0.00	0.00	0.00
	CCC04	CCC03	10.55	46.49	-11.10	0.00	0.00	0.00	0.00
	CIB44	CIB45	5.39	8.31	0.55	0.00	0.00	0.00	0.00
	CIB45	CIB46	8.92	52.60	-8.75	0.00	0.00	0.00	0.00
	CIB46	CTA01	10.94	329.58	-0.41	0.00	0.00	0.00	0.00
	CTA01	CTA02	10.95	243.50	-5.30	0.00	0.00	0.00	0.00
	CTA01	CTA01a	6.54	278.70	-12.00	0.00	0.00	0.00	0.00
	CTA01	CTA01b	8.29	334.10	-4.80	0.00	0.00	0.00	0.00
	CIB46	CIB47	6.72	10.70	3.10	0.00	0.00	0.00	0.00
	CIB45	CTA02	13.21	321.30	-10.40	0.00	0.00	0.00	0.00
	CTA01	CTA03	3.18	326.50	-8.60	0.00	0.00	0.00	0.00
	CIB47	CTA04	8.61	352.60	-0.60	0.00	0.00	0.00	0.00
	CTA03	CTA05	6.24	25.00	16.70	0.00	0.00	0.00	0.00
	CTA03	CIB28	2.75	294.56	18.14	0.00	0.00	0.00	0.00
	CTA05	CTA04	5.60	112.10	-8.80	0.00	0.00	0.00	0.00
	CIB28	CIB30	9.01	275.83	3.89	0.00	0.00	0.00	0.00
	CIB30	CIB31	9.79	227.30	-3.20	0.00	0.00	0.00	0.00
	CIB30	CIB21	7.90	299.00	4.60	0.00	0.00	0.00	0.00
	CIB31	CIB34	10.14	146.60	-1.27	0.00	0.00	0.00	0.00
	CIB34	CIB35	11.02	185.36	1.79	0.00	0.00	0.00	0.00
	CIB34	CIB33	7.69	278.66	3.44	0.00	0.00	0.00	0.00
	CIB33	CRB01a	10.39	300.22	-0.83	0.00	0.00	0.00	0.00
	CRB01a	CIB20	10.72	52.61	-0.01	0.00	0.00	0.00	0.00
	CRB01a	CIB19	2.72	53.00	84.20	0.00	0.00	0.00	0.00
	CIB19	CIB18	14.64	211.56	-7.49	0.00	0.00	0.00	0.00
	CIB18	CIB03	14.46	0.40	-1.70	0.00	0.00	0.00	0.00
	CIB18	CIB32	10.68	91.50	2.00	0.00	0.00	0.00	0.00
	CIB32	CIB33	9.43	37.40	-5.20	0.00	0.00	0.00	0.00
	CIB18	CIB36	11.51	109.60	-1.90	0.00	0.00	0.00	0.00
	CIB36	CIB35	12.17	92.90	-1.60	0.00	0.00	0.00	0.00
	CIB36	CIB37	10.21	180.40	13.80	0.00	0.00	0.00	0.00
	CIB35	CIB44	13.70	82.30	4.00	0.00	0.00	0.00	0.00
	CIB47	CIB49	9.38	147.30	19.70	0.00	0.00	0.00	0.00
	CIB32	CTA06	15.08	247.00	-3.60	0.00	0.00	0.00	0.00
	CTA06	CTA07	8.19	227.47	6.18	0.00	0.00	0.00	0.00
	CTA06	CTA06a	7.09	279.20	-6.40	0.00	0.00	0.00	0.00
	CTA07	CTA08	9.22	324.77	4.07	0.00	0.00	0.00	0.00
	CTA08	CTA09	4.93	13.25	-12.59	0.00	0.00	0.00	0.00
	CTA08	CIB14	13.96	339.10	-3.90	0.00	0.00	0.00	0.00
	CTA09	CIB18	13.47	90.12	0.45	0.00	0.00	0.00	0.00
	CNC08	CTB01	4.54	311.70	6.20	0.00	0.00	0.00	0.00
	CTB01	CTB02	9.35	194.05	6.30	0.00	0.00	0.00	0.00
	CTB02	CTB03	3.17	176.60	-36.95	0.00	0.00	0.00	0.00
	CTB03	CTB04	8.96	81.50	7.80	0.00	0.00	0.00	0.00
	CTB04	CNC09	7.38	3.85	-6.70	0.00	0.00	0.00	0.00
	CNC09	CNC08	3.82	267.25	-0.45	0.00	0.00	0.00	0.00
	CTB04	CTB05	7.50	42.35	0.90	0.00	0.00	0.00	0.00
	CTB05	CTB06	5.54	100.00	-0.65	0.00	0.00	0.00	0.00
	CTB06	CTB07	5.82	29.63	6.67	0.00	0.00	0.00	0.00
	CTB07	CTB08	9.63	297.70	-11.35	0.00	0.00	0.00	0.00
	CTB08	CNC08	10.78	229.70	2.30	0.00	0.00	0.00	0.00
	CTB08	CTB08a	6.51	6.55	2.20	0.00	0.00	0.00	0.00
	CTB08a	CTB08b	9.26	73.60	-3.10	0.00	0.00	0.00	0.00
	CTB08	CTB09	13.53	74.28	4.70	0.00	0.00	0.00	0.00
	CTB09	CTB10	3.83	348.75	-9.90	0.00	0.00	0.00	0.00
	CTB10	CTB11	11.13	88.60	-2.50	0.00	0.00	0.00	0.00
	CTB10	CTB12	10.85	47.75	-3.55	0.00	0.00	0.00	0.00
	CTB10	CTB10a	8.49	349.30	-7.50	0.00	0.00	0.00	0.00
	CTB10	CTB08b	3.26	300.00	-20.10	0.00	0.00	0.00	0.00
	CTB11	CTB13	3.59	23.70	20.05	0.00	0.00	0.00	0.00
	CTB13	CTB14	6.88	102.10	-4.75	0.00	0.00	0.00	0.00
	CTB14	CTB15	12.64	334.15	0.45	0.00	0.00	0.00	0.00
	CTB15	CTB12	8.11	219.75	-7.00	0.00	0.00	0.00	0.00
	CTB15	CTB16	4.64	249.90	-6.25	0.00	0.00	0.00	0.00
	CTB11	CTB17	7.25	242.60	8.80	0.00	0.00	0.00	0.00
	CTB17	CTB09	4.11	260.90	0.90	0.00	0.00	0.00	0.00
	CTB09	CTB07	9.64	207.70	4.25	0.00	0.00	0.00	0.00
	CJA06	CJA05	10.79	272.45	-7.15	0.00	0.00	0.00	0.00
	CJA06	CTC01	7.75	57.95	-9.15	0.00	0.00	0.00	0.00
	CTC01	CNB11	10.15	330.50	-1.30	0.00	0.00	0.00	0.00
	CTC01	CTC02	10.89	48.70	-0.45	0.00	0.00	0.00	0.00
	CTC03	CTC05	5.51	87.75	2.30	0.00	0.00	0.00	0.00
	CTC05	CTC06	8.25	48.95	-6.05	0.00	0.00	0.00	0.00
	CTC06	CTC07	9.21	314.80	0.15	0.00	0.00	0.00	0.00
	CTC07	CTC08	7.68	337.00	5.45	0.00	0.00	0.00	0.00
	CTC08	CKD06	3.26	283.40	8.10	0.00	0.00	0.00	0.00
	CKD06	CKD07	16.12	79.50	-1.65	0.00	0.00	0.00	0.00
	CKD07	CTC09	4.87	156.05	-8.25	0.00	0.00	0.00	0.00
	CTC09	CTC09a	10.75	238.90	-7.20	0.00	0.00	0.00	0.00
	CTC09	CTC09b	4.65	250.80	-6.80	0.00	0.00	0.00	0.00
	CTC09	CTC10	8.04	36.30	5.00	0.00	0.00	0.00	0.00
	CTC10	CKD10	6.25	16.55	3.25	0.00	0.00	0.00	0.00
	CTC02	CNB09	7.79	310.00	-0.50	0.00	0.00	0.00	0.00
	CTC02	CTC03	8.44	160.80	-0.05	0.00	0.00	0.00	0.00
	CTC03	CTC04	13.66	247.20	0.65	0.00	0.00	0.00	0.00
	CTC04	CJA06	5.08	291.95	15.40	0.00	0.00	0.00	0.00
	CTC10	CTC11	6.61	114.30	1.45	0.00	0.00	0.00	0.00
	CTC11	CTC12	10.52	219.40	1.30	0.00	0.00	0.00	0.00
	CTC12	CTC12a	2.06	342.30	-87.00	0.00	0.00	0.00	0.00
	CTC12a	CTC12b	7.09	133.90	-3.20	0.00	0.00	0.00	0.00
	CTC12	CTC13	5.68	247.40	-14.35	0.00	0.00	0.00	0.00
	CTC13	CTC13a	6.07	330.20	-0.70	0.00	0.00	0.00	0.00
	CTC13	CTC06	7.67	212.90	4.45	0.00	0.00	0.00	0.00
	CTC11	CKD15	14.08	57.70	-2.50	0.00	0.00	0.00	0.00
	BYA06	BYA06b	1.07	316.90	-79.70	0.00	0.00	0.00	0.00
	BYA06	BYA06c	2.70	100.30	-28.40	0.00	0.00	0.00	0.00
	BYA06c	CUB01	18.81	79.60	0.50	0.00	0.00	0.00	0.00
	BYA03	CUA01	5.22	157.20	-16.15	0.00	0.00	0.00	0.00
	CUA01	BYA06	11.28	32.45	3.70	0.00	0.00	0.00	0.00
	BYA07	BYA07a	1.11	176.70	-71.55	0.00	0.00	0.00	0.00
	BYA07a	CUB05	12.60	81.80	0.45	0.00	0.00	0.00	0.00
	BYA07a	CUA02	9.25	353.80	1.40	0.00	0.00	0.00	0.00
	BYA01	CUA03	10.11	47.00	-10.25	0.00	0.00	0.00	0.00
	CUA03	CUA01	2.99	281.10	2.95	0.00	0.00	0.00	0.00
	CUA03	CUA03a	14.91	86.10	0.20	0.00	0.00	0.00	0.00
	CUA03	CUA03b	11.25	146.50	3.50	0.00	0.00	0.00	0.00
	BYA12	BYA12a	24.15	83.30	-1.60	0.00	0.00	0.00	0.00
	BYA11	CUA02	4.54	101.10	-15.00	0.00	0.00	0.00	0.00
	BVA03	CUB01	11.54	275.15	-4.55	0.00	0.00	0.00	0.00
	CUB01	BYA06c	18.81	259.60	-0.50	0.00	0.00	0.00	0.00
	CUB01	CUB02	4.75	264.40	11.30	0.00	0.00	0.00	0.00
	CUB02	CUB03	4.13	44.70	-9.70	0.00	0.00	0.00	0.00
	CUB03	CUB01	3.04	147.80	-2.60	0.00	0.00	0.00	0.00
	CUB03	CUB04	5.78	64.05	19.70	0.00	0.00	0.00	0.00
	CUB04	BVA04	2.55	129.55	-29.80	0.00	0.00	0.00	0.00
	CUB04	CUB05	9.97	271.20	-13.60	0.00	0.00	0.00	0.00
	CUB05	CUB03	5.66	119.30	-3.85	0.00	0.00	0.00	0.00
	CUB05	CUB06	9.13	11.40	7.95	0.00	0.00	0.00	0.00
	CUB06	BVA06	4.86	81.05	-6.70	0.00	0.00	0.00	0.00
	CTB15	CVA01	6.83	341.85	-6.25	0.00	0.00	0.00	0.00
	CVA01	CVA02	9.36	279.85	-0.65	0.00	0.00	0.00	0.00
	CVA02	CTB12	15.34	155.95	-0.40	0.00	0.00	0.00	0.00
	CTB16	CTB016a	9.18	259.40	-4.40	0.00	0.00	0.00	0.00
	CVA02	CVA03	7.51	247.10	2.30	0.00	0.00	0.00	0.00
	CVA03	CVA04	4.37	233.25	0.65	0.00	0.00	0.00	0.00
	CVA04	CVA05	4.87	351.05	-3.05	0.00	0.00	0.00	0.00
	CVA05	CVA06	3.86	31.40	-0.10	0.00	0.00	0.00	0.00
	CVA06	CVA03	5.55	157.85	2.10	0.00	0.00	0.00	0.00
	CVA04	CVA07	3.42	217.60	-7.40	0.00	0.00	0.00	0.00
	CVA07	CVA07a	9.41	161.40	0.40	0.00	0.00	0.00	0.00
	CNC08	CNC08a	13.03	278.20	-3.90	0.00	0.00	0.00	0.00
	CTB08a	CTB08c	7.41	264.20	-2.20	0.00	0.00	0.00	0.00
	CTB08	CTB09	13.45	73.70	4.75	0.00	0.00	0.00	0.00
	CTB09	CTB07	9.60	209.05	4.55	0.00	0.00	0.00	0.00
	CTB07	CTB08	9.62	298.60	-11.50	0.00	0.00	0.00	0.00
	CTB10	CTB11	11.13	88.75	-2.95	0.00	0.00	0.00	0.00
	CTB10	CTB10b	7.82	305.10	-5.90	0.00	0.00	0.00	0.00
	CTB10	CTB12	10.82	49.45	-3.75	0.00	0.00	0.00	0.00
	CVA05	CVA05a	10.24	258.70	-2.60	0.00	0.00	0.00	0.00
	CVA05	CVA05b	10.75	320.80	4.80	0.00	0.00	0.00	0.00
	CTB03	CVA08	5.39	132.70	7.45	0.00	0.00	0.00	0.00
	CVA08	CVA09	9.42	78.45	-2.70	0.00	0.00	0.00	0.00
	CVA09	CVA10	5.33	330.60	2.35	0.00	0.00	0.00	0.00
	CVA10	CTB05	5.26	38.75	8.85	0.00	0.00	0.00	0.00
	CVA09	CVA11	2.74	350.70	9.65	0.00	0.00	0.00	0.00
	CVA11	CVA12	3.76	54.20	1.00	0.00	0.00	0.00	0.00
	CVA12	CTB05	4.41	331.60	7.45	0.00	0.00	0.00	0.00
	CVA09	CVA13	5.13	81.35	0.25	0.00	0.00	0.00	0.00
	CVA13	CVA14	5.04	28.10	-0.05	0.00	0.00	0.00	0.00
	CVA14	CVA15	3.15	300.25	9.70	0.00	0.00	0.00	0.00
	CVA15	CTB06	1.73	52.50	17.25	0.00	0.00	0.00	0.00
	CVA14	CVA16	5.25	80.40	-2.70	0.00	0.00	0.00	0.00
	CVA16	CVA17	4.55	19.90	14.60	0.00	0.00	0.00	0.00
	CVA17	CVA15	10.20	249.20	-2.15	0.00	0.00	0.00	0.00
	CVA17	CVA18	5.64	348.30	-11.25	0.00	0.00	0.00	0.00
	CVA18	CTB07	5.54	233.10	20.00	0.00	0.00	0.00	0.00
	CVA06	CWA01	11.05	62.17	-0.24	0.00	0.00	0.00	0.00
	CWA01	CWA01a	11.46	150.92	0.17	0.00	0.00	0.00	0.00
	CWA01	CWA01b	10.37	319.77	-7.19	0.00	0.00	0.00	0.00
	CWA01a	CVA01	2.99	76.01	0.18	0.00	0.00	0.00	0.00
	CWA01	CWA02	7.27	47.82	2.74	0.00	0.00	0.00	0.00
	CWA02	CWA03	8.83	130.17	-1.90	0.00	0.00	0.00	0.00
	CWA03	CWA03a	18.48	82.31	-0.48	0.00	0.00	0.00	0.00
	CWA03	CWA03b	12.03	253.40	-3.42	0.00	0.00	0.00	0.00
	CWA03	CWA04	6.48	159.23	3.27	0.00	0.00	0.00	0.00
	CWA04	CVA01	6.46	246.44	-3.61	0.00	0.00	0.00	0.00
	CWA02	CWA05	11.04	320.83	0.67	0.00	0.00	0.00	0.00
	CWA05	CWA06	7.75	243.77	-2.09	0.00	0.00	0.00	0.00
	CWA06	CWA07	7.58	231.08	2.45	0.00	0.00	0.00	0.00
	CWA07	CWA08	6.98	245.22	8.36	0.00	0.00	0.00	0.00
	CWA08	CWA09	7.78	338.56	-3.64	0.00	0.00	0.00	0.00
	CWA09	CWA09a	16.07	240.83	1.68	0.00	0.00	0.00	0.00
	CWA08	CWA08a	6.03	248.87	-16.64	0.00	0.00	0.00	0.00
	CWA09	CWA10	6.27	57.23	-3.25	0.00	0.00	0.00	0.00
	CWA10	CWA07	8.84	152.78	0.03	0.00	0.00	0.00	0.00
	CWA10	CWA11	3.30	109.80	-3.14	0.00	0.00	0.00	0.00
	CWA11	CWA12	14.30	50.00	3.03	0.00	0.00	0.00	0.00
	CWA12	CWA12a	8.13	160.09	-5.00	0.00	0.00	0.00	0.00
	CWA12	CWA05	8.42	158.71	-4.69	0.00	0.00	0.00	0.00
	CWA09	CWA13	6.66	310.86	-4.94	0.00	0.00	0.00	0.00
	CWA13	CWA13a	6.55	247.84	-2.07	0.00	0.00	0.00	0.00
	CWA13	CWA14	3.67	41.32	4.01	0.00	0.00	0.00	0.00
	CWA14	CWA15	8.98	67.81	-2.15	0.00	0.00	0.00	0.00
	CWA15	CWA15b	7.63	206.33	-0.11	0.00	0.00	0.00	0.00
	CWA15	CWA16	9.01	100.01	2.73	0.00	0.00	0.00	0.00
	CWA16	CWA11	9.31	221.02	-4.02	0.00	0.00	0.00	0.00
	CWA15	CWA15a	7.18	58.51	-8.65	0.00	0.00	0.00	0.00
	CWA10	CWA17	4.16	292.63	-3.42	0.00	0.00	0.00	0.00
	CWA17	CWA15	7.05	37.16	0.63	0.00	0.00	0.00	0.00
	CWA13	CWA18	7.63	342.80	1.74	0.00	0.00	0.00	0.00
	CWA18	CWA18a	13.17	237.71	-1.25	0.00	0.00	0.00	0.00
	CWA18	CWA19	5.58	20.13	-0.49	0.00	0.00	0.00	0.00
	CWA19	CWA20	5.92	70.83	-4.77	0.00	0.00	0.00	0.00
	CWA20	CWA21	4.88	144.47	-0.66	0.00	0.00	0.00	0.00
	CWA21	CWA14	9.64	215.36	2.85	0.00	0.00	0.00	0.00
	CWA21	CWA21a	8.83	76.44	-2.08	0.00	0.00	0.00	0.00
	CWA21	CWA21b	7.86	69.78	-4.20	0.00	0.00	0.00	0.00
	CWA20	CWA22	11.57	38.79	2.44	0.00	0.00	0.00	0.00
	CWA22	CWA23	6.83	161.10	-4.82	0.00	0.00	0.00	0.00
	CWA23	CWA23a	16.71	48.46	-2.39	0.00	0.00	0.00	0.00
	CWA24	CWA23b	15.55	44.40	-2.27	0.00	0.00	0.00	0.00
	CWA23	CWA24	2.68	98.12	-4.70	0.00	0.00	0.00	0.00
	CWA24	CWA24a	7.05	224.43	0.19	0.00	0.00	0.00	0.00
	CWA24	CWA25	5.68	160.13	0.33	0.00	0.00	0.00	0.00
	CWA25	CWA25a	11.13	51.97	-2.47	0.00	0.00	0.00	0.00
	CWA25	CWA26	3.63	117.11	3.32	0.00	0.00	0.00	0.00
	CWA26	CWA27	2.63	190.73	-4.92	0.00	0.00	0.00	0.00
	CWA27	CWA12	2.61	97.15	24.76	0.00	0.00	0.00	0.00
	CWA22	CWA28	5.68	74.41	-3.73	0.00	0.00	0.00	0.00
	CWA28	CWA29	8.74	28.41	-2.76	0.00	0.00	0.00	0.00
	CWA29	CWA30	5.52	165.46	1.68	0.00	0.00	0.00	0.00
	CWA30	CWA31	11.92	135.25	0.59	0.00	0.00	0.00	0.00
	CWA31	CWA32	7.82	158.20	0.56	0.00	0.00	0.00	0.00
	CWA32	CWA33	11.30	245.28	2.98	0.00	0.00	0.00	0.00
	CWA23	CWA23c	10.23	44.33	-4.10	0.00	0.00	0.00	0.00
	CWA23c	CWA30	3.27	26.00	10.99	0.00	0.00	0.00	0.00
	CWA23c	CWA30	3.24	27.29	12.19	0.00	0.00	0.00	0.00
	CTB14	CWB01	4.72	170.85	-9.80	0.00	0.00	0.00	0.00
	CWB01	CWB02	9.51	267.20	6.90	0.00	0.00	0.00	0.00
	CWB02	CTB11	3.47	10.25	-17.15	0.00	0.00	0.00	0.00
	CTB14	CWB03	12.49	75.80	4.70	0.00	0.00	0.00	0.00
	CWB03	CWB04	7.99	154.30	-3.85	0.00	0.00	0.00	0.00
	CWB04	CWB05	8.27	268.55	-3.70	0.00	0.00	0.00	0.00
	CWB05	CWB01	6.65	266.95	-6.35	0.00	0.00	0.00	0.00
	CWB03	CWB06	8.21	88.40	-8.30	0.00	0.00	0.00	0.00
	CWB06	CWB07	7.35	89.00	-3.65	0.00	0.00	0.00	0.00
	CWB07	CWB04	14.11	237.10	4.60	0.00	0.00	0.00	0.00
	CWB03	CWB08	7.57	316.95	-6.30	0.00	0.00	0.00	0.00
	CWB08	CWB09	9.42	276.25	0.95	0.00	0.00	0.00	0.00
	CWB09	CTB15	3.63	297.15	-3.05	0.00	0.00	0.00	0.00
	CWB08	CWB10	4.98	4.55	-7.20	0.00	0.00	0.00	0.00
	CWB10	CWB11	7.70	295.65	4.25	0.00	0.00	0.00	0.00
	CWB11	CTB15	8.19	227.60	-0.30	0.00	0.00	0.00	0.00
	CWB11	CWB12	4.12	326.25	8.35	0.00	0.00	0.00	0.00
	CWB12	CWA04	1.04	350.40	-90.00	0.00	0.00	0.00	0.00
	CWB10	CWB13	11.01	77.55	5.15	0.00	0.00	0.00	0.00
	CWB13	CWB14	11.31	320.35	-2.05	0.00	0.00	0.00	0.00
	CWB14	CWB15	9.62	235.35	-3.25	0.00	0.00	0.00	0.00
	CWB15	CWB11	3.52	231.25	9.35	0.00	0.00	0.00	0.00
	CWB15	CWB16	2.91	61.05	9.15	0.00	0.00	0.00	0.00
	CWB16	CWB17	6.26	334.90	-4.20	0.00	0.00	0.00	0.00
	CWB17	CWA04	7.83	220.90	1.50	0.00	0.00	0.00	0.00
	CWB18	CWB19	7.64	147.40	2.70	0.00	0.00	0.00	0.00
	CWB17	CWB18	3.81	46.92	-10.80	0.00	0.00	0.00	0.00
	CWB14	CWB19	2.66	204.30	-20.30	0.00	0.00	0.00	0.00
	CWB18	CWB20	9.96	78.85	1.80	0.00	0.00	0.00	0.00
	CWB20	CWB21	3.40	98.35	1.55	0.00	0.00	0.00	0.00
	CWB21	CWB19	12.08	229.35	0.20	0.00	0.00	0.00	0.00
	CTC06	CWC01	9.35	153.55	3.70	0.00	0.00	0.00	0.00
	CWC01	CWC02	7.24	54.25	11.95	0.00	0.00	0.00	0.00
	CWC02	CWC03	10.01	83.75	-3.65	0.00	0.00	0.00	0.00
	CWC03	CWC04	9.29	21.10	-0.35	0.00	0.00	0.00	0.00
	CWC04	CWC05	5.05	293.60	-9.60	0.00	0.00	0.00	0.00
	CWC05	CTC11	9.65	343.80	-0.45	0.00	0.00	0.00	0.00
	CWC05	CWC06	6.33	250.90	-17.80	0.00	0.00	0.00	0.00
	CWC06	CWC06a	12.08	228.40	-2.20	0.00	0.00	0.00	0.00
	CWC06	CWC06b	7.18	319.00	5.00	0.00	0.00	0.00	0.00
	CWC06	CWC06c	5.31	143.60	-18.20	0.00	0.00	0.00	0.00
	CWC05	CWC07	12.24	44.70	-3.60	0.00	0.00	0.00	0.00
	CWC05	CWC08	9.86	28.15	-7.55	0.00	0.00	0.00	0.00
	CTC11	CWC08	7.45	93.80	-8.40	0.00	0.00	0.00	0.00
	CWC07	CKD18	12.85	103.55	2.95	0.00	0.00	0.00	0.00
	CKD18	CKD17	4.49	300.55	-5.55	0.00	0.00	0.00	0.00
	CKD17	CWC09	10.53	198.15	-2.55	0.00	0.00	0.00	0.00
	CWC09	CWC07	11.88	333.95	-0.40	0.00	0.00	0.00	0.00
	CJA24	CWD01	13.79	74.65	-9.53	0.00	0.00	0.00	0.00
	CWD01	CWD02	12.54	335.45	-2.40	0.00	0.00	0.00	0.00
	CWD02	CJA07	5.96	331.20	13.40	0.00	0.00	0.00	0.00
	CWD02	CWD03	7.58	225.60	4.30	0.00	0.00	0.00	0.00
	CWD03	CJA22	3.11	254.90	-0.75	0.00	0.00	0.00	0.00
	CWD04	CTC04	10.35	291.40	-8.05	0.00	0.00	0.00	0.00
	CWD02	CWD04	6.98	78.70	13.50	0.00	0.00	0.00	0.00
	CWD04	CWD05	11.45	74.55	0.55	0.00	0.00	0.00	0.00
	CWD05	CWD06	20.06	227.30	-0.55	0.00	0.00	0.00	0.00
	CWD06	CWD01	3.53	134.50	-18.50	0.00	0.00	0.00	0.00
	CWD01	CWD07	18.64	97.00	10.15	0.00	0.00	0.00	0.00
	CWD07	CWD05	19.09	341.95	-5.90	0.00	0.00	0.00	0.00
	CWD06	CWD08	4.55	155.30	2.70	0.00	0.00	0.00	0.00
	CWD08	CWD09	4.66	151.05	-37.55	0.00	0.00	0.00	0.00
	CWD09	CWD10	7.30	179.85	2.30	0.00	0.00	0.00	0.00
	CWD10	CKB73	11.72	238.60	6.00	0.00	0.00	0.00	0.00
	CJA24	CJA25	16.92	233.85	-9.95	0.00	0.00	0.00	0.00
	CKB73	CWE01	3.48	10.25	-14.50	0.00	0.00	0.00	0.00
	CWE01	CWE01a	8.54	256.10	1.00	0.00	0.00	0.00	0.00
	CWE01	CWE02	5.42	297.20	8.05	0.00	0.00	0.00	0.00
	CWE02	CWE03	6.85	241.35	-3.20	0.00	0.00	0.00	0.00
	CWE03	CWE04	3.11	238.95	25.15	0.00	0.00	0.00	0.00
	CWE04	CWE04a	1.17	329.10	-80.20	0.00	0.00	0.00	0.00
	CWE04a	CWE05	9.82	89.05	-3.65	0.00	0.00	0.00	0.00
	CWE05	CWE01	3.93	63.00	-1.37	0.00	0.00	0.00	0.00
	CWE02	CJA24	9.32	357.65	14.30	0.00	0.00	0.00	0.00
	CJA25	CWE04	6.88	124.70	13.40	0.00	0.00	0.00	0.00
	CWE04a	CWE06	5.81	157.20	0.30	0.00	0.00	0.00	0.00
	CWE06	CKB74	5.86	128.40	-4.30	0.00	0.00	0.00	0.00
	CKB74	CWE07	12.07	277.15	1.65	0.00	0.00	0.00	0.00
	CWE07	CWE07a	8.82	53.60	-2.00	0.00	0.00	0.00	0.00
	CWE07	CJA26	6.41	235.75	2.95	0.00	0.00	0.00	0.00
	CJA25	CJA26	15.52	199.80	2.65	0.00	0.00	0.00	0.00
	CWE02	CWD09	16.04	61.65	-5.25	0.00	0.00	0.00	0.00
	CPB03	CXA01	3.44	242.15	-1.75	0.00	0.00	0.00	0.00
	CXA01	CXA01a	10.43	335.30	-3.10	0.00	0.00	0.00	0.00
	CXA01	CXA01b	23.71	328.20	-2.80	0.00	0.00	0.00	0.00
	CXA01	CXA01c	8.40	251.50	-1.30	0.00	0.00	0.00	0.00
	CPB02	CPB02a	12.21	270.20	-4.10	0.00	0.00	0.00	0.00
	CPB02	CPB03	3.19	122.70	-1.15	0.00	0.00	0.00	0.00
	CPB02	CXA02	3.73	29.00	-3.45	0.00	0.00	0.00	0.00
	CXA02	CXA02a	17.54	252.70	-1.90	0.00	0.00	0.00	0.00
	CPB02	CPB01	5.20	13.20	6.40	0.00	0.00	0.00	0.00
	CPB01	CXA03	4.59	350.75	0.40	0.00	0.00	0.00	0.00
	CXA03	CXA07	5.64	300.75	-6.75	0.00	0.00	0.00	0.00
	CXA07	CXA06	3.60	25.60	-5.70	0.00	0.00	0.00	0.00
	CXA06	CXA05	4.95	331.65	3.40	0.00	0.00	0.00	0.00
	CXA05	CXA04	9.39	52.60	2.15	0.00	0.00	0.00	0.00
	CXA06	CQC01	9.33	91.35	1.10	0.00	0.00	0.00	0.00
	CXA04	BVA02	4.60	117.95	-0.35	0.00	0.00	0.00	0.00
	BVA02	BVA03	10.36	332.09	1.20	0.00	0.00	0.00	0.00
	BVA03	CXA08	4.71	292.00	-0.85	0.00	0.00	0.00	0.00
	CXA08	CXA09	6.91	202.80	-2.35	0.00	0.00	0.00	0.00
	CXA09	CXA05	7.91	173.50	-0.20	0.00	0.00	0.00	0.00
	CXA09	CXA10	4.12	288.15	1.55	0.00	0.00	0.00	0.00
	CXA10	CUB03	7.35	340.55	-3.65	0.00	0.00	0.00	0.00
	BVA03	CUB01	11.61	276.90	-4.10	0.00	0.00	0.00	0.00
	BXA03	BXA03b	7.48	332.20	-8.30	0.00	0.00	0.00	0.00
	BXA03	BXA03c	13.49	328.10	-5.00	0.00	0.00	0.00	0.00
	BZB27	BZB27a	28.10	326.10	0.60	0.00	0.00	0.00	0.00
	BZB27	BXA03	3.31	338.30	17.65	0.00	0.00	0.00	0.00
	BXA06	BXA06a	4.63	69.40	1.30	0.00	0.00	0.00	0.00
	BXA07	BXA07a	6.66	353.10	-1.20	0.00	0.00	0.00	0.00
	BXA07	BXA07b	2.25	34.50	0.80	0.00	0.00	0.00	0.00
	BXA07	BXA07c	8.22	5.90	-0.50	0.00	0.00	0.00	0.00
	BXA03	BXA05	14.89	252.45	-1.95	0.00	0.00	0.00	0.00
	BXA05	BXA06	6.72	350.40	-5.90	0.00	0.00	0.00	0.00
	BXA06	BXA07	3.21	96.90	4.10	0.00	0.00	0.00	0.00
	CTC04	CJA07	1.22	118.70	83.90	0.00	0.00	0.00	0.00
	CTC03	CYA01	11.57	137.10	0.90	0.00	0.00	0.00	0.00
	CYA01	CWD05	3.07	0.85	29.35	0.00	0.00	0.00	0.00
	CWD05	CWC01	8.52	66.90	-12.50	0.00	0.00	0.00	0.00
	CWD10	CYA02	11.59	52.95	0.45	0.00	0.00	0.00	0.00
	CYA02	CYA03	6.52	338.90	-2.25	0.00	0.00	0.00	0.00
	CYA03	CWD08	9.64	253.20	17.40	0.00	0.00	0.00	0.00
	CWD08	E10	5.02	50.30	-35.10	0.00	0.00	0.00	0.00
	CYA05	CYA04	8.31	327.25	-6.35	0.00	0.00	0.00	0.00
	CYA04	CWD10	8.09	229.30	-5.05	0.00	0.00	0.00	0.00
	CKB72	CYA05	17.66	59.05	2.25	0.00	0.00	0.00	0.00
	CWD05	CYA06	5.08	113.20	-5.90	0.00	0.00	0.00	0.00
	CYA06	CYA07	14.59	60.00	1.75	0.00	0.00	0.00	0.00
	CYA07	CWC02	4.47	298.75	-2.65	0.00	0.00	0.00	0.00
	CWC01	CYA08	4.92	139.30	4.55	0.00	0.00	0.00	0.00
	CYA08	CWC02	8.40	18.00	8.00	0.00	0.00	0.00	0.00
	CWC04	CYA09	5.40	179.55	-1.70	0.00	0.00	0.00	0.00
	CYA09	CWC09	10.85	60.60	-8.10	0.00	0.00	0.00	0.00
	CWC03	CYA10	4.99	75.50	1.25	0.00	0.00	0.00	0.00
	CYA10	CWC04	7.45	348.00	-0.15	0.00	0.00	0.00	0.00
	CYA10	CYA11	8.00	103.53	-7.60	0.00	0.00	0.00	0.00
	CYA11	CYA12	5.66	328.45	-7.25	0.00	0.00	0.00	0.00
	CYA12	CWC09	5.29	35.45	0.55	0.00	0.00	0.00	0.00
	CYA11	CYA13	6.21	86.05	-3.45	0.00	0.00	0.00	0.00
	CYA13	CYA14	16.54	341.95	-0.95	0.00	0.00	0.00	0.00
	CYA14	CKD17	3.44	35.45	5.55	0.00	0.00	0.00	0.00
	CWC09	CYA14	7.35	11.25	1.50	0.00	0.00	0.00	0.00
	CYA14	CKE18	5.90	82.77	9.03	0.00	0.00	0.00	0.00
	CKE18	CNC06	15.80	72.60	-1.77	0.00	0.00	0.00	0.00
	CNC06	CNC07	3.33	143.10	6.40	0.00	0.00	0.00	0.00
	CNC07	CZA01	15.99	214.65	-4.70	0.00	0.00	0.00	0.00
	CZA01	CZA02	2.87	238.70	19.00	0.00	0.00	0.00	0.00
	CZA02	CTB02	9.39	102.50	9.23	0.00	0.00	0.00	0.00
	CZA02	CYA13	7.62	244.95	-1.55	0.00	0.00	0.00	0.00
	CWB13	CZA03	5.11	213.10	-12.60	0.00	0.00	0.00	0.00
	CZA03	CWB08	8.92	249.07	4.73	0.00	0.00	0.00	0.00
	CWB06	CZA04	12.10	23.50	2.57	0.00	0.00	0.00	0.00
	CZA04	CWB13	7.52	282.90	3.95	0.00	0.00	0.00	0.00
	CWA22	CZB01	6.85	308.00	-3.80	0.00	0.00	0.00	0.00
	CZB01	CZB01a	7.60	229.40	4.80	0.00	0.00	0.00	0.00
	CZB01	CZB02	6.26	346.85	-0.50	0.00	0.00	0.00	0.00
	CZB02	CZB03	8.83	226.20	-0.10	0.00	0.00	0.00	0.00
	CZB03	CZB04	5.70	343.80	0.10	0.00	0.00	0.00	0.00
	CZB04	CZB05	7.15	216.00	-2.30	0.00	0.00	0.00	0.00
	CZB03	CZB05	5.73	267.35	-2.15	0.00	0.00	0.00	0.00
	CZB05	CZB06	10.10	225.20	5.20	0.00	0.00	0.00	0.00
	CZB06	CZB07	5.64	117.15	-2.50	0.00	0.00	0.00	0.00
	CZB07	CZB07a	6.90	73.90	-3.60	0.00	0.00	0.00	0.00
	CZB06	CZB06a	7.43	259.90	-8.00	0.00	0.00	0.00	0.00
	CZB07	CZB08	2.83	187.10	1.40	0.00	0.00	0.00	0.00
	CZB08	CZB08a	4.94	239.50	-8.10	0.00	0.00	0.00	0.00
	CZB06	CZB06b	7.20	191.20	-4.90	0.00	0.00	0.00	0.00
	CZB08	CZB09	7.06	94.50	-3.15	0.00	0.00	0.00	0.00
	CZB09	CWA20	6.93	86.55	-0.15	0.00	0.00	0.00	0.00
	CZB09	CWA19	2.13	138.05	11.50	0.00	0.00	0.00	0.00
	CZB04	CZB10	10.50	281.05	-1.60	0.00	0.00	0.00	0.00
	CZB05	CZB10	9.88	322.30	-0.10	0.00	0.00	0.00	0.00
	CZB05	CZB11	12.81	288.65	-0.70	0.00	0.00	0.00	0.00
	CZB10	CZB11	7.10	239.50	-1.50	0.00	0.00	0.00	0.00
	CZB04	CZB12	5.04	35.70	-1.60	0.00	0.00	0.00	0.00
	CZB12	CZB02	5.93	124.35	2.10	0.00	0.00	0.00	0.00
	CZB02	CZB13	12.28	64.80	0.00	0.00	0.00	0.00	0.00
	CZB13	CZB14	5.03	160.90	2.40	0.00	0.00	0.00	0.00
	CZB14	CWA29	3.77	112.10	-5.35	0.00	0.00	0.00	0.00
	CWA29	CZB01	15.78	252.35	0.95	0.00	0.00	0.00	0.00
	CZB12	CZB15	12.49	70.30	0.20	0.00	0.00	0.00	0.00
	CZB15	CZB13	5.08	119.10	2.85	0.00	0.00	0.00	0.00
	CZB12	CZB16	4.05	352.15	5.30	0.00	0.00	0.00	0.00
	CZB16	CZB17	8.68	243.55	-4.55	0.00	0.00	0.00	0.00
	CZB17	CZB04	6.65	125.95	3.85	0.00	0.00	0.00	0.00
	BQC13	CZC01	7.76	16.70	-0.40	0.00	0.00	0.00	0.00
	CZC01	CZC02	10.09	269.65	-3.60	0.00	0.00	0.00	0.00
	CZC02	CZC03	3.87	22.85	7.95	0.00	0.00	0.00	0.00
	CZC02	CZC02a	7.42	188.10	3.40	0.00	0.00	0.00	0.00
	CZC02	CZC02b	10.48	265.00	0.40	0.00	0.00	0.00	0.00
	CZC03	CZC03a	4.61	273.70	-7.50	0.00	0.00	0.00	0.00
	CZC03	CZC03b	4.81	28.20	-3.30	0.00	0.00	0.00	0.00
	CZC01	CZC04	5.93	81.20	-5.20	0.00	0.00	0.00	0.00
	CZC04	CZC04a	5.51	3.60	-2.10	0.00	0.00	0.00	0.00
	CWA03	CZD01	3.97	118.55	-6.35	0.00	0.00	0.00	0.00
	CZD01	CWB17	4.07	63.85	9.70	0.00	0.00	0.00	0.00
	CWB17	CZD02	8.61	324.55	-0.25	0.00	0.00	0.00	0.00
	CZD02	CZD03	7.66	239.20	-2.50	0.00	0.00	0.00	0.00
	CZD03	CWA03	5.20	123.60	0.35	0.00	0.00	0.00	0.00
	CVA17	CZE02	6.30	105.00	-7.55	0.00	0.00	0.00	0.00
	CZE02	CZE01	6.83	40.25	-0.65	0.00	0.00	0.00	0.00
	CZE01	CVA18	11.77	278.95	-1.05	0.00	0.00	0.00	0.00
	CZE01	CZE01a	12.05	77.10	-2.90	0.00	0.00	0.00	0.00
	CZE01	CTB17	10.73	319.10	4.30	0.00	0.00	0.00	0.00
	CZE01	CZE03	3.94	265.10	2.95	0.00	0.00	0.00	0.00
	CZE03	CZE04	14.99	41.55	0.95	0.00	0.00	0.00	0.00
	CZE04	CZE04a	9.78	164.90	5.30	0.00	0.00	0.00	0.00
	CZE04	CWB05	8.91	103.10	1.70	0.00	0.00	0.00	0.00
	CWB05	CZE07	2.31	214.35	-15.50	0.00	0.00	0.00	0.00
	CZE07	CZE07a	14.30	237.60	-1.80	0.00	0.00	0.00	0.00
	CZE07	CZE05	6.05	183.25	5.10	0.00	0.00	0.00	0.00
	CZE05	CZE06	14.58	220.03	1.10	0.00	0.00	0.00	0.00
	CZE06	CZE01	10.72	341.20	-4.40	0.00	0.00	0.00	0.00
	CZE06	CZE10	5.99	212.77	-1.80	0.00	0.00	0.00	0.00
	CZE10	CZE09	7.02	308.67	-3.00	0.00	0.00	0.00	0.00
	CZE09	CZE08	5.32	39.20	-0.95	0.00	0.00	0.00	0.00
	CZE08	CZE02	2.90	301.55	-1.20	0.00	0.00	0.00	0.00
	CYA10	CZF01	5.48	117.15	-15.90	0.00	0.00	0.00	0.00
	CZF01	CZF02	5.81	143.25	-0.15	0.00	0.00	0.00	0.00
	CZF02	CZF03	5.66	223.45	-0.55	0.00	0.00	0.00	0.00
	CZF03	CZF04	3.29	176.20	-11.30	0.00	0.00	0.00	0.00
	CZF03	CZF05	8.74	240.35	0.20	0.00	0.00	0.00	0.00
	CZF05	CZF04	7.95	81.65	-4.60	0.00	0.00	0.00	0.00
	CZF05	CZF06	16.45	323.45	-1.50	0.00	0.00	0.00	0.00
	CZF06	CYA07	4.23	136.15	42.25	0.00	0.00	0.00	0.00
	CZF06	CZF07	5.29	152.00	0.75	0.00	0.00	0.00	0.00
	CZF07	CZF08	15.23	63.95	0.65	0.00	0.00	0.00	0.00
	CZF08	CYA10	3.38	267.55	31.60	0.00	0.00	0.00	0.00
	CZF09	CZF03	20.43	55.20	0.65	0.00	0.00	0.00	0.00
	CZF09b	CZF09	6.05	268.60	5.10	0.00	0.00	0.00	0.00
	CZF09	CZF10	6.77	261.15	1.55	0.00	0.00	0.00	0.00
	CWD07	CZF10	6.71	40.50	-42.05	0.00	0.00	0.00	0.00
	CZF07	CZF07a	9.66	229.30	-1.20	0.00	0.00	0.00	0.00
	CZF06	CYA08	9.18	207.65	9.15	0.00	0.00	0.00	0.00
	CYA08	CZF11	3.23	312.80	-15.85	0.00	0.00	0.00	0.00
	CZF11	CZF11a	8.57	148.20	-4.10	0.00	0.00	0.00	0.00
	CKB36	C1A01	12.40	43.70	1.15	0.00	0.00	0.00	0.00
	C1A01	CKB72	7.07	348.80	0.60	0.00	0.00	0.00	0.00
	C1A01	C1A02	5.77	172.85	-7.90	0.00	0.00	0.00	0.00
	C1A02	C1A03	4.31	128.95	21.00	0.00	0.00	0.00	0.00
	C1A03	CKB37	10.98	216.45	2.55	0.00	0.00	0.00	0.00
	CKB37	C1A05	4.49	152.40	-9.40	0.00	0.00	0.00	0.00
	C1A05	C1A04	9.62	59.30	-7.65	0.00	0.00	0.00	0.00
	C1A04	C1A03	8.80	334.70	9.85	0.00	0.00	0.00	0.00
	CKB32	C1A06	3.38	346.95	1.20	0.00	0.00	0.00	0.00
	C1A06	C1A07	6.42	47.55	-37.83	0.00	0.00	0.00	0.00
	C1A06	C1A08	13.03	83.35	-16.15	0.00	0.00	0.00	0.00
	C1A08	C1A09	6.97	0.40	-0.90	0.00	0.00	0.00	0.00
	C1A09	C1A10	8.27	270.05	-0.05	0.00	0.00	0.00	0.00
	C1A10	C1A07	4.86	185.60	-1.90	0.00	0.00	0.00	0.00
	C1A07	C1A07a	0.68	311.80	-86.90	0.00	0.00	0.00	0.00
	C1A07a	C1A04	9.35	331.00	6.45	0.00	0.00	0.00	0.00
	C1A07a	C1A07b	14.50	152.10	9.20	0.00	0.00	0.00	0.00
	C1A09	C1A11	8.71	7.35	5.35	0.00	0.00	0.00	0.00
	C1A11	C1A12	7.76	348.60	-5.50	0.00	0.00	0.00	0.00
	C1A12	C1A03	17.57	253.05	6.20	0.00	0.00	0.00	0.00
	C1A12	C1A12a	10.15	59.90	-2.70	0.00	0.00	0.00	0.00
	C1A03	C1A03a	2.88	112.85	-31.60	0.00	0.00	0.00	0.00
	C1A03a	C1A03b	9.29	359.30	0.80	0.00	0.00	0.00	0.00
	C1A12	C1A13	7.67	304.85	12.05	0.00	0.00	0.00	0.00
	C1A13	CYA05	14.84	358.25	1.85	0.00	0.00	0.00	0.00
	C1A13	C1A14	23.48	70.10	0.50	0.00	0.00	0.00	0.00
	CWB18	CZD02	8.89	299.35	1.85	0.00	0.00	0.00	0.00
	CZD02	C1B01	6.32	65.85	3.35	0.00	0.00	0.00	0.00
	C1B01	C1B02	10.20	320.80	-1.05	0.00	0.00	0.00	0.00
	C1B02	C1B03	4.62	203.45	-5.30	0.00	0.00	0.00	0.00
	C1B03	C1B04	8.27	204.70	4.05	0.00	0.00	0.00	0.00
	C1B04	CZD03	2.50	186.90	-14.35	0.00	0.00	0.00	0.00
	C1B03	CWA05	13.23	274.90	1.85	0.00	0.00	0.00	0.00
	C1B05	C1B06	13.26	50.75	-0.50	0.00	0.00	0.00	0.00
	CWA05	C1B05	4.75	115.80	0.55	0.00	0.00	0.00	0.00
	C1B06	CWA32	9.46	311.05	0.05	0.00	0.00	0.00	0.00
	C1B06	C1B07	6.51	302.70	-4.15	0.00	0.00	0.00	0.00
	C1B07	C1B08	7.17	50.95	0.45	0.00	0.00	0.00	0.00
	C1B06	C1B09	9.11	32.00	-1.20	0.00	0.00	0.00	0.00
	C1B09	C1B08	4.89	271.70	-2.40	0.00	0.00	0.00	0.00
	C1B07	C1B10	10.06	231.00	-0.45	0.00	0.00	0.00	0.00
	C1B02	C1B11	18.42	73.25	0.30	0.00	0.00	0.00	0.00
	C1B09	C1B12	5.82	82.75	-1.10	0.00	0.00	0.00	0.00
	C1B12	C1B11	9.84	132.00	2.05	0.00	0.00	0.00	0.00
	CZB16	C1C01	3.34	327.90	-6.80	0.00	0.00	0.00	0.00
	C1C01	C1C02	8.34	236.10	-1.65	0.00	0.00	0.00	0.00
	C1C02	C1C03	1.91	67.15	13.25	0.00	0.00	0.00	0.00
	C1C03	CZB17	3.15	193.60	-8.70	0.00	0.00	0.00	0.00
	C1C01	C1C04	6.78	311.15	-0.95	0.00	0.00	0.00	0.00
	C1C04	C1C05	5.12	223.15	0.60	0.00	0.00	0.00	0.00
	C1C05	C1C02	5.52	163.65	-1.45	0.00	0.00	0.00	0.00
	CYA13	C1D01	3.91	205.10	-1.15	0.00	0.00	0.00	0.00
	C1D01	CZF02	4.63	244.55	-0.35	0.00	0.00	0.00	0.00
	CZF02	C1D02	6.07	162.55	0.50	0.00	0.00	0.00	0.00
	C1D02	CZF03	5.85	285.70	0.15	0.00	0.00	0.00	0.00
	C1D02	C1D03	4.43	115.05	0.35	0.00	0.00	0.00	0.00
	C1D03	C1D04	9.36	65.55	0.55	0.00	0.00	0.00	0.00
	C1D04	C1D05	5.33	37.20	-4.40	0.00	0.00	0.00	0.00
	C1D05	CZA02a	9.64	331.10	0.60	0.00	0.00	0.00	0.00
	CZA02	CZA02a	0.50	350.40	-90.00	0.00	0.00	0.00	0.00
	C1D01	C1D01a	7.09	72.40	-5.40	0.00	0.00	0.00	0.00
	C1D05	CTB02	8.19	34.05	15.35	0.00	0.00	0.00	0.00
	C1D05	C1D06	5.73	157.65	12.60	0.00	0.00	0.00	0.00
	C1D06	CVA08	8.46	48.50	-2.25	0.00	0.00	0.00	0.00
	C1D06	C1D07	6.71	246.95	-8.85	0.00	0.00	0.00	0.00
	C1D07	C1D04	3.56	11.85	5.30	0.00	0.00	0.00	0.00
	CWB01	CWB02	9.49	267.53	6.53	0.00	0.00	0.00	0.00
	CWB02	CTB11	3.49	9.20	-19.70	0.00	0.00	0.00	0.00
	CTB11	CTB13	3.53	22.60	20.45	0.00	0.00	0.00	0.00
	CTB13	CTB14	6.86	102.10	-5.10	0.00	0.00	0.00	0.00
	CTB14	CWB01	4.60	169.83	-9.70	0.00	0.00	0.00	0.00
	CYA05	C2A01	15.25	69.75	5.05	0.00	0.00	0.00	0.00
	C2A01	C2A02	10.34	331.20	-0.95	0.00	0.00	0.00	0.00
	C2A02	CWD07	4.35	232.40	23.95	0.00	0.00	0.00	0.00
	C2A01	C2A03	8.43	45.65	3.10	0.00	0.00	0.00	0.00
	C2A03	C2A04	12.22	75.20	-6.55	0.00	0.00	0.00	0.00
	C2A04	CZF05	12.35	325.60	-7.90	0.00	0.00	0.00	0.00
	C2A04	C2A05	9.68	49.60	-0.95	0.00	0.00	0.00	0.00
	CZF05	C2A06	8.30	100.50	-4.25	0.00	0.00	0.00	0.00
	C2A06	CZF04	2.48	351.25	-1.35	0.00	0.00	0.00	0.00
	C2A05	C1D03	5.80	32.35	-16.10	0.00	0.00	0.00	0.00
	C1D03	C2A07	7.94	164.95	-4.30	0.00	0.00	0.00	0.00
	C2A07	C1D07	9.73	36.00	1.85	0.00	0.00	0.00	0.00
	C2A03	C2A08	8.63	147.90	-12.30	0.00	0.00	0.00	0.00
	C2A08	C2A09	10.96	235.07	-12.18	0.00	0.00	0.00	0.00
	C2A09	C2A10	9.98	340.60	2.80	0.00	0.00	0.00	0.00
	C2A10	C2A01	4.07	143.35	51.60	0.00	0.00	0.00	0.00
	C2A10	C1A14a	19.32	150.40	-0.65	0.00	0.00	0.00	0.00
	C1A14a	C1A14	3.45	358.55	33.05	0.00	0.00	0.00	0.00
	C1A14a	C2A11	9.46	48.35	13.55	0.00	0.00	0.00	0.00
	C2A11	C2A12	6.30	316.20	0.20	0.00	0.00	0.00	0.00
	C2A12	C2A08	2.91	357.20	-4.85	0.00	0.00	0.00	0.00
	C2A12	C2A13	16.05	68.40	-6.75	0.00	0.00	0.00	0.00
	C2A13	CZF05	22.63	319.60	0.50	0.00	0.00	0.00	0.00
	C2A11	C2A14	4.04	295.20	-26.80	0.00	0.00	0.00	0.00
	C2A14	C2A15	16.77	73.20	0.50	0.00	0.00	0.00	0.00
	C2A15	C2A13	4.81	330.72	-3.35	0.00	0.00	0.00	0.00
	C2A13	C2A16	8.35	97.70	9.60	0.00	0.00	0.00	0.00
	C2A16	C2A17	8.35	332.10	-5.90	0.00	0.00	0.00	0.00
	C2A17	C2A18	9.83	245.25	8.20	0.00	0.00	0.00	0.00
	C2A18	C2A13	5.38	115.25	-20.40	0.00	0.00	0.00	0.00
	CZB16	C2B01	5.54	25.60	-0.06	0.00	0.00	0.00	0.00
	C2B01	C2B02	8.03	69.48	1.39	0.00	0.00	0.00	0.00
	C2B02	C2B04	4.77	171.24	-2.99	0.00	0.00	0.00	0.00
	C2B04	C2B04a	3.56	249.84	4.07	0.00	0.00	0.00	0.00
	C2B04	C2B05	13.38	49.80	-0.82	0.00	0.00	0.00	0.00
	C2B04	CZB13	8.13	131.29	-0.07	0.00	0.00	0.00	0.00
	C2B05	C2B06	4.74	346.22	5.02	0.00	0.00	0.00	0.00
	C2B05	C2B05a	8.60	131.86	-1.96	0.00	0.00	0.00	0.00
	C2B06	C2B07	12.76	237.84	-0.90	0.00	0.00	0.00	0.00
	C2B07	C2B03	5.43	310.65	1.85	0.00	0.00	0.00	0.00
	C2B06	C2B06a	11.25	55.74	-1.03	0.00	0.00	0.00	0.00
	C2B03	C1C04	13.01	244.34	-1.40	0.00	0.00	0.00	0.00
	C2B03	C2B03a	10.04	49.29	-4.04	0.00	0.00	0.00	0.00
	C2B03	C2B03b	5.50	344.69	-6.10	0.00	0.00	0.00	0.00
	C1C04	C2B08	5.74	343.28	3.72	0.00	0.00	0.00	0.00
	C2B08	C2B09	10.67	65.35	1.27	0.00	0.00	0.00	0.00
	C2B08	C2B10	5.05	307.56	1.25	0.00	0.00	0.00	0.00
	C2B10	C2B11	4.73	337.99	-7.09	0.00	0.00	0.00	0.00
	C2B11	C2B11a	5.01	71.26	-18.96	0.00	0.00	0.00	0.00
	C2B11	C2B11b	5.48	325.28	16.83	0.00	0.00	0.00	0.00
	C2B11	C2B13	8.10	265.89	-0.07	0.00	0.00	0.00	0.00
	C2B10	C2B12	8.33	260.05	-1.42	0.00	0.00	0.00	0.00
	C2B12	C2B13	5.35	342.48	-2.45	0.00	0.00	0.00	0.00
	C2B13	C2B13a	10.26	245.49	-3.97	0.00	0.00	0.00	0.00
	C2B12	C2B14	7.89	219.25	1.83	0.00	0.00	0.00	0.00
	C2B14	C2B15	14.08	151.65	0.48	0.00	0.00	0.00	0.00
	C2B15	C1C05	11.42	48.19	-2.27	0.00	0.00	0.00	0.00
	C2B15	C2B15a	11.14	258.89	2.39	0.00	0.00	0.00	0.00
	C1C05	C2B16	5.26	307.81	2.91	0.00	0.00	0.00	0.00
	C2B16	C2B08	8.59	44.63	0.55	0.00	0.00	0.00	0.00
	C2B16	C2B12	9.85	320.47	-0.76	0.00	0.00	0.00	0.00
	C2B14	C2B17	8.11	256.10	-1.94	0.00	0.00	0.00	0.00
	C2B17	C2B17a	8.41	316.99	-4.09	0.00	0.00	0.00	0.00
	C2B17	C2B17b	7.44	235.17	12.08	0.00	0.00	0.00	0.00
	C2B14	C2B14a	15.97	321.83	-2.36	0.00	0.00	0.00	0.00
	CZB10	C2B18	9.40	290.42	-0.61	0.00	0.00	0.00	0.00
	C2B18	C2B15	3.02	112.56	11.02	0.00	0.00	0.00	0.00
	C2B06	C2B19	6.88	308.77	-1.17	0.00	0.00	0.00	0.00
	C2B19	C2B20	7.29	331.77	-2.17	0.00	0.00	0.00	0.00
	C2B20	C2B20a	14.56	68.52	-1.10	0.00	0.00	0.00	0.00
	C2B19	C2B19a	6.60	244.42	-9.51	0.00	0.00	0.00	0.00
	C2B20	C2B21	4.85	216.00	7.23	0.00	0.00	0.00	0.00
	C2B21	C2B21a	6.49	162.15	-9.69	0.00	0.00	0.00	0.00
	C2B21	C2B22	13.24	320.12	-0.32	0.00	0.00	0.00	0.00
	C2B22	C2B23	8.33	331.93	5.22	0.00	0.00	0.00	0.00
	C1B01	C2C01	4.92	30.75	-1.10	0.00	0.00	0.00	0.00
	C2C01	C2C02	5.91	139.00	0.60	0.00	0.00	0.00	0.00
	C2C02	C2C03	10.06	228.75	-2.20	0.00	0.00	0.00	0.00
	C2C03	CWB18	3.55	89.25	-9.65	0.00	0.00	0.00	0.00
	C2C03	C2C04	4.69	345.20	-6.40	0.00	0.00	0.00	0.00
	C2C04	C1B01	3.41	45.00	17.05	0.00	0.00	0.00	0.00
	C2C02	CWB20	7.33	129.90	-5.80	0.00	0.00	0.00	0.00
	C2C01	C2C05	10.97	69.25	4.80	0.00	0.00	0.00	0.00
	C2C05	C1B11	5.38	343.15	-10.40	0.00	0.00	0.00	0.00
	CWB21	C2C06	6.48	76.60	3.60	0.00	0.00	0.00	0.00
	C2C06	C2C07	11.64	152.70	4.25	0.00	0.00	0.00	0.00
	C2C07	C2C08	11.07	225.65	-3.05	0.00	0.00	0.00	0.00
	C2C07	C2C09	3.80	340.05	-14.35	0.00	0.00	0.00	0.00
	C2C09	C2C10	14.02	251.55	-1.90	0.00	0.00	0.00	0.00
	C2C08	C2C11	7.02	301.85	-1.85	0.00	0.00	0.00	0.00
	C2C11	C2C10	3.13	344.60	-12.40	0.00	0.00	0.00	0.00
	C2C10	CWB14	6.50	310.30	10.75	0.00	0.00	0.00	0.00
	CED02	C2D01	9.09	87.85	-2.60	0.00	0.00	0.00	0.00
	CED02	CED01	10.93	36.85	0.00	0.00	0.00	0.00	0.00
	C2D01	CED16	5.53	152.45	0.50	0.00	0.00	0.00	0.00
	CGE12	CHB01	11.59	240.05	-2.65	0.00	0.00	0.00	0.00
	CED16	CGE12	6.21	92.10	5.50	0.00	0.00	0.00	0.00
	CGE12	C2D02	2.12	270.00	-0.75	0.00	0.00	0.00	0.00
	C2D02	C2D03	7.90	129.10	-2.10	0.00	0.00	0.00	0.00
	C2D03	C2D04	6.63	344.90	-1.80	0.00	0.00	0.00	0.00
	C2D02	C2D04	4.63	70.65	-5.55	0.00	0.00	0.00	0.00
	CHB01	C2D05	5.30	134.30	10.85	0.00	0.00	0.00	0.00
	C2D05	C2D06	6.44	48.20	-3.95	0.00	0.00	0.00	0.00
	C2D06	C2D03	5.68	92.40	-3.50	0.00	0.00	0.00	0.00
	AXA05	C2E01	4.72	18.00	-1.80	0.00	0.00	0.00	0.00
	C2E01	C2E02	6.39	354.80	-5.90	0.00	0.00	0.00	0.00
	C2E02	AWB14	1.86	20.75	28.60	0.00	0.00	0.00	0.00
	AWB04	C2E03	2.54	126.85	21.60	0.00	0.00	0.00	0.00
	C2E03	BQD08	5.06	8.10	-9.95	0.00	0.00	0.00	0.00
	BQD08	C2E04	9.93	103.20	-0.05	0.00	0.00	0.00	0.00
	C2E04	CME03	2.99	353.15	-5.80	0.00	0.00	0.00	0.00
	BQD07	C2E05	3.17	34.35	5.65	0.00	0.00	0.00	0.00
	C2E05	C2E06	8.53	329.00	-4.10	0.00	0.00	0.00	0.00
	C2E06	BQD06	8.46	206.70	7.05	0.00	0.00	0.00	0.00
	C2E06	C2E07	4.98	308.65	6.50	0.00	0.00	0.00	0.00
	C2E07	C2E08	9.90	237.10	-1.20	0.00	0.00	0.00	0.00
	C2E08	C2E09	7.41	183.90	7.35	0.00	0.00	0.00	0.00
	C2E09	BQD06	9.17	73.10	-1.65	0.00	0.00	0.00	0.00
	C2E07	C2E10	9.75	33.00	-1.80	0.00	0.00	0.00	0.00
	CIB39	CIB39a	17.29	237.20	-4.20	0.00	0.00	0.00	0.00
	CIB44	CIB50	19.45	80.90	4.00	0.00	0.00	0.00	0.00
	CIB49	CIB49a	12.99	14.00	-2.60	0.00	0.00	0.00	0.00
	CIB50	C3A01	6.05	210.30	-2.90	0.00	0.00	0.00	0.00
	C3A01	CIB54	7.89	173.60	4.35	0.00	0.00	0.00	0.00
	CZF09	CZF09a	8.48	325.20	-4.10	0.00	0.00	0.00	0.00
	CZF11	CZF11b	8.65	148.90	-6.00	0.00	0.00	0.00	0.00
	C2B22	C2B22a	3.59	265.60	-0.70	0.00	0.00	0.00	0.00
	C2B23	C3B01	9.08	238.50	-6.90	0.00	0.00	0.00	0.00
	C3B01	C3B01a	1.39	156.60	37.30	0.00	0.00	0.00	0.00
	C3B01	C3B01b	7.96	138.40	6.40	0.00	0.00	0.00	0.00
	C3B01b	C3B01c	10.55	235.80	0.40	0.00	0.00	0.00	0.00
	C3B01	C3B05	3.61	351.25	-6.80	0.00	0.00	0.00	0.00
	C3B05	C3B05a	10.24	250.20	-1.30	0.00	0.00	0.00	0.00
	C3B01	C3B02	5.57	345.60	1.30	0.00	0.00	0.00	0.00
	C3B02	C3B03	4.05	280.10	-2.00	0.00	0.00	0.00	0.00
	C3B03	C3B04	4.59	281.70	13.10	0.00	0.00	0.00	0.00
	C3B04	C3B06	7.74	220.55	-6.10	0.00	0.00	0.00	0.00
	C3B06	C3B06a	7.19	101.50	-1.60	0.00	0.00	0.00	0.00
	C3B06	C3B07	7.54	183.30	-3.20	0.00	0.00	0.00	0.00
	C3B07	C3B08	4.77	287.10	3.50	0.00	0.00	0.00	0.00
	C3B07	C3B07a	5.43	85.10	10.10	0.00	0.00	0.00	0.00
	C3B08	C3B08a	6.70	150.50	-5.50	0.00	0.00	0.00	0.00
	C3B08	C3B09	4.67	309.35	-4.30	0.00	0.00	0.00	0.00
	C3B08	C3B08b	8.88	236.40	0.70	0.00	0.00	0.00	0.00
	C3B09	C3B10	8.97	60.35	2.20	0.00	0.00	0.00	0.00
	C3B09	C3B09a	4.32	297.40	-1.50	0.00	0.00	0.00	0.00
	C3B10	C3B06	1.59	142.90	8.00	0.00	0.00	0.00	0.00
	C3B10	C3B11	10.01	314.75	0.90	0.00	0.00	0.00	0.00
	C3B11	C3B04	13.27	100.70	5.00	0.00	0.00	0.00	0.00
	C3B11	C3B12	8.42	222.00	7.10	0.00	0.00	0.00	0.00
	C3B12	C3B12a	11.51	278.70	0.10	0.00	0.00	0.00	0.00
	C3B11	C3B13	9.15	336.50	-2.00	0.00	0.00	0.00	0.00
	C3B13	C3B14	6.36	311.25	7.50	0.00	0.00	0.00	0.00
	C3B14	C3B14a	6.98	232.60	-3.80	0.00	0.00	0.00	0.00
	C3B14	C3B14b	4.39	359.00	2.80	0.00	0.00	0.00	0.00
	C3B13	C3B13a	7.86	75.70	4.60	0.00	0.00	0.00	0.00
	C3B11	C3B15	13.41	67.55	-1.10	0.00	0.00	0.00	0.00
	C3B15	C3B03	9.73	150.65	2.10	0.00	0.00	0.00	0.00
	C3B15	C3B15a	7.65	330.70	2.70	0.00	0.00	0.00	0.00
	C3B15	C3B16	4.63	30.55	5.50	0.00	0.00	0.00	0.00
	C3B16	C3B17	7.37	98.10	-0.30	0.00	0.00	0.00	0.00
	C3B17	C3B04	13.92	221.95	3.40	0.00	0.00	0.00	0.00
	C3B17	C3B17a	8.44	153.60	-5.50	0.00	0.00	0.00	0.00
	C3B17	C3B18	6.14	86.55	-1.60	0.00	0.00	0.00	0.00
	C3B18	C3B19	4.80	114.15	-1.60	0.00	0.00	0.00	0.00
	C3B19	C3B20	7.40	219.05	-0.60	0.00	0.00	0.00	0.00
	C3B19	C3B19a	9.76	41.70	-4.20	0.00	0.00	0.00	0.00
	C3B20	C3B21	6.04	223.10	3.30	0.00	0.00	0.00	0.00
	C3B21	C3B02	2.70	270.65	1.60	0.00	0.00	0.00	0.00
	C3B21	C3B21a	0.90	105.30	-88.20	0.00	0.00	0.00	0.00
	C3B21a	C3B01	5.70	193.85	6.50	0.00	0.00	0.00	0.00
	C3B18	C3B22	9.18	36.10	0.50	0.00	0.00	0.00	0.00
	C3B22	C3B23	2.59	76.80	1.30	0.00	0.00	0.00	0.00
	C3B23	C3B24	5.26	335.00	-5.30	0.00	0.00	0.00	0.00
	C3B24	C3B25	5.24	298.30	3.30	0.00	0.00	0.00	0.00
	C3B24	C3B24a	16.51	239.40	-0.40	0.00	0.00	0.00	0.00
	C3B25	C3B26	2.66	333.70	18.10	0.00	0.00	0.00	0.00
	C3B25	C3B25a	8.03	223.90	-2.20	0.00	0.00	0.00	0.00
	C3B26	C3B27	4.37	287.45	-9.30	0.00	0.00	0.00	0.00
	C3B27	C3B29	8.69	249.00	-0.10	0.00	0.00	0.00	0.00
	C3B29	C3B28	6.89	204.50	0.00	0.00	0.00	0.00	0.00
	C3B29	C3B29a	9.73	341.80	-1.30	0.00	0.00	0.00	0.00
	C3B28	C3B28a	9.10	231.00	7.00	0.00	0.00	0.00	0.00
	C3B28	C3B28b	6.68	153.30	-10.50	0.00	0.00	0.00	0.00
	CWA32	C3C01	8.61	34.65	-4.05	0.00	0.00	0.00	0.00
	C3C01	C3C02	10.92	265.20	0.00	0.00	0.00	0.00	0.00
	C3C02	CWA31	3.47	71.30	8.50	0.00	0.00	0.00	0.00
	C3C01	C3C03	11.30	91.05	0.75	0.00	0.00	0.00	0.00
	C3C01	C3C04	10.98	50.90	0.25	0.00	0.00	0.00	0.00
	C3C03	C3C04	7.57	337.95	-0.20	0.00	0.00	0.00	0.00
	C3C04	C3C05	3.78	327.10	-1.55	0.00	0.00	0.00	0.00
	C3C05	CWA31	17.29	235.30	1.45	0.00	0.00	0.00	0.00
	C3C05	C3C06	6.30	326.20	-0.20	0.00	0.00	0.00	0.00
	C3C06	C3C07	19.59	230.55	-0.20	0.00	0.00	0.00	0.00
	C3C07	CWA31	5.33	120.30	5.30	0.00	0.00	0.00	0.00
	C3C08	C3C06	3.37	110.85	-1.90	0.00	0.00	0.00	0.00
	C3C08	C3C09	16.11	247.45	0.10	0.00	0.00	0.00	0.00
	C3C09	CWC30	2.06	210.00	4.25	0.00	0.00	0.00	0.00
	CWA30	CWA31	11.92	134.70	0.40	0.00	0.00	0.00	0.00
	CWA29	C3C10	4.39	117.35	3.55	0.00	0.00	0.00	0.00
	C3C10	CWA30	4.25	217.70	-1.10	0.00	0.00	0.00	0.00
	C3C10	CZB14	8.14	295.00	0.35	0.00	0.00	0.00	0.00
	C3C11	CZB14	6.73	247.75	1.55	0.00	0.00	0.00	0.00
	C3C11	C3C12	5.24	132.70	-0.30	0.00	0.00	0.00	0.00
	C3C11	C3C13	4.22	35.90	0.05	0.00	0.00	0.00	0.00
	C3C14	C3C11	12.35	240.80	0.20	0.00	0.00	0.00	0.00
	C3C14	C3C14a	1.01	161.80	-80.20	0.00	0.00	0.00	0.00
	C3C14a	C3C08	8.63	152.80	5.90	0.00	0.00	0.00	0.00
	C3C15	C3C14a	10.29	221.55	-0.10	0.00	0.00	0.00	0.00
	C3C15	C3C16	9.52	153.60	4.15	0.00	0.00	0.00	0.00
	C3C16	C3C08	9.96	225.70	-4.80	0.00	0.00	0.00	0.00
	C4A05	C3C03	10.09	254.35	0.10	0.00	0.00	0.00	0.00
	C4A05	C4A04	3.17	169.75	9.70	0.00	0.00	0.00	0.00
	C4A05	C4A06	2.54	331.50	-1.30	0.00	0.00	0.00	0.00
	C4A06	C4A07	7.74	337.45	1.45	0.00	0.00	0.00	0.00
	C4A07	C4A08	7.04	221.05	-1.35	0.00	0.00	0.00	0.00
	C4A08	C3C03	7.04	185.10	0.00	0.00	0.00	0.00	0.00
	CZA04	C2C08	2.83	259.55	-9.00	0.00	0.00	0.00	0.00
	C2C08	C4A01	10.35	74.35	4.40	0.00	0.00	0.00	0.00
	C4A01	C2C07	5.48	337.25	-1.60	0.00	0.00	0.00	0.00
	C2C06	C4A02	8.41	337.70	5.30	0.00	0.00	0.00	0.00
	C4A02	CWB20	10.91	216.30	-7.25	0.00	0.00	0.00	0.00
	C4A02	C4A03	7.14	293.80	-5.20	0.00	0.00	0.00	0.00
	C4A03	C2C05	1.88	27.30	31.25	0.00	0.00	0.00	0.00
	C2C02	C2C02a	2.81	83.70	-22.25	0.00	0.00	0.00	0.00
	C2C02a	C4A02a	9.04	50.00	5.45	0.00	0.00	0.00	0.00
	C4A03	C4A02a	3.96	102.70	-0.45	0.00	0.00	0.00	0.00
	C1B02	C1B06	3.34	354.07	-1.20	0.00	0.00	0.00	0.00
	C3C03	C1B09	6.60	216.50	2.40	0.00	0.00	0.00	0.00
	C1B08	C1B08a	2.55	128.95	-6.90	0.00	0.00	0.00	0.00
	C1B08a	C3C01	8.24	326.80	0.55	0.00	0.00	0.00	0.00
	C1B07	C1B10	10.05	230.50	0.40	0.00	0.00	0.00	0.00
	C1B12	C4A04	9.45	62.35	2.20	0.00	0.00	0.00	0.00
	C3B28	C4B01	9.44	302.45	-2.05	0.00	0.00	0.00	0.00
	C4B01	C4B02	6.80	273.90	2.75	0.00	0.00	0.00	0.00
	C4B02	C4B03	7.46	269.55	-0.20	0.00	0.00	0.00	0.00
	C4B02	C4B02a	11.15	228.40	3.00	0.00	0.00	0.00	0.00
	C4B03	C4B04	7.54	332.85	2.40	0.00	0.00	0.00	0.00
	C4B03	C4B03a	5.76	139.20	3.40	0.00	0.00	0.00	0.00
	C4B04	C4B04a	8.48	233.50	0.20	0.00	0.00	0.00	0.00
	C4B04	C4B05	3.78	297.05	-1.00	0.00	0.00	0.00	0.00
	C4B05	C4B06	5.45	345.75	-1.20	0.00	0.00	0.00	0.00
	C4B06	C4B06a	10.87	230.70	-2.40	0.00	0.00	0.00	0.00
	C4B06	C4B07	6.69	307.45	0.60	0.00	0.00	0.00	0.00
	C4B07	C4B07a	0.90	354.30	-79.30	0.00	0.00	0.00	0.00
	C4B07a	C4B07b	5.27	241.90	4.90	0.00	0.00	0.00	0.00
	C4B07	C4B08	5.76	357.40	-3.50	0.00	0.00	0.00	0.00
	C4B08	C4B08a	13.98	273.30	-0.20	0.00	0.00	0.00	0.00
	C4B08	C4B08b	4.50	305.90	-4.60	0.00	0.00	0.00	0.00
	C4B08	C4B08c	9.86	21.20	2.30	0.00	0.00	0.00	0.00
	C4B07	C4B09	6.89	38.85	0.25	0.00	0.00	0.00	0.00
	C4B06	C4B10	4.80	24.60	-0.15	0.00	0.00	0.00	0.00
	C4B10	C4B09	5.78	328.90	2.05	0.00	0.00	0.00	0.00
	C4B10	C4B11	3.73	151.20	-8.25	0.00	0.00	0.00	0.00
	C4B11	C4B05	6.95	200.10	5.50	0.00	0.00	0.00	0.00
	C4B04	C4B15	3.26	85.35	-3.35	0.00	0.00	0.00	0.00
	C4B15	C4B14	4.53	11.20	-0.50	0.00	0.00	0.00	0.00
	C4B14	C4B11	6.25	302.30	-4.60	0.00	0.00	0.00	0.00
	C4B14	C4B13	3.57	104.90	-2.35	0.00	0.00	0.00	0.00
	C4B13	C4B12	5.61	1.70	1.45	0.00	0.00	0.00	0.00
	C4B12	C4B11	8.34	260.10	-3.30	0.00	0.00	0.00	0.00
	C4B13	C4B20	9.78	86.45	0.75	0.00	0.00	0.00	0.00
	C4B12	C4B16	5.40	26.80	5.05	0.00	0.00	0.00	0.00
	C4B16	C4B17	4.52	118.95	-3.60	0.00	0.00	0.00	0.00
	C4B17	C4B13	10.80	217.70	-1.90	0.00	0.00	0.00	0.00
	C4B17	C4B18	4.70	105.05	3.70	0.00	0.00	0.00	0.00
	C4B18	C4B19	6.04	155.60	-2.85	0.00	0.00	0.00	0.00
	C4B19	C4B20	4.03	254.45	-1.90	0.00	0.00	0.00	0.00
	C4B20	C4B21	5.09	197.60	3.50	0.00	0.00	0.00	0.00
	C4B21	C4B22	4.91	247.60	-4.00	0.00	0.00	0.00	0.00
	C4B22	C4B02	4.01	177.65	3.10	0.00	0.00	0.00	0.00
	CCC33	DAA01	12.70	122.40	-8.25	0.00	0.00	0.00	0.00
	DAA01	DAA01a	9.90	72.80	-3.60	0.00	0.00	0.00	0.00
	CCC35	DAA02	17.97	136.80	0.25	0.00	0.00	0.00	0.00
	DAA02	CIB15	8.40	19.95	2.45	0.00	0.00	0.00	0.00
	DAA02	DAA03	16.69	262.07	2.28	0.00	0.00	0.00	0.00
	DAA03	DAA04	6.00	225.55	0.80	0.00	0.00	0.00	0.00
	DAA04	DAA05	13.61	273.80	-4.90	0.00	0.00	0.00	0.00
	DAA03	DAA06	1.06	34.95	-3.00	0.00	0.00	0.00	0.00
	DAA06	DAA07	13.97	325.45	1.00	0.00	0.00	0.00	0.00
	DAA07	DAA08	4.56	10.03	10.53	0.00	0.00	0.00	0.00
	DAA08	CCC35	10.55	95.15	-9.70	0.00	0.00	0.00	0.00
	DAA03	DAA03a	5.14	174.95	11.00	0.00	0.00	0.00	0.00
	DAA03a	DAA03b	24.74	236.00	-8.40	0.00	0.00	0.00	0.00
	C3B11	C3B12	8.37	222.20	6.60	0.00	0.00	0.00	0.00
	C3B12	DAB01	4.68	281.45	-7.00	0.00	0.00	0.00	0.00
	DAB01	DAB02	7.12	280.45	-0.35	0.00	0.00	0.00	0.00
	DAB02	DAB03	6.88	269.35	6.65	0.00	0.00	0.00	0.00
	DAB03	BVC13	13.59	248.55	-1.75	0.00	0.00	0.00	0.00
	BVC13	BVC12	8.75	244.95	8.50	0.00	0.00	0.00	0.00
	CVA09	DBA01	8.04	171.03	7.12	0.00	0.00	0.00	0.00
	DBA01	DBA02	3.62	141.26	2.88	0.00	0.00	0.00	0.00
	DBA02	DBA03	16.49	43.12	-4.04	0.00	0.00	0.00	0.00
	DBA01	DBA01a	8.55	39.01	-14.21	0.00	0.00	0.00	0.00
	DBA03	CZE09	4.69	69.62	0.86	0.00	0.00	0.00	0.00
	DBA03	DBA04	9.27	126.98	4.09	0.00	0.00	0.00	0.00
	DBA03	DBA03a	4.62	327.72	-3.74	0.00	0.00	0.00	0.00
	DBA04	CZE10	3.87	43.30	-2.18	0.00	0.00	0.00	0.00
	CZE10	DBA05	7.46	171.66	2.20	0.00	0.00	0.00	0.00
	DBA05	DBA06	11.17	215.42	0.82	0.00	0.00	0.00	0.00
	DBA06	DBA07	9.16	293.26	-1.86	0.00	0.00	0.00	0.00
	DBA06	DBA06a	5.83	313.68	-0.24	0.00	0.00	0.00	0.00
	DBA06a	DBA06b	4.78	56.48	-19.39	0.00	0.00	0.00	0.00
	DBA06b	DBA08	3.53	290.71	9.83	0.00	0.00	0.00	0.00
	DBA08	DBA04	8.85	46.71	5.47	0.00	0.00	0.00	0.00
	DBA07	DBA09	4.02	356.66	-8.96	0.00	0.00	0.00	0.00
	DBA09	DBA08	5.04	87.50	-2.08	0.00	0.00	0.00	0.00
	DBA08	DBA08a	7.02	338.66	-5.18	0.00	0.00	0.00	0.00
	DBA07	DBA10	3.47	262.96	7.41	0.00	0.00	0.00	0.00
	DBA10	DBA02	5.84	316.34	-0.02	0.00	0.00	0.00	0.00
	DBA10	DBA11	8.56	249.81	0.55	0.00	0.00	0.00	0.00
	DBA11	DBA12	4.77	318.30	-2.51	0.00	0.00	0.00	0.00
	DBA12	DBA02	7.97	62.84	-0.52	0.00	0.00	0.00	0.00
	DBA12	DBA13	6.95	327.44	-0.86	0.00	0.00	0.00	0.00
	DBA13	CVA08	6.78	342.97	-4.37	0.00	0.00	0.00	0.00
	DBA13	DBA13a	5.44	74.50	-8.45	0.00	0.00	0.00	0.00
	DBA13a	CVA09	7.15	16.33	-1.66	0.00	0.00	0.00	0.00
	DBA13	DBA14	5.54	202.15	-8.04	0.00	0.00	0.00	0.00
	DBA14	DBA15	4.95	257.86	11.79	0.00	0.00	0.00	0.00
	DBA15	DBA16	6.10	306.12	-14.47	0.00	0.00	0.00	0.00
	DBA16	C1D07	3.02	289.23	-0.93	0.00	0.00	0.00	0.00
	DBA15	DBA17	6.70	165.09	-2.56	0.00	0.00	0.00	0.00
	DBA17	DBA18	9.23	66.25	11.88	0.00	0.00	0.00	0.00
	DBA18	DBA12	3.61	11.45	-27.49	0.00	0.00	0.00	0.00
	DBA12	DBA19	10.49	136.90	-4.60	0.00	0.00	0.00	0.00
	DBA19	DBA20	9.72	236.27	4.13	0.00	0.00	0.00	0.00
	DBA20	DBA21	4.14	283.96	-9.68	0.00	0.00	0.00	0.00
	DBA21	DBA17	6.76	325.06	4.61	0.00	0.00	0.00	0.00
	DBA19	DBA07	10.75	44.86	1.82	0.00	0.00	0.00	0.00
	DBA20	DBA22	12.38	227.07	0.33	0.00	0.00	0.00	0.00
	DBA22	DBA23	6.10	267.78	-6.99	0.00	0.00	0.00	0.00
	DBA22	DBA22a	5.35	336.17	-24.18	0.00	0.00	0.00	0.00
	DBA23	DBC06	6.70	216.13	-6.60	0.00	0.00	0.00	0.00
	DBA20	DBA24	7.07	164.72	-8.47	0.00	0.00	0.00	0.00
	DBA24	DBA25	6.17	131.90	0.41	0.00	0.00	0.00	0.00
	DBA25	DBA26	8.11	75.66	6.35	0.00	0.00	0.00	0.00
	DBA26	DBA27	4.29	7.81	-13.42	0.00	0.00	0.00	0.00
	DBA25	DBA25a	9.43	163.59	-6.34	0.00	0.00	0.00	0.00
	DBA27	DBA28	6.34	319.38	9.02	0.00	0.00	0.00	0.00
	DBA28	DBA24	11.31	233.26	-4.48	0.00	0.00	0.00	0.00
	DBA28	DBA19	5.93	330.66	-6.75	0.00	0.00	0.00	0.00
	DBA27	DBA29	13.50	43.25	3.97	0.00	0.00	0.00	0.00
	DBA28a	DBA28b	13.41	54.64	0.71	0.00	0.00	0.00	0.00
	DBA28	DBA28a	1.74	138.53	-88.26	0.00	0.00	0.00	0.00
	DBA29	DBA06	4.11	357.74	0.03	0.00	0.00	0.00	0.00
	DBA29	DBA28b	3.62	321.24	-20.22	0.00	0.00	0.00	0.00
	DBA29	DBA30	9.50	165.90	-5.17	0.00	0.00	0.00	0.00
	DBA30	DBA30a	13.16	35.11	-4.06	0.00	0.00	0.00	0.00
	DBA30	DBA31	6.04	97.77	-1.86	0.00	0.00	0.00	0.00
	DBA31	DBA32	8.69	32.83	-0.20	0.00	0.00	0.00	0.00
	DBA31	DBA31a	11.10	229.90	-3.06	0.00	0.00	0.00	0.00
	DBA32	DBA33	7.78	310.21	2.38	0.00	0.00	0.00	0.00
	DBA33	DBA29	7.34	252.12	6.17	0.00	0.00	0.00	0.00
	DBA31	DBA34	9.35	190.44	-0.16	0.00	0.00	0.00	0.00
	DBA34	DBA35	8.68	259.13	6.30	0.00	0.00	0.00	0.00
	DBA35	DBA26	10.33	311.23	0.75	0.00	0.00	0.00	0.00
	DBA35	DBA36	7.54	192.93	-0.65	0.00	0.00	0.00	0.00
	DBA36	DBA37	7.64	254.72	-8.84	0.00	0.00	0.00	0.00
	DBA37	DBA38	6.80	209.58	0.97	0.00	0.00	0.00	0.00
	DBA38	DBA39	8.90	306.77	0.98	0.00	0.00	0.00	0.00
	DBA39	DBA40	7.19	333.54	8.99	0.00	0.00	0.00	0.00
	DBA40	DBA25	10.88	38.98	-5.53	0.00	0.00	0.00	0.00
	DBA39	DBA39a	8.77	227.22	0.00	0.00	0.00	0.00	0.00
	DBA40	DBA41	8.15	314.91	-5.39	0.00	0.00	0.00	0.00
	DBA41	DBA22	5.70	330.98	7.80	0.00	0.00	0.00	0.00
	DBA40	DBA42	9.98	251.43	-5.03	0.00	0.00	0.00	0.00
	DBA42	DBC07	6.64	198.08	5.30	0.00	0.00	0.00	0.00
	DBA38	DBA43	8.60	187.72	13.02	0.00	0.00	0.00	0.00
	DBA38	DBA44	14.12	243.57	4.45	0.00	0.00	0.00	0.00
	DBA44	DBC10	9.77	260.47	-3.95	0.00	0.00	0.00	0.00
	DBA43	DBA45	20.17	78.12	0.59	0.00	0.00	0.00	0.00
	C2B22	DBB01	9.45	53.75	-1.80	0.00	0.00	0.00	0.00
	DBB01	DBB02	4.87	12.55	-5.80	0.00	0.00	0.00	0.00
	DBB02	DBB03	6.68	305.40	3.85	0.00	0.00	0.00	0.00
	DBB03	DBB03a	10.05	46.90	-5.30	0.00	0.00	0.00	0.00
	DBB03	DBB04	2.66	104.00	-7.80	0.00	0.00	0.00	0.00
	DBB04	DBB04a	9.92	263.50	-3.70	0.00	0.00	0.00	0.00
	DBB04	C2B23	11.66	237.25	6.85	0.00	0.00	0.00	0.00
	DBB03	DBB05	3.85	345.35	-1.40	0.00	0.00	0.00	0.00
	DBB05	C3B19	3.78	272.90	-0.20	0.00	0.00	0.00	0.00
	DBB06	DBB12	8.21	160.60	2.85	0.00	0.00	0.00	0.00
	DBB12	DBB02	9.86	244.05	-3.45	0.00	0.00	0.00	0.00
	DBB12	DBB13	6.26	229.60	-0.20	0.00	0.00	0.00	0.00
	DBB13	DBB14	14.46	74.70	-0.40	0.00	0.00	0.00	0.00
	DBB14	DBB15	7.99	336.30	-0.45	0.00	0.00	0.00	0.00
	DBB16	DBB15	2.17	110.10	-10.10	0.00	0.00	0.00	0.00
	DBB16	DBB07	7.53	308.90	-1.15	0.00	0.00	0.00	0.00
	DBB12	DBB17	5.18	13.40	-3.00	0.00	0.00	0.00	0.00
	DBB17	DBB15	5.10	67.40	1.30	0.00	0.00	0.00	0.00
	DBB05	DBB06	13.18	70.95	0.10	0.00	0.00	0.00	0.00
	DBB06	DBB07	4.74	10.05	-3.50	0.00	0.00	0.00	0.00
	DBB07	DBB08	4.08	0.85	0.60	0.00	0.00	0.00	0.00
	DBB08	DBB08a	8.03	255.10	4.10	0.00	0.00	0.00	0.00
	DBB08	DBB09	4.65	297.45	5.80	0.00	0.00	0.00	0.00
	DBB09	DBB10	6.94	224.80	-0.35	0.00	0.00	0.00	0.00
	DBB10	C3B23	4.70	269.90	0.10	0.00	0.00	0.00	0.00
	DBB09	DBB11	2.59	64.70	-4.65	0.00	0.00	0.00	0.00
	DBB01	DBB18	9.70	51.60	1.30	0.00	0.00	0.00	0.00
	DBB18	DBB19	9.40	157.60	-1.95	0.00	0.00	0.00	0.00
	DBB19	DBB20	17.60	237.40	-1.55	0.00	0.00	0.00	0.00
	DBB20	C2B21	5.95	129.00	8.60	0.00	0.00	0.00	0.00
	C1A14	DBC01	15.46	143.35	-0.55	0.00	0.00	0.00	0.00
	DBC01	DBC01a	6.72	319.20	2.05	0.00	0.00	0.00	0.00
	DBC01a	DBC01b	7.30	89.00	-56.20	0.00	0.00	0.00	0.00
	DBC01	DBC02	6.83	245.20	0.65	0.00	0.00	0.00	0.00
	DBC02	DBC03	7.75	197.95	3.35	0.00	0.00	0.00	0.00
	DBC03	DBC04	9.63	263.60	-6.85	0.00	0.00	0.00	0.00
	DBC04	C1A11	6.71	305.55	0.95	0.00	0.00	0.00	0.00
	DBC01	DBC05	6.36	51.75	-10.00	0.00	0.00	0.00	0.00
	DBC05	C2A11	13.98	327.75	6.45	0.00	0.00	0.00	0.00
	DBC05	DBC06	15.22	53.35	-1.10	0.00	0.00	0.00	0.00
	DBC06	C2A15	10.75	322.20	0.75	0.00	0.00	0.00	0.00
	DBC06	DBC07	16.15	153.65	4.25	0.00	0.00	0.00	0.00
	DBC07	DBC08	4.95	265.30	5.15	0.00	0.00	0.00	0.00
	DBC08	DBC09	2.98	179.85	-2.75	0.00	0.00	0.00	0.00
	DBC09	DBC05	16.54	302.45	-4.10	0.00	0.00	0.00	0.00
	DBC08	DBC10	11.02	154.85	-5.25	0.00	0.00	0.00	0.00
	DBC10	DBC11	7.56	283.20	-1.70	0.00	0.00	0.00	0.00
	DBC11	DBC12	5.04	2.50	15.00	0.00	0.00	0.00	0.00
	DBC12	DBC08	4.09	36.45	-3.10	0.00	0.00	0.00	0.00
	CWA32	C3C01	8.74	33.74	-4.05	0.00	0.00	0.00	0.00
	CWA31	C3C02	3.45	252.03	-8.15	0.00	0.00	0.00	0.00
	C3C02	C3C01	10.92	85.82	-1.40	0.00	0.00	0.00	0.00
	C3C02	C3C05	20.62	56.84	-0.25	0.00	0.00	0.00	0.00
	CWA31	C3C07	5.29	300.37	-5.15	0.00	0.00	0.00	0.00
	C3C07	C3C06	19.60	50.09	0.05	0.00	0.00	0.00	0.00
	CWA30	C3C09	2.01	29.79	-5.15	0.00	0.00	0.00	0.00
	CWA30	C3C10	4.19	38.53	0.80	0.00	0.00	0.00	0.00
	CWA29	C3C10	4.39	116.89	3.00	0.00	0.00	0.00	0.00
	CWA29	CZB14	3.75	291.31	5.75	0.00	0.00	0.00	0.00
	CZB14	C3C11	6.74	68.39	-2.45	0.00	0.00	0.00	0.00
	CZB14	CZB13	4.97	341.13	-2.75	0.00	0.00	0.00	0.00
	CZB13	CZB15	5.01	298.77	-2.20	0.00	0.00	0.00	0.00
	CZB15	CZB15a	4.08	0.47	2.10	0.00	0.00	0.00	0.00
	CZB15a	C2B04	2.09	238.24	0.60	0.00	0.00	0.00	0.00
	CZB13	CZB13a	2.03	199.09	3.50	0.00	0.00	0.00	0.00
	CZB13a	CZB13b	9.65	57.76	-0.90	0.00	0.00	0.00	0.00
	CZB13b	C3C13	3.48	124.73	-1.85	0.00	0.00	0.00	0.00
	CZB13b	CZB13c	0.59	89.52	-77.40	0.00	0.00	0.00	0.00
	CZB13c	CZB13d	10.76	353.52	0.20	0.00	0.00	0.00	0.00
	CWB05	CZE07	2.30	214.54	-15.75	0.00	0.00	0.00	0.00
	CZE07	CZE07b	10.49	230.72	-2.50	0.00	0.00	0.00	0.00
	CZE07	CZE05	6.03	183.50	5.15	0.00	0.00	0.00	0.00
	CZE05	CZE06	14.59	220.88	2.20	0.00	0.00	0.00	0.00
	CZE06	CZE10	6.02	213.52	-2.85	0.00	0.00	0.00	0.00
	CZE06	CZE06a	7.73	101.52	-5.30	0.00	0.00	0.00	0.00
	CZE10	CZE09	7.08	308.95	-3.00	0.00	0.00	0.00	0.00
	CZE09	CZE08	5.34	39.14	-0.20	0.00	0.00	0.00	0.00
	CZE08	CZE02	2.89	301.48	-1.10	0.00	0.00	0.00	0.00
	CZE02	CVA17	6.27	285.89	7.55	0.00	0.00	0.00	0.00
	CVA17	CVA18	5.68	348.39	-10.80	0.00	0.00	0.00	0.00
	CVA18	CZE01	11.81	99.96	0.35	0.00	0.00	0.00	0.00
	CZE01	CZE03	3.92	265.64	3.05	0.00	0.00	0.00	0.00
	CZE01	CTB17	10.77	319.25	4.80	0.00	0.00	0.00	0.00
	CZE01	CZE02	6.80	220.50	0.80	0.00	0.00	0.00	0.00
	CZE01	CZE07b	5.39	87.62	-7.90	0.00	0.00	0.00	0.00
	CZE01	CZE06	10.77	161.21	4.70	0.00	0.00	0.00	0.00
	CZE03	CZE04	14.97	41.75	0.10	0.00	0.00	0.00	0.00
	CZE04	CWB01	3.06	137.54	-10.25	0.00	0.00	0.00	0.00
	CWB01	CZE07b	8.65	198.62	-2.30	0.00	0.00	0.00	0.00
	CZE04	CWB05	8.85	102.30	1.00	0.00	0.00	0.00	0.00
	CKB25	DDA01	5.52	166.72	-1.15	0.00	0.00	0.00	0.00
	CKB25	CKB26	11.23	201.42	4.00	0.00	0.00	0.00	0.00
	CKB25	CKB24	10.84	250.92	-4.50	0.00	0.00	0.00	0.00
	DDA01	DDA02	21.82	51.92	0.90	0.00	0.00	0.00	0.00
	DDA02	CKB29	3.78	269.17	0.00	0.00	0.00	0.00	0.00
	DDA01	DDA03	13.30	84.77	2.55	0.00	0.00	0.00	0.00
	DDA03	DDA04	7.90	48.42	-3.65	0.00	0.00	0.00	0.00
	DDA04	DDA05	3.07	290.82	-18.15	0.00	0.00	0.00	0.00
	DDA05	DDA02	5.94	6.72	14.10	0.00	0.00	0.00	0.00
	DDA04	DDA06	9.95	82.17	0.40	0.00	0.00	0.00	0.00
	DDA06	DDA07	14.91	333.07	-0.95	0.00	0.00	0.00	0.00
	DDA07	CKB31	15.65	76.42	7.55	0.00	0.00	0.00	0.00
	DDA07	DDA02	9.40	212.22	3.10	0.00	0.00	0.00	0.00
	CKB31	DDA08	7.97	173.87	-4.25	0.00	0.00	0.00	0.00
	DDA06	DDA08	13.00	46.42	5.35	0.00	0.00	0.00	0.00
	DDA09	DDA06	11.38	341.07	0.20	0.00	0.00	0.00	0.00
	DDA09	DDA10	15.47	46.62	-0.05	0.00	0.00	0.00	0.00
	DDA10	DDA11	1.74	30.82	-12.95	0.00	0.00	0.00	0.00
	DDA11	DDA12	8.07	319.12	5.70	0.00	0.00	0.00	0.00
	DDA12	DDA08	2.17	323.77	24.90	0.00	0.00	0.00	0.00
	DDA11	DDA13	11.80	83.02	-4.75	0.00	0.00	0.00	0.00
	DDA13	DDA14	18.43	33.47	5.15	0.00	0.00	0.00	0.00
	DDA14	DDA16	11.97	72.97	1.70	0.00	0.00	0.00	0.00
	DDA14	DDA15	1.48	275.17	-39.55	0.00	0.00	0.00	0.00
	DDA15	DDA17	3.79	345.97	-15.60	0.00	0.00	0.00	0.00
	DDA17	DDA18	13.07	270.97	3.30	0.00	0.00	0.00	0.00
	DDA18	C1A08	7.57	65.82	-5.90	0.00	0.00	0.00	0.00
	C1A08	DDA19	4.43	14.07	21.10	0.00	0.00	0.00	0.00
	DDA19	DDA20	9.58	79.12	7.55	0.00	0.00	0.00	0.00
	DDA20	DDA16	12.88	134.17	-2.90	0.00	0.00	0.00	0.00
	DDA16	DDA21	8.18	12.37	-14.75	0.00	0.00	0.00	0.00
	DDA16	DDA22	13.94	39.82	-8.70	0.00	0.00	0.00	0.00
	DDA22	DBC11	13.91	65.17	0.35	0.00	0.00	0.00	0.00
	DDA21	DDA23	24.90	104.92	4.15	0.00	0.00	0.00	0.00
	DDA23	DDA24	4.78	157.97	-7.30	0.00	0.00	0.00	0.00
	DDA24	DDA25	12.62	129.12	-6.55	0.00	0.00	0.00	0.00
	DDA25	DDA26	10.73	48.67	7.05	0.00	0.00	0.00	0.00
	DDA26	DDA27	9.05	318.42	3.40	0.00	0.00	0.00	0.00
	DDA27	DDA24	12.89	242.32	-2.05	0.00	0.00	0.00	0.00
	DDA27	DDA28	5.42	347.57	-24.40	0.00	0.00	0.00	0.00
	DDA28	DDA29	2.51	239.27	56.45	0.00	0.00	0.00	0.00
	DDA29	DDA30a	4.06	341.32	11.25	0.00	0.00	0.00	0.00
	DDA30a	DDA30	3.13	291.02	44.90	0.00	0.00	0.00	0.00
	DDA30	DDA31	6.63	302.62	-46.95	0.00	0.00	0.00	0.00
	DDA31	DBC08	11.84	332.27	7.55	0.00	0.00	0.00	0.00
	DDA19	DDA33	3.86	313.92	-22.95	0.00	0.00	0.00	0.00
	DDA33	C1A09	1.89	74.12	-8.10	0.00	0.00	0.00	0.00
	DDA20	DDA20a	9.12	318.12	-3.95	0.00	0.00	0.00	0.00
	DDA20a	DBC04	3.25	100.57	-31.15	0.00	0.00	0.00	0.00
	DDA20	DDA34	8.12	25.87	2.70	0.00	0.00	0.00	0.00
	DBC03	DBC04	9.72	263.62	-7.10	0.00	0.00	0.00	0.00
	DBC03	DDA34	2.85	275.77	30.05	0.00	0.00	0.00	0.00
	DDA35	DDA21	13.31	153.62	-0.20	0.00	0.00	0.00	0.00
	DDA35	DBC03	4.07	165.62	22.30	0.00	0.00	0.00	0.00
	DDA26	DDA36	14.30	156.42	2.00	0.00	0.00	0.00	0.00
	DDA30a	DDA37	8.63	109.97	-16.65	0.00	0.00	0.00	0.00
	DDA37	DDA38	7.81	218.17	9.15	0.00	0.00	0.00	0.00
	DDA38	DDA27	1.16	29.42	32.30	0.00	0.00	0.00	0.00
	DDA37	DBA43	9.13	45.77	12.75	0.00	0.00	0.00	0.00
	DBA43	DDA39	10.04	165.17	-11.30	0.00	0.00	0.00	0.00
	DDA39	DDA40	9.20	126.52	4.25	0.00	0.00	0.00	0.00
	DDA40	DDA26	14.70	257.22	1.90	0.00	0.00	0.00	0.00
	DDA40	DDA41	6.07	158.42	8.70	0.00	0.00	0.00	0.00
	DDA41	DDA42	17.11	236.42	-1.45	0.00	0.00	0.00	0.00
	DDA42	DDA36	3.43	116.82	8.95	0.00	0.00	0.00	0.00
	DDA09	DDA43	8.88	229.57	1.35	0.00	0.00	0.00	0.00
	DDA43	DDA04	16.68	336.17	-0.70	0.00	0.00	0.00	0.00
	DDA43	DDA44	13.04	268.77	7.15	0.00	0.00	0.00	0.00
	DDA44	DDA03	10.23	1.27	-6.60	0.00	0.00	0.00	0.00
	DDA44	DDA45	10.40	217.02	0.60	0.00	0.00	0.00	0.00
	DDA45	DDA46	22.84	345.92	-4.10	0.00	0.00	0.00	0.00
	DDA46	DDA01	5.13	193.07	-2.70	0.00	0.00	0.00	0.00
	DDA45	CKB22	19.30	277.87	-3.55	0.00	0.00	0.00	0.00
	DDA45	DDA47	12.52	118.27	-13.10	0.00	0.00	0.00	0.00
	DDA47	DDA48	5.67	36.92	-6.35	0.00	0.00	0.00	0.00
	DDA48	DDA49	5.92	311.22	-6.70	0.00	0.00	0.00	0.00
	DDA49	DDA44	7.68	329.57	33.30	0.00	0.00	0.00	0.00
	DDA43	DDA51	10.63	131.97	0.60	0.00	0.00	0.00	0.00
	DDA51	DDA50	24.53	224.27	-2.05	0.00	0.00	0.00	0.00
	DDA50	DDA47	10.12	4.82	-2.55	0.00	0.00	0.00	0.00
	DBC05	DDB01	8.20	58.27	7.55	0.00	0.00	0.00	0.00
	DDB01	DDB02	7.07	314.22	-3.35	0.00	0.00	0.00	0.00
	DDB02	DDB03	4.88	205.37	11.80	0.00	0.00	0.00	0.00
	DDB03	DBC05	5.06	176.42	-16.95	0.00	0.00	0.00	0.00
	DDB02	C2A13	13.02	6.52	-4.00	0.00	0.00	0.00	0.00
	DDB02	DDB04	6.40	76.72	-9.05	0.00	0.00	0.00	0.00
	DDB04	DBC06	4.42	107.02	0.80	0.00	0.00	0.00	0.00
	C2A16	DDB05	4.78	58.07	-15.65	0.00	0.00	0.00	0.00
	DDB05	DDB05a	13.16	125.82	-0.10	0.00	0.00	0.00	0.00
	DDB05	DBA17	10.06	52.25	7.10	0.00	0.00	0.00	0.00
	C2A07	DDB06	6.40	128.22	4.20	0.00	0.00	0.00	0.00
	DDB06	C2A17	5.47	265.27	5.90	0.00	0.00	0.00	0.00
	DDB06	DBA15	11.38	48.37	7.65	0.00	0.00	0.00	0.00
	C2B22	C2B21	13.25	139.42	0.00	0.00	0.00	0.00	0.00
	C2B21	DBB20	5.84	308.02	-8.90	0.00	0.00	0.00	0.00
	DBB20	DBB19	17.54	56.62	1.25	0.00	0.00	0.00	0.00
	C2B21	C2B20	4.81	36.37	-7.40	0.00	0.00	0.00	0.00
	DBB19	DEA01	9.17	131.52	0.75	0.00	0.00	0.00	0.00
	DEA01	C2B19	14.47	229.27	0.05	0.00	0.00	0.00	0.00
	DEA02	C2B20	13.57	242.37	0.20	0.00	0.00	0.00	0.00
	DEA02	DEA01	3.75	144.47	4.25	0.00	0.00	0.00	0.00
	DEA01	C2B06a	8.49	151.92	-1.60	0.00	0.00	0.00	0.00
	C2B06	C2B06a	11.33	57.22	-1.70	0.00	0.00	0.00	0.00
	C2B06	C2B05	4.60	166.62	-2.10	0.00	0.00	0.00	0.00
	DEA03	C2B05	6.47	265.22	-5.45	0.00	0.00	0.00	0.00
	DEA03	DEA04	9.33	40.82	-4.35	0.00	0.00	0.00	0.00
	DEA04	DEA05	11.72	313.17	0.05	0.00	0.00	0.00	0.00
	DEA05	DEA01	3.19	9.12	6.75	0.00	0.00	0.00	0.00
	DEA03	DEA06	10.20	83.67	0.50	0.00	0.00	0.00	0.00
	DEA06	DEA04	7.36	325.57	-5.15	0.00	0.00	0.00	0.00
	DEA06	C3C15	5.78	129.42	-3.55	0.00	0.00	0.00	0.00
	C3C15	DEA07	7.13	61.67	-1.00	0.00	0.00	0.00	0.00
	DEA07	DEA08	4.63	301.57	2.50	0.00	0.00	0.00	0.00
	DEA08	DEA06	7.10	254.57	3.85	0.00	0.00	0.00	0.00
	C3C15	DEA09	7.26	158.77	3.40	0.00	0.00	0.00	0.00
	DEA09	DEA10	9.55	56.12	-2.70	0.00	0.00	0.00	0.00
	DEA10	DEA07	6.19	318.37	-1.05	0.00	0.00	0.00	0.00
	C3C15	C3C16	9.59	153.67	4.05	0.00	0.00	0.00	0.00
	C3C16	DEA11	7.88	131.22	-6.05	0.00	0.00	0.00	0.00
	DEA11	C3C06	10.25	254.07	-0.95	0.00	0.00	0.00	0.00
	CWB07	DEB01	4.03	82.67	5.45	0.00	0.00	0.00	0.00
	DEB01	DEB02	5.81	174.37	-1.35	0.00	0.00	0.00	0.00
	DEB02	DEB03	8.02	244.82	0.55	0.00	0.00	0.00	0.00
	DEB03	CWB04	9.36	278.02	5.00	0.00	0.00	0.00	0.00
	CWB04	DEB04	10.23	127.42	-4.05	0.00	0.00	0.00	0.00
	DEB04	DEB03	5.17	13.62	0.65	0.00	0.00	0.00	0.00
	DEB04	DEB05	13.51	244.07	5.35	0.00	0.00	0.00	0.00
	DEB05	DEB06	6.20	329.02	-14.40	0.00	0.00	0.00	0.00
	DEB06	CZE05	2.81	255.12	10.20	0.00	0.00	0.00	0.00
	DEB05	DEB07	9.55	161.87	-5.05	0.00	0.00	0.00	0.00
	DEB07	DEB08	8.38	221.77	-1.90	0.00	0.00	0.00	0.00
	DEB08	DEB09	9.67	275.07	3.60	0.00	0.00	0.00	0.00
	DEB09	DBA05	7.22	229.67	-1.70	0.00	0.00	0.00	0.00
	DEB09	DEB10	15.71	40.32	-3.35	0.00	0.00	0.00	0.00
	DEB10	DEB05	3.40	39.57	24.50	0.00	0.00	0.00	0.00
	DEB07	DEB11	8.01	141.82	-1.00	0.00	0.00	0.00	0.00
	DEB11	DEB12	9.44	258.57	0.85	0.00	0.00	0.00	0.00
	DEB12	DEB07	9.14	27.57	-0.25	0.00	0.00	0.00	0.00
	DEB11	DEB13	21.95	236.92	-1.20	0.00	0.00	0.00	0.00
	DEB13	DBA05	10.76	319.52	5.25	0.00	0.00	0.00	0.00
	DEB13	DEB14	3.36	354.27	11.95	0.00	0.00	0.00	0.00
	DEB14	DBA33	8.45	223.92	-2.00	0.00	0.00	0.00	0.00
	DEB13	DEB13a	6.03	33.22	1.60	0.00	0.00	0.00	0.00
	DEB13	DEB15	7.44	220.22	2.85	0.00	0.00	0.00	0.00
	DEB13	DEB16	7.64	138.92	5.15	0.00	0.00	0.00	0.00
	DEB16	DBA32	5.70	250.42	-5.10	0.00	0.00	0.00	0.00
	CIB38	DFA01	15.86	275.32	-9.55	0.00	0.00	0.00	0.00
	DFA01	CTA06	15.13	326.57	-5.70	0.00	0.00	0.00	0.00
	DFA01	DFA02	5.90	345.78	-9.87	0.00	0.00	0.00	0.00
	DFA02	DFA03	13.03	246.82	-4.55	0.00	0.00	0.00	0.00
	DFA03	CTA07	6.63	350.17	13.55	0.00	0.00	0.00	0.00
	CIB38	CKB69	24.95	263.37	-8.00	0.00	0.00	0.00	0.00
	CKB69	DFA04	8.86	252.52	24.95	0.00	0.00	0.00	0.00
	DFA04	DFA05	19.39	275.92	-10.72	0.00	0.00	0.00	0.00
	DFA05	DFA06	6.40	139.92	-3.05	0.00	0.00	0.00	0.00
	DFA05	DFA07	13.70	140.27	9.60	0.00	0.00	0.00	0.00
	DFA07	DFA07a	8.43	226.42	-31.20	0.00	0.00	0.00	0.00
	DFA05	DFA08	4.59	306.37	31.80	0.00	0.00	0.00	0.00
	DFA08	DFA08a	19.79	52.32	-10.40	0.00	0.00	0.00	0.00
	DFA05	DFA09	16.21	262.37	6.95	0.00	0.00	0.00	0.00
	DFA09	DFA09a	9.99	323.22	-14.40	0.00	0.00	0.00	0.00
	CIB38	CIB38a	19.08	244.92	-14.80	0.00	0.00	0.00	0.00
	CIB55	DFA10	10.63	19.87	19.30	0.00	0.00	0.00	0.00
	DFA10	DFA11	5.41	95.42	-1.65	0.00	0.00	0.00	0.00
	C3B26	DFB01	3.21	347.37	-19.00	0.00	0.00	0.00	0.00
	DFB01	DFB01a	3.05	54.32	2.30	0.00	0.00	0.00	0.00
	C3B27	DFB01	3.87	65.37	-4.65	0.00	0.00	0.00	0.00
	DFB01	DFB02	5.21	304.57	3.25	0.00	0.00	0.00	0.00
	DFB02	DFB03	8.33	274.52	-1.75	0.00	0.00	0.00	0.00
	DFB03	DFB06	3.25	242.32	2.55	0.00	0.00	0.00	0.00
	DFB03	DFB04	6.76	214.57	1.60	0.00	0.00	0.00	0.00
	DFB04	DFB04a	5.27	92.12	-0.50	0.00	0.00	0.00	0.00
	DFB04	DFB04b	4.32	161.22	-1.90	0.00	0.00	0.00	0.00
	DFB11	DFB11a	30.97	330.42	0.00	0.00	0.00	0.00	0.00
	DFB04	DFB05	4.84	257.82	-0.80	0.00	0.00	0.00	0.00
	DFB05	C4B01	3.31	199.97	-3.35	0.00	0.00	0.00	0.00
	DFB04	C4B20	9.94	317.82	-0.55	0.00	0.00	0.00	0.00
	DFB06	DFB07	6.90	337.87	-0.80	0.00	0.00	0.00	0.00
	DFB07	C4B19	2.30	207.42	7.50	0.00	0.00	0.00	0.00
	DFB06	DFB06a	9.01	138.02	-3.40	0.00	0.00	0.00	0.00
	DFB03	DFB03a	1.72	175.47	-6.15	0.00	0.00	0.00	0.00
	DFB03a	DFB08	6.89	29.87	1.25	0.00	0.00	0.00	0.00
	DFB07	DFB08	8.85	94.37	-0.70	0.00	0.00	0.00	0.00
	DFB08	DFB09	6.69	29.97	2.05	0.00	0.00	0.00	0.00
	DFB09	DFB10	4.09	71.02	0.30	0.00	0.00	0.00	0.00
	DFB10	DFB11	8.80	283.27	0.65	0.00	0.00	0.00	0.00
	DFB11	DFB07	11.38	221.02	1.05	0.00	0.00	0.00	0.00
	C4B18	DGA01	7.75	33.27	-4.20	0.00	0.00	0.00	0.00
	DGA03	DGA01	5.60	299.82	-4.85	0.00	0.00	0.00	0.00
	DGA03	DFB11	2.60	55.47	0.15	0.00	0.00	0.00	0.00
	DGA02	DGA03	2.88	5.32	-0.05	0.00	0.00	0.00	0.00
	C4B18	DGA02	8.88	86.42	-0.50	0.00	0.00	0.00	0.00
	DGA01	DGA04	8.97	304.07	3.60	0.00	0.00	0.00	0.00
	DGA04	C4B16	9.68	215.17	1.00	0.00	0.00	0.00	0.00
	DGA04	DGA05	4.26	347.22	0.40	0.00	0.00	0.00	0.00
	DGA05	DGA10	5.68	282.37	-0.85	0.00	0.00	0.00	0.00
	DGA10	DGA06	6.45	235.62	-0.70	0.00	0.00	0.00	0.00
	DGA06	DGA07	6.00	216.37	0.30	0.00	0.00	0.00	0.00
	DGA07	C4B09	6.28	243.47	0.77	0.00	0.00	0.00	0.00
	DGA07	DGA09	6.14	160.88	-0.57	0.00	0.00	0.00	0.00
	DGA06	DGA08	12.25	134.37	-1.25	0.00	0.00	0.00	0.00
	DGA09	DGA08	10.47	76.87	-0.70	0.00	0.00	0.00	0.00
	DGA08	C4B16	2.54	244.07	12.55	0.00	0.00	0.00	0.00
	C4B16	DGA04	9.77	33.07	-1.20	0.00	0.00	0.00	0.00
	DGA05	DGA11	9.84	32.62	0.15	0.00	0.00	0.00	0.00
	DGA11	DGA12	10.30	156.92	-1.20	0.00	0.00	0.00	0.00
	DGA12	DGA13	9.69	263.12	1.05	0.00	0.00	0.00	0.00
	DGA13	DGA05	2.46	5.22	4.55	0.00	0.00	0.00	0.00
	DGA12	DGA14	6.74	195.92	-1.20	0.00	0.00	0.00	0.00
	DGA14	DGA04	7.54	298.02	2.70	0.00	0.00	0.00	0.00
	DFB11	DGA12	11.15	327.07	-1.35	0.00	0.00	0.00	0.00
	CXC05	DHA01	7.05	66.74	8.85	0.00	0.00	0.00	0.00
	DHA01	DHA02	7.39	114.32	-22.05	0.00	0.00	0.00	0.00
	DHA01	DHA03	16.14	105.57	-11.55	0.00	0.00	0.00	0.00
	DHA03	DAA05	3.78	330.84	10.69	0.00	0.00	0.00	0.00
	DFA08	DHA08	11.19	54.97	-19.20	0.00	0.00	0.00	0.00
	DFA08	DHA11	7.20	336.02	-37.45	0.00	0.00	0.00	0.00
	CTA09	DHA04	12.19	237.97	12.60	0.00	0.00	0.00	0.00
	DHA04	DHA05	13.86	296.72	9.60	0.00	0.00	0.00	0.00
	DHA04	DHA07	1.78	228.42	-76.50	0.00	0.00	0.00	0.00
	DHA07	DHA08	8.73	188.22	-13.65	0.00	0.00	0.00	0.00
	DHA08	DFA03	17.03	101.12	-0.85	0.00	0.00	0.00	0.00
	DHA08	DHA09	3.09	156.12	1.95	0.00	0.00	0.00	0.00
	DHA09	DHA10	13.32	268.67	-3.05	0.00	0.00	0.00	0.00
	DHA10	DHA11	2.50	28.42	0.55	0.00	0.00	0.00	0.00
	DHA08	CTA09	19.01	38.07	3.10	0.00	0.00	0.00	0.00
	DFA09	DHA14	16.46	163.62	-3.85	0.00	0.00	0.00	0.00
	DHA14	DHA15	1.77	67.47	-62.25	0.00	0.00	0.00	0.00
	DHA15	DHA16	13.47	67.22	0.65	0.00	0.00	0.00	0.00
	DHA15	DFA06	19.33	49.87	1.15	0.00	0.00	0.00	0.00
	DFA09	DFA17	6.61	211.42	-27.95	0.00	0.00	0.00	0.00
	DFA17	DFA17a	22.87	245.22	-1.00	0.00	0.00	0.00	0.00
	DHA10	DHA11	2.50	27.82	0.55	0.00	0.00	0.00	0.00
	DHA11	DHA12	5.33	324.28	16.97	0.00	0.00	0.00	0.00
	DHA12	DHA13	5.61	332.15	16.63	0.00	0.00	0.00	0.00
	DHA13	DHA05	9.36	42.27	20.75	0.00	0.00	0.00	0.00
	DHA13	DAA03	6.77	318.17	-7.50	0.00	0.00	0.00	0.00
	DAA03	DHA12	12.31	144.45	-3.07	0.00	0.00	0.00	0.00
	DHA12	DAA06	12.98	329.34	3.50	0.00	0.00	0.00	0.00
	DAA06	DAA03	1.08	214.65	1.37	0.00	0.00	0.00	0.00
	DHA13	DAA06	7.04	327.75	-7.13	0.00	0.00	0.00	0.00
	DAA02	DAA03	16.74	262.04	1.80	0.00	0.00	0.00	0.00
	DEB01	DHB01	11.60	36.22	2.25	0.00	0.00	0.00	0.00
	DHB01	DHB02	3.48	335.12	-10.80	0.00	0.00	0.00	0.00
	DHB02	C4A01	4.68	269.12	14.05	0.00	0.00	0.00	0.00
	DHB01	DHB04	4.14	62.12	-19.00	0.00	0.00	0.00	0.00
	DHB04	DHB05	10.46	55.97	3.15	0.00	0.00	0.00	0.00
	DHB05	DHB06	7.77	292.32	1.95	0.00	0.00	0.00	0.00
	DHB06	DHB02	9.87	221.17	-1.35	0.00	0.00	0.00	0.00
	C4A01	DHB03	4.21	316.57	-15.85	0.00	0.00	0.00	0.00
	DHB03	DHB07	6.89	47.02	-0.10	0.00	0.00	0.00	0.00
	DHB07	DHB07b	6.03	149.42	-5.70	0.00	0.00	0.00	0.00
	DHB07	DHB08	9.71	66.52	1.00	0.00	0.00	0.00	0.00
	DHB08	DHB06	3.81	183.27	2.45	0.00	0.00	0.00	0.00
	DHB08	DHB09	7.98	305.72	0.05	0.00	0.00	0.00	0.00
	DHB09	DHB11	8.24	83.12	-1.60	0.00	0.00	0.00	0.00
	DHB11	DHB08	5.76	198.32	1.70	0.00	0.00	0.00	0.00
	DHB09	C2C09	11.14	227.22	-0.15	0.00	0.00	0.00	0.00
	C2C09	DHB10	7.03	303.67	-1.50	0.00	0.00	0.00	0.00
	DHB10	DHB09	14.40	75.52	0.80	0.00	0.00	0.00	0.00
	DHB10	DHB03	11.57	145.82	0.75	0.00	0.00	0.00	0.00
	DFA11	DIA01	6.82	78.69	13.93	0.00	0.00	0.00	0.00
	DIA01	CIB57	9.76	104.69	-20.88	0.00	0.00	0.00	0.00
	DIA01	DIA02	7.07	28.82	4.15	0.00	0.00	0.00	0.00
	DFA11	DIA03	7.25	13.82	0.60	0.00	0.00	0.00	0.00
	DIA03	DIA03a	10.78	358.02	-24.10	0.00	0.00	0.00	0.00
	DIA02	DIA02a	15.30	38.22	-3.00	0.00	0.00	0.00	0.00
	DIA02	DIA02b	11.71	323.02	3.60	0.00	0.00	0.00	0.00
	DIA02	DIA04	21.37	61.87	-9.85	0.00	0.00	0.00	0.00
	DIA04	CIB59	6.16	145.67	3.10	0.00	0.00	0.00	0.00
	CIB51	DIA05	6.72	131.77	4.15	0.00	0.00	0.00	0.00
	DIA05	DIA05a	15.39	69.22	11.50	0.00	0.00	0.00	0.00
	DIA05	DIA06	4.40	153.12	-7.40	0.00	0.00	0.00	0.00
	DIA06	DIA03a	2.24	160.12	-71.20	0.00	0.00	0.00	0.00
	DDA45	DIA07	3.84	103.62	-35.57	0.00	0.00	0.00	0.00
	DIA07	DIA08	18.76	224.72	4.90	0.00	0.00	0.00	0.00
	DIA08	DIA09	7.03	100.82	-12.40	0.00	0.00	0.00	0.00
	DEB04	DIB01	4.43	151.72	9.75	0.00	0.00	0.00	0.00
	DIB01	DIB02	4.99	184.42	-1.40	0.00	0.00	0.00	0.00
	DIB01	DIB01a	8.29	256.32	-11.80	0.00	0.00	0.00	0.00
	DIB01	DIB01b	9.63	243.12	-5.00	0.00	0.00	0.00	0.00
	DIB02	DEB07	12.42	239.97	-1.50	0.00	0.00	0.00	0.00
	DIB01	DIB01c	7.26	164.22	-10.90	0.00	0.00	0.00	0.00
	DIB01c	DEB11	13.28	218.22	4.30	0.00	0.00	0.00	0.00
	DIB01	DIB03	12.29	157.52	-3.15	0.00	0.00	0.00	0.00
	DIB03	DIB04	12.04	134.77	-1.55	0.00	0.00	0.00	0.00
	DEB11	DIB06	4.03	110.22	-0.80	0.00	0.00	0.00	0.00
	DIB06	DIB05	4.39	178.97	0.55	0.00	0.00	0.00	0.00
	DIB05	DIB04	15.86	77.57	-1.25	0.00	0.00	0.00	0.00
	DIB05	DIB07	7.15	201.97	-0.20	0.00	0.00	0.00	0.00
	DIB07	DIB08	8.01	326.07	2.90	0.00	0.00	0.00	0.00
	DIB08	DEB12	7.30	304.62	-1.60	0.00	0.00	0.00	0.00
	DDA50	DDA47	10.12	5.32	-3.00	0.00	0.00	0.00	0.00
	DDA50	DIA09	13.21	272.58	0.78	0.00	0.00	0.00	0.00
	DIA09	DIA08	7.15	281.52	12.30	0.00	0.00	0.00	0.00
	DIA09	DJA01	16.27	246.97	-0.81	0.00	0.00	0.00	0.00
	DJA01	DJA02	5.24	345.14	-2.09	0.00	0.00	0.00	0.00
	DJA02	DJA03	5.33	327.21	-1.05	0.00	0.00	0.00	0.00
	DJA03	DJA03a	10.89	258.52	-9.40	0.00	0.00	0.00	0.00
	DJA03	DJA04	4.52	332.02	-4.30	0.00	0.00	0.00	0.00
	DJA04	DJA05	4.20	43.02	-3.20	0.00	0.00	0.00	0.00
	DJA05	CKB22	8.40	20.32	14.50	0.00	0.00	0.00	0.00
	DJA04	DJA06	3.61	282.52	17.60	0.00	0.00	0.00	0.00
	DJA04	DJA04a	11.40	267.62	-0.80	0.00	0.00	0.00	0.00
	DJA06	DJA07	4.37	340.72	32.20	0.00	0.00	0.00	0.00
	DJA07	CKB22	12.26	57.76	-7.93	0.00	0.00	0.00	0.00
	DIA09	DJA08	13.96	158.45	9.29	0.00	0.00	0.00	0.00
	DJA08	DJA09	8.26	256.86	1.41	0.00	0.00	0.00	0.00
	DJA09	DJA10	21.85	246.42	2.99	0.00	0.00	0.00	0.00
	DJA10	DJA11	12.56	26.22	-6.32	0.00	0.00	0.00	0.00
	DJA11	DJA01	6.81	23.78	-20.98	0.00	0.00	0.00	0.00
	DJA10	CLB10	11.60	337.82	-6.20	0.00	0.00	0.00	0.00
	CLB10	CLB07	15.93	217.92	6.90	0.00	0.00	0.00	0.00
	DJA08	DJA12	10.30	113.01	-5.82	0.00	0.00	0.00	0.00
	DJA12	DJA13	11.98	46.00	0.41	0.00	0.00	0.00	0.00
	DJA13	DDA50	12.85	309.56	-7.28	0.00	0.00	0.00	0.00
	DJA13	DJA14	10.43	23.19	-5.16	0.00	0.00	0.00	0.00
	DDA50	DDA51	24.56	45.02	1.60	0.00	0.00	0.00	0.00
	DJA14	DJA15	11.32	123.04	-9.97	0.00	0.00	0.00	0.00
	DJA15	DJA16	14.86	156.55	12.73	0.00	0.00	0.00	0.00
	DJA16	DJA12	27.21	273.33	-0.99	0.00	0.00	0.00	0.00
	DJA12	DJA17	11.71	65.32	0.05	0.00	0.00	0.00	0.00
	DJA17	DJA17a	20.04	171.32	-2.90	0.00	0.00	0.00	0.00
	DIB07	DJB01	9.77	141.82	1.75	0.00	0.00	0.00	0.00
	DJB01	DJB02	16.97	43.17	-1.80	0.00	0.00	0.00	0.00
	DJB02	DJB02a	9.25	36.42	-8.20	0.00	0.00	0.00	0.00
	DJB02	DJB02b	14.59	65.22	-4.00	0.00	0.00	0.00	0.00
	DJB02	DIB04	5.49	5.62	-1.00	0.00	0.00	0.00	0.00
	DJB02	DJB03	7.65	124.77	1.85	0.00	0.00	0.00	0.00
	DJB03	DJB03a	11.87	80.72	0.00	0.00	0.00	0.00	0.00
	DJB03	DJB03b	9.78	151.52	2.20	0.00	0.00	0.00	0.00
	DJB03	DJB03c	7.99	234.02	-9.20	0.00	0.00	0.00	0.00
	DIB07	DJB04	12.01	204.32	0.85	0.00	0.00	0.00	0.00
	DJB04	DJB05	8.84	338.52	-4.90	0.00	0.00	0.00	0.00
	DJB05	DJB05a	15.06	225.52	-1.80	0.00	0.00	0.00	0.00
	DJB05	DJB06	5.63	311.02	10.00	0.00	0.00	0.00	0.00
	DJB06	DIB08	9.69	53.27	0.45	0.00	0.00	0.00	0.00
	DJB06	DEB16	6.60	203.12	-1.10	0.00	0.00	0.00	0.00
	DJB04	DJB07	7.69	260.07	-1.25	0.00	0.00	0.00	0.00
	DJB07	DJB08	6.60	224.22	2.45	0.00	0.00	0.00	0.00
	DJB08	DJB09	3.88	327.47	-11.05	0.00	0.00	0.00	0.00
	DJB09	DJB09a	11.47	42.82	-4.10	0.00	0.00	0.00	0.00
	DJB08	DBA34	11.61	235.57	-3.10	0.00	0.00	0.00	0.00
	DJB09	DBA34	12.29	217.57	0.80	0.00	0.00	0.00	0.00
	DJB09	DBA32	6.80	351.27	0.90	0.00	0.00	0.00	0.00
	CQB07	DLA01	20.82	284.44	-4.10	0.00	0.00	0.00	0.00
	DLA01	CQB14	5.22	112.82	16.10	0.00	0.00	0.00	0.00
	DJA15	DJA14	11.25	302.92	9.90	0.00	0.00	0.00	0.00
	DJA15	DDA51	22.72	345.42	5.10	0.00	0.00	0.00	0.00
	DDA51	DLA02	20.03	108.42	3.40	0.00	0.00	0.00	0.00
	DLA02	DLA03	8.83	148.52	2.30	0.00	0.00	0.00	0.00
	DLA03	DJA15	19.72	244.12	-11.10	0.00	0.00	0.00	0.00
	DLA03	DLA04	9.35	159.32	-13.00	0.00	0.00	0.00	0.00
	DLA04	DLA04a	14.07	29.82	-7.90	0.00	0.00	0.00	0.00
	DLA04	DLA05	18.08	85.72	0.70	0.00	0.00	0.00	0.00
	DLA05	DLA06	11.16	165.52	4.65	0.00	0.00	0.00	0.00
	DLA06	DLA07	12.21	284.12	-2.90	0.00	0.00	0.00	0.00
	DLA07	DLA04	11.00	306.27	-2.75	0.00	0.00	0.00	0.00
	DLA07	DLA08	17.94	242.47	-4.35	0.00	0.00	0.00	0.00
	DLA08	DJA16	8.97	283.32	15.83	0.00	0.00	0.00	0.00
	DLA08	DLA08a	15.94	163.72	17.10	0.00	0.00	0.00	0.00
	DEB01	DHB01	11.40	34.92	1.80	0.00	0.00	0.00	0.00
	DKB01	DKB02	4.63	22.32	-3.95	0.00	0.00	0.00	0.00
	DKB02	DKB03	4.67	78.52	1.00	0.00	0.00	0.00	0.00
	DKB03	DHB05	5.30	351.72	-1.50	0.00	0.00	0.00	0.00
	DHB05	DKB04	6.42	30.87	-0.05	0.00	0.00	0.00	0.00
	DKB04	DKB05	8.91	121.97	3.00	0.00	0.00	0.00	0.00
	DKB05	DKB06	9.30	241.92	-0.85	0.00	0.00	0.00	0.00
	DKB06	DKB03	2.64	231.97	0.05	0.00	0.00	0.00	0.00
	DKB04	DKB04a	9.94	61.62	-2.50	0.00	0.00	0.00	0.00
	DKB04	DKB04b	9.16	311.52	2.20	0.00	0.00	0.00	0.00
	DKB04	DHB06	10.69	256.07	1.80	0.00	0.00	0.00	0.00
	DKB06	DKB07	7.24	178.37	-2.25	0.00	0.00	0.00	0.00
	DKB07	DKB02	8.10	304.72	1.85	0.00	0.00	0.00	0.00
	DKB07	DKB07a	18.78	50.82	-1.10	0.00	0.00	0.00	0.00
	DKB07	DKB08	9.23	227.57	3.20	0.00	0.00	0.00	0.00
	DKB08	DKB09	12.80	245.42	1.85	0.00	0.00	0.00	0.00
	DKB08	DKB01	6.87	345.77	-0.60	0.00	0.00	0.00	0.00
	DKB09	DEB02	2.90	256.72	-11.15	0.00	0.00	0.00	0.00
	DKB09	DKB10	8.26	159.42	-2.45	0.00	0.00	0.00	0.00
	DKB10	DKB11	11.71	235.92	2.60	0.00	0.00	0.00	0.00
	DKB11	DIB01	2.52	295.07	1.00	0.00	0.00	0.00	0.00
	DKB10	DKB12	6.28	52.87	1.65	0.00	0.00	0.00	0.00
	DKB12	DKB12a	10.47	157.12	-7.50	0.00	0.00	0.00	0.00
	DKB12	DKB13	9.93	87.47	-1.40	0.00	0.00	0.00	0.00
	DKB13	DKB14	6.68	172.22	-2.70	0.00	0.00	0.00	0.00
	DKB14	DKB15	5.90	206.77	2.70	0.00	0.00	0.00	0.00
	DKB15	DKB16	10.61	271.92	0.65	0.00	0.00	0.00	0.00
	DKB16	DKB16a	10.29	40.22	-6.40	0.00	0.00	0.00	0.00
	DKB16	DKB17	14.43	260.72	2.30	0.00	0.00	0.00	0.00
	DKB17	DIB01	4.19	355.62	-2.45	0.00	0.00	0.00	0.00
	BGA02	BGA02a	31.23	34.92	-1.10	0.00	0.00	0.00	0.00
	C2E08	DLB01	4.65	343.37	-0.70	0.00	0.00	0.00	0.00
	DLB01	DLB01a	5.32	229.82	4.70	0.00	0.00	0.00	0.00
	DLB01	DLB02	5.66	64.62	-2.40	0.00	0.00	0.00	0.00
	DLB02	DLB03	4.87	142.52	9.65	0.00	0.00	0.00	0.00
	DLB03	C2E08	7.36	246.02	-4.40	0.00	0.00	0.00	0.00
	DLB02	DLB04	8.79	273.92	-2.00	0.00	0.00	0.00	0.00
	DLB04	DLB05	3.61	306.37	21.45	0.00	0.00	0.00	0.00
	DLB05	DLB05a	15.48	215.42	-1.40	0.00	0.00	0.00	0.00
	BGA04	DLB06	5.41	269.57	-8.15	0.00	0.00	0.00	0.00
	DLB06	DLB05a	6.88	350.12	1.50	0.00	0.00	0.00	0.00
	BMA19	DLD01	1.98	189.07	-8.45	0.00	0.00	0.00	0.00
	DLD01	DLD01a	11.33	226.42	-6.10	0.00	0.00	0.00	0.00
	DLD01a	BPA08	14.46	213.92	1.45	0.00	0.00	0.00	0.00
	AUC02	DLD02	4.39	78.32	-4.40	0.00	0.00	0.00	0.00
	DLD02	DLD02a	19.09	185.12	-2.00	0.00	0.00	0.00	0.00
	BPA06	BPA06a	10.77	355.42	2.40	0.00	0.00	0.00	0.00
	BIA15	DLD03	11.47	218.22	-0.75	0.00	0.00	0.00	0.00
	DLD03	DLD03a	11.47	227.82	-3.30	0.00	0.00	0.00	0.00
	BPA06	BPA06b	8.55	40.02	-2.50	0.00	0.00	0.00	0.00
	BPA06b	BPA08	13.45	140.32	0.60	0.00	0.00	0.00	0.00
	BPA06	BPA06c	31.77	44.02	-0.60	0.00	0.00	0.00	0.00
	BMA19	BMA19a	13.05	139.32	5.70	0.00	0.00	0.00	0.00
	BPA08	DLD04	3.10	353.37	1.85	0.00	0.00	0.00	0.00
	DLD04	DLD04a	16.95	52.52	-0.60	0.00	0.00	0.00	0.00
	DLD04	DLD04b	9.36	57.32	0.55	0.00	0.00	0.00	0.00
	BMA19	DLD05	8.09	140.57	-7.30	0.00	0.00	0.00	0.00
	DLD05	DLD05a	11.39	218.32	1.40	0.00	0.00	0.00	0.00
	BNA06	BNA08	4.93	95.47	-12.50	0.00	0.00	0.00	0.00
	BNA08	DLD07	5.59	183.72	2.95	0.00	0.00	0.00	0.00
	DLD07	DLD08	5.75	122.37	-4.10	0.00	0.00	0.00	0.00
	DLD07	DLD06	8.78	80.62	-5.15	0.00	0.00	0.00	0.00
	DLD06	BOB02	8.97	54.02	-1.75	0.00	0.00	0.00	0.00
	DLD08	BNA15	5.41	142.67	-8.80	0.00	0.00	0.00	0.00
	DLD08	DLD09	1.25	357.55	-39.70	0.00	0.00	0.00	0.00
	DLD09	BNA09	13.65	251.88	4.53	0.00	0.00	0.00	0.00
	DLD07	BOB08	14.42	37.27	-1.25	0.00	0.00	0.00	0.00
	DDA09	DDA43	8.91	229.72	1.50	0.00	0.00	0.00	0.00
	DDA43	DMA01	17.15	75.72	-0.20	0.00	0.00	0.00	0.00
	DDA09	DDA10	15.44	46.27	0.05	0.00	0.00	0.00	0.00
	DDA10	DMA01	12.42	186.57	0.60	0.00	0.00	0.00	0.00
	DMA01	DMA02	4.66	209.02	-18.70	0.00	0.00	0.00	0.00
	DMA02	DMA04	4.56	230.02	6.90	0.00	0.00	0.00	0.00
	DMA04	DDA09	9.48	332.12	5.45	0.00	0.00	0.00	0.00
	DMA02	DMA05	13.94	221.97	-0.70	0.00	0.00	0.00	0.00
	DMA05	DDA51	4.49	45.97	25.95	0.00	0.00	0.00	0.00
	DDA10	DMA07	6.80	150.62	-16.80	0.00	0.00	0.00	0.00
	DMA07	DMA06	9.03	157.37	2.00	0.00	0.00	0.00	0.00
	DMA07	DMA08	7.74	99.62	0.20	0.00	0.00	0.00	0.00
	DMA06	DMA08	8.16	31.07	-2.60	0.00	0.00	0.00	0.00
	DMA06	DMA09	3.97	138.52	-4.50	0.00	0.00	0.00	0.00
	DMA01	DMA03	4.73	123.27	-6.10	0.00	0.00	0.00	0.00
	DMA03	DMA06	4.46	77.07	-16.95	0.00	0.00	0.00	0.00
	DMA09	DMA10	16.94	30.77	12.35	0.00	0.00	0.00	0.00
	DMA08	DMA10	8.68	58.47	23.30	0.00	0.00	0.00	0.00
	DMA10	DMA11	4.06	175.07	-12.70	0.00	0.00	0.00	0.00
	DMA11	DMA12	16.06	323.82	-8.85	0.00	0.00	0.00	0.00
	DMA12	DDA13	5.18	129.02	4.30	0.00	0.00	0.00	0.00
	CCC33	DMA13	8.65	213.62	-14.87	0.00	0.00	0.00	0.00
	DMA13	DMA13a	13.71	236.82	3.60	0.00	0.00	0.00	0.00
	CXC11	DMA14	12.17	43.82	4.30	0.00	0.00	0.00	0.00
	DMA14	DMA15	1.03	173.62	60.60	0.00	0.00	0.00	0.00
	DMA15	DMA16	8.47	59.22	-1.90	0.00	0.00	0.00	0.00
	DMA16	DMA17	2.52	136.35	-7.70	0.00	0.00	0.00	0.00
	DMA17	CCC33	13.62	82.56	0.56	0.00	0.00	0.00	0.00
	C2C06	DMB01	5.55	15.07	-2.30	0.00	0.00	0.00	0.00
	DMB01	DMB02	5.35	82.67	1.05	0.00	0.00	0.00	0.00
	DMB02	DMB03	6.68	32.67	-1.00	0.00	0.00	0.00	0.00
	DMB03	DMB04	5.73	174.92	1.55	0.00	0.00	0.00	0.00
	DMB04	DMB05	4.59	208.77	0.35	0.00	0.00	0.00	0.00
	DMB05	DMB02	4.54	332.82	-0.55	0.00	0.00	0.00	0.00
	DMB05	DMB05a	6.77	250.92	-5.20	0.00	0.00	0.00	0.00
	DMB05	DHB09	3.36	114.07	2.80	0.00	0.00	0.00	0.00
	DMB03	DMB03a	12.90	75.22	-0.80	0.00	0.00	0.00	0.00
	DMB04	DMB06	5.30	83.17	2.75	0.00	0.00	0.00	0.00
	DMB06	DHB11	6.32	143.32	-3.00	0.00	0.00	0.00	0.00
	DMB06	DMB07	8.53	49.47	-0.35	0.00	0.00	0.00	0.00
	DMB07	DMB08	4.00	330.02	1.00	0.00	0.00	0.00	0.00
	DMB08	DMB09	3.01	82.67	-1.40	0.00	0.00	0.00	0.00
	DMB09	DMB10	5.52	318.37	0.70	0.00	0.00	0.00	0.00
	DMB10	DMB11	9.31	260.22	0.60	0.00	0.00	0.00	0.00
	DMB11	DMB12	7.19	211.27	0.90	0.00	0.00	0.00	0.00
	DMB12	DMB03	3.50	105.22	-9.40	0.00	0.00	0.00	0.00
	DMB12	DMB13	7.59	266.32	2.40	0.00	0.00	0.00	0.00
	DMB13	C4A02	5.19	210.37	5.10	0.00	0.00	0.00	0.00
	DMB13	DMB14	4.71	28.42	-9.60	0.00	0.00	0.00	0.00
	DMB14	DMB15	9.53	0.32	5.90	0.00	0.00	0.00	0.00
	DMB14	DMB14a	7.97	81.22	0.20	0.00	0.00	0.00	0.00
	DMB15	DMB16	2.78	251.12	-15.05	0.00	0.00	0.00	0.00
	DMB16	DMB16a	7.04	275.32	-9.60	0.00	0.00	0.00	0.00
	DMB16	DMB17	4.12	275.47	-1.15	0.00	0.00	0.00	0.00
	DMB17	DMB18	6.57	203.27	4.25	0.00	0.00	0.00	0.00
	DMB18	DMB19	5.20	270.12	1.60	0.00	0.00	0.00	0.00
	DMB19	C1B11	3.03	135.47	-1.30	0.00	0.00	0.00	0.00
	DMB14	DMB20	10.48	256.47	2.90	0.00	0.00	0.00	0.00
	DMB20	C4A03	3.58	202.42	1.55	0.00	0.00	0.00	0.00
	DBC12a	DBC12b	11.47	237.62	-0.70	0.00	0.00	0.00	0.00
	DBC12	DBC12a	5.91	293.42	-15.70	0.00	0.00	0.00	0.00
	DBA44	DNA01	4.96	308.92	-23.00	0.00	0.00	0.00	0.00
	DNA01	DNA02	10.84	317.47	5.05	0.00	0.00	0.00	0.00
	DNA02	DBC07	2.90	140.37	16.60	0.00	0.00	0.00	0.00
	DMA11	DNA03	6.77	14.83	-8.06	0.00	0.00	0.00	0.00
	DNA03	DNA04	7.49	338.14	5.44	0.00	0.00	0.00	0.00
	DNA04	DMA12	8.66	265.20	-13.65	0.00	0.00	0.00	0.00
	DNA03	DNA05	11.64	54.30	3.54	0.00	0.00	0.00	0.00
	DNA05	DNA06	14.15	317.70	-2.25	0.00	0.00	0.00	0.00
	DNA06	DDA14	2.66	66.37	14.14	0.00	0.00	0.00	0.00
	DNA05	DNA07	6.98	129.41	4.32	0.00	0.00	0.00	0.00
	DNA07	DNA08	6.07	358.30	-24.88	0.00	0.00	0.00	0.00
	DNA08	DNA09	12.89	351.25	-1.12	0.00	0.00	0.00	0.00
	DNA09	DDA16	3.25	36.30	59.46	0.00	0.00	0.00	0.00
	DNA07	DNA10	9.23	115.99	3.60	0.00	0.00	0.00	0.00
	DNA10	DNA11	5.00	19.35	-38.00	0.00	0.00	0.00	0.00
	DNA11	DNA12	10.08	31.99	2.28	0.00	0.00	0.00	0.00
	DNA12	DDA23	16.61	36.79	6.28	0.00	0.00	0.00	0.00
	DDA23	DNA13	19.08	245.81	-5.75	0.00	0.00	0.00	0.00
	DNA13	DNA08	10.96	214.86	-1.11	0.00	0.00	0.00	0.00
	DNA13	DNA12	9.02	126.31	1.34	0.00	0.00	0.00	0.00
	C2E09	DNB01	10.45	272.57	-2.05	0.00	0.00	0.00	0.00
	DNB01	BGA04	3.05	161.22	12.70	0.00	0.00	0.00	0.00
	DLB05	DNB02	6.05	256.92	-7.10	0.00	0.00	0.00	0.00
	DNB02	DNB03	3.69	289.02	13.50	0.00	0.00	0.00	0.00
	DNB03	DNB04	1.87	312.12	-22.25	0.00	0.00	0.00	0.00
	DNB04	DNB05	8.99	260.62	3.30	0.00	0.00	0.00	0.00
	DNB05	BQC13	4.32	285.77	0.30	0.00	0.00	0.00	0.00
	DNB03	DNB03a	8.29	217.02	2.20	0.00	0.00	0.00	0.00
	CGE10	DNC01	3.69	70.52	-7.50	0.00	0.00	0.00	0.00
	DNC01	CPC03	7.18	340.37	-1.60	0.00	0.00	0.00	0.00
	DNC01	CPC12	7.60	50.67	0.10	0.00	0.00	0.00	0.00
	DNC01	DNC02	7.60	76.52	-0.60	0.00	0.00	0.00	0.00
	DNC02	CPC12	3.50	334.62	1.20	0.00	0.00	0.00	0.00
	DNC02	DNC03	3.93	128.07	-1.20	0.00	0.00	0.00	0.00
	DNC03	CPC13	3.35	355.67	0.95	0.00	0.00	0.00	0.00
	DNC03	DNC04	4.38	200.67	-0.10	0.00	0.00	0.00	0.00
	DNC04	DNC04a	3.61	247.92	0.60	0.00	0.00	0.00	0.00
	DNC02	DNC05	11.02	225.97	0.80	0.00	0.00	0.00	0.00
	DNC05	CGE08	1.64	192.82	13.85	0.00	0.00	0.00	0.00
	CGE08	DNC06	7.62	118.97	-3.20	0.00	0.00	0.00	0.00
	DNC06	DNC07	2.86	190.52	8.30	0.00	0.00	0.00	0.00
	DNC07	DNC08	6.31	42.97	-3.80	0.00	0.00	0.00	0.00
	DNC08	DNC04	4.57	353.97	-3.00	0.00	0.00	0.00	0.00
	DNC08	DNC09	3.62	38.27	-8.80	0.00	0.00	0.00	0.00
	DNC09	DNC09a	4.27	88.92	9.90	0.00	0.00	0.00	0.00
	DNC07	DNC10	12.40	238.27	-0.45	0.00	0.00	0.00	0.00
	DNC10	CGE14	1.62	134.97	3.00	0.00	0.00	0.00	0.00
	CGE14	DNC11	4.83	122.02	0.05	0.00	0.00	0.00	0.00
	DNC11	CGE13	6.76	262.22	1.10	0.00	0.00	0.00	0.00
	DNC11	DNC12	3.39	240.77	-10.70	0.00	0.00	0.00	0.00
	DNC11	DNC13	5.71	155.82	-1.15	0.00	0.00	0.00	0.00
	DNC13	C2D03	8.61	268.47	-1.15	0.00	0.00	0.00	0.00
	C2D03	DNC14	2.22	98.37	-2.35	0.00	0.00	0.00	0.00
	DNC14	DNC12	4.37	16.22	-2.30	0.00	0.00	0.00	0.00
	DIB03	DND01	4.02	108.82	-3.50	0.00	0.00	0.00	0.00
	DND01	DND02	2.35	13.82	1.50	0.00	0.00	0.00	0.00
	DND02	DND03	3.20	78.92	-11.50	0.00	0.00	0.00	0.00
	DND03	DND04	4.77	344.32	14.75	0.00	0.00	0.00	0.00
	DND04	DKB16	5.23	47.77	-3.05	0.00	0.00	0.00	0.00
	DKB16	DND05	9.39	123.32	-1.85	0.00	0.00	0.00	0.00
	DND05	DND06	8.16	232.02	1.70	0.00	0.00	0.00	0.00
	DND06	DND03	4.71	303.57	-10.75	0.00	0.00	0.00	0.00
	DND06	DND07	7.68	220.47	-0.25	0.00	0.00	0.00	0.00
	DIB03	DND07	9.44	136.42	0.40	0.00	0.00	0.00	0.00
	DND07	DIB04	2.61	121.87	-7.60	0.00	0.00	0.00	0.00
	DKB16	DKB15	10.57	94.02	2.50	0.00	0.00	0.00	0.00
	DKB15	DKB14	5.90	26.92	-2.80	0.00	0.00	0.00	0.00
	DKB14	DND08	11.37	156.67	2.50	0.00	0.00	0.00	0.00
	DKB14	DKB14a	13.10	85.52	-4.40	0.00	0.00	0.00	0.00
	DND08	DND09	11.15	259.77	-2.60	0.00	0.00	0.00	0.00
	DND09	DND05	2.02	21.12	3.20	0.00	0.00	0.00	0.00
	DJB01	DNE01	2.53	254.97	-13.95	0.00	0.00	0.00	0.00
	DNE01	DNE02	16.35	235.72	0.15	0.00	0.00	0.00	0.00
	DNE02	DJB07	5.77	335.82	3.75	0.00	0.00	0.00	0.00
	DMB15	DMB14	9.36	178.92	-5.50	0.00	0.00	0.00	0.00
	DMB15	DNF01	10.56	80.47	-3.55	0.00	0.00	0.00	0.00
	DNF01	DNF02	4.14	119.47	1.30	0.00	0.00	0.00	0.00
	DNF02	DNF03	3.44	181.22	0.45	0.00	0.00	0.00	0.00
	DNF03	DMB12	12.45	223.32	1.15	0.00	0.00	0.00	0.00
	DMB14	DMB14b	7.33	73.32	0.10	0.00	0.00	0.00	0.00
	DNF03	DMB10	4.70	107.87	0.15	0.00	0.00	0.00	0.00
	DMB10	DNF04	6.20	30.07	2.30	0.00	0.00	0.00	0.00
	DNF04	DNF05	7.15	293.57	-3.80	0.00	0.00	0.00	0.00
	DNF05	DNF02	3.48	196.17	5.30	0.00	0.00	0.00	0.00
	DNF05	DNF06	3.92	291.07	-0.30	0.00	0.00	0.00	0.00
	DNF06	DNF01	2.92	196.67	2.15	0.00	0.00	0.00	0.00
	DNF01	DNF07	5.82	343.82	0.05	0.00	0.00	0.00	0.00
	DNF07	DNF08	9.47	264.12	4.50	0.00	0.00	0.00	0.00
	DNF08	DMB16	7.26	194.27	-6.80	0.00	0.00	0.00	0.00
	DNF07	DNF09	4.92	14.02	2.50	0.00	0.00	0.00	0.00
	DNF09	DNF10	11.84	80.02	0.15	0.00	0.00	0.00	0.00
	DNF10	DNF11	3.91	179.57	-0.80	0.00	0.00	0.00	0.00
	DNF11	DNF05	9.85	223.12	-2.05	0.00	0.00	0.00	0.00
	DNF11	DNF12	9.94	65.22	0.10	0.00	0.00	0.00	0.00
	DNF12	DNF13	6.27	337.02	2.15	0.00	0.00	0.00	0.00
	DNF13	DNF10	8.84	227.42	-0.15	0.00	0.00	0.00	0.00
	DNF10	DNF14	4.62	353.77	-7.60	0.00	0.00	0.00	0.00
	DNF14	DNF14a	10.23	38.82	-2.10	0.00	0.00	0.00	0.00
	DNF14	DNF14b	16.93	266.62	-2.00	0.00	0.00	0.00	0.00
	DNF14	DNF15	10.82	309.82	1.30	0.00	0.00	0.00	0.00
	DNF15	DNF16	7.28	170.87	-1.70	0.00	0.00	0.00	0.00
	DNF16	DNF16a	9.33	85.92	-0.30	0.00	0.00	0.00	0.00
	DNF16	DNF16b	9.54	264.92	-2.60	0.00	0.00	0.00	0.00
	DNF16	DNF17	4.71	208.92	3.65	0.00	0.00	0.00	0.00
	DNF17	DNF09	2.90	215.27	2.75	0.00	0.00	0.00	0.00
	BVA06	DOA01	14.40	315.22	-2.10	0.00	0.00	0.00	0.00
	DOA01	BVA10	3.97	282.17	16.90	0.00	0.00	0.00	0.00
	BVA10	DOA02	8.01	191.22	-8.80	0.00	0.00	0.00	0.00
	BVA06	DOB02	5.83	290.32	4.60	0.00	0.00	0.00	0.00
	DOB02	DOA02	10.23	277.42	-4.80	0.00	0.00	0.00	0.00
	DOA02	DOB03	8.38	129.02	-1.15	0.00	0.00	0.00	0.00
	DOB03	DOB03a	15.15	231.82	0.30	0.00	0.00	0.00	0.00
	DOA02	DOB04	14.75	133.22	1.30	0.00	0.00	0.00	0.00
	DOB04	CUB06	6.17	1.02	6.10	0.00	0.00	0.00	0.00
	CUB02	CUB02a	1.43	350.42	-88.90	0.00	0.00	0.00	0.00
	CUB02a	DOA03a	6.85	193.22	-0.90	0.00	0.00	0.00	0.00
	DOA03a	DOA03	16.56	264.32	-0.70	0.00	0.00	0.00	0.00
	DOA03	CUA01	4.66	227.72	5.00	0.00	0.00	0.00	0.00
	CUA03	DOA04	7.76	91.87	0.10	0.00	0.00	0.00	0.00
	DOA04	DOB05	20.73	78.67	-0.55	0.00	0.00	0.00	0.00
	DOB05	CXA06	9.44	156.62	1.35	0.00	0.00	0.00	0.00
	DOA04	DOA05	3.00	124.62	0.15	0.00	0.00	0.00	0.00
	DOA05	DOA06	8.22	199.62	-2.65	0.00	0.00	0.00	0.00
	DOA06	DOA06a	16.58	75.82	0.50	0.00	0.00	0.00	0.00
	DOA06	DOA06b	19.92	149.32	0.70	0.00	0.00	0.00	0.00
	CUA03	DOA06	12.29	141.52	-2.30	0.00	0.00	0.00	0.00
	BVA04	DOB01	4.99	60.02	-1.90	0.00	0.00	0.00	0.00
	DOB01	DOB01a	5.45	71.22	-5.20	0.00	0.00	0.00	0.00
	CLA13	BVA04	9.14	224.22	1.40	0.00	0.00	0.00	0.00
	CLA13	CLA13a	5.33	68.42	-4.80	0.00	0.00	0.00	0.00
	BVA06	DOA01	14.40	315.22	-2.10	0.00	0.00	0.00	0.00
	DOA01	BVA10	3.85	282.37	18.10	0.00	0.00	0.00	0.00
	BVA06	DOB02	5.83	290.32	4.60	0.00	0.00	0.00	0.00
	DOB02	DOA02	10.23	277.42	-4.80	0.00	0.00	0.00	0.00
	DOA02	DOB03	8.38	129.02	-1.15	0.00	0.00	0.00	0.00
	DOB03	DOB03a	15.15	231.82	0.30	0.00	0.00	0.00	0.00
	DOA02	DOB04	14.75	133.22	1.30	0.00	0.00	0.00	0.00
	DOB04	CUB06	6.17	1.02	6.10	0.00	0.00	0.00	0.00
	BYA07a	DOB03	13.13	46.32	0.60	0.00	0.00	0.00	0.00
	CUB02	CUB02a	1.43	350.42	-88.90	0.00	0.00	0.00	0.00
	CUB02a	DOA03a	6.85	193.22	-0.90	0.00	0.00	0.00	0.00
	DOA04	DOB05	20.73	78.67	-0.55	0.00	0.00	0.00	0.00
	DOB05	CXA06	9.44	156.62	1.35	0.00	0.00	0.00	0.00
	DLD05	DOC01	4.61	140.62	-1.35	0.00	0.00	0.00	0.00
	DLD03	DOC01	7.70	230.27	-3.35	0.00	0.00	0.00	0.00
	DLD05	DLD05b	10.40	220.22	0.40	0.00	0.00	0.00	0.00
	DOA06	DPA02	8.59	266.82	-0.55	0.00	0.00	0.00	0.00
	DPA02	DPA01	7.27	220.97	7.45	0.00	0.00	0.00	0.00
	DPA01	BXA21	9.48	262.82	6.45	0.00	0.00	0.00	0.00
	CUA03	DPA02	10.29	186.12	-2.40	0.00	0.00	0.00	0.00
	DPA02	DPA03	11.39	271.57	1.80	0.00	0.00	0.00	0.00
	DPA03	BXA21	7.76	199.67	12.55	0.00	0.00	0.00	0.00
	DPA02	DPA04	4.23	99.72	9.80	0.00	0.00	0.00	0.00
	DPA04	DPA05	8.59	171.12	-5.20	0.00	0.00	0.00	0.00
	DPA05	DPA06	3.66	316.57	11.40	0.00	0.00	0.00	0.00
	DPA06	DPA07	7.69	245.62	3.20	0.00	0.00	0.00	0.00
	BXA04	DPB05	1.16	6.32	-86.55	0.00	0.00	0.00	0.00
	DPB05	DOA06	30.16	327.32	-0.70	0.00	0.00	0.00	0.00
	DOA06	CXA06a	9.70	71.72	-0.70	0.00	0.00	0.00	0.00
	CXA06a	CXA06	15.12	83.02	1.70	0.00	0.00	0.00	0.00
	DPA07	BXA21	10.53	287.97	5.25	0.00	0.00	0.00	0.00
	DPA05	DPA05a	25.03	72.22	-0.10	0.00	0.00	0.00	0.00
	CXC06	DPA08	10.11	285.91	2.72	0.00	0.00	0.00	0.00
	DPA08	DPA09	7.63	233.95	3.23	0.00	0.00	0.00	0.00
	DPA09	DPA10	8.15	294.35	-6.62	0.00	0.00	0.00	0.00
	DPA10	DPA11	7.80	176.87	-16.78	0.00	0.00	0.00	0.00
	DPA11	DPA12	6.58	95.90	5.68	0.00	0.00	0.00	0.00
	DPA12	DPA13	6.55	82.31	20.50	0.00	0.00	0.00	0.00
	DPA13	DPA08	8.47	2.54	-1.41	0.00	0.00	0.00	0.00
	CPB03	DPB01	11.96	245.77	-2.80	0.00	0.00	0.00	0.00
	CXA02	DPB02	5.22	230.02	0.20	0.00	0.00	0.00	0.00
	DPB02	CXA01	3.59	150.67	0.70	0.00	0.00	0.00	0.00
	CXA02	DPB03	11.56	249.02	-0.75	0.00	0.00	0.00	0.00
	DPB03	DPB01	5.68	170.57	-2.95	0.00	0.00	0.00	0.00
	DPB03	DPB04	1.66	232.52	-1.15	0.00	0.00	0.00	0.00
	DPB04	DPB04a	14.16	326.72	0.40	0.00	0.00	0.00	0.00
	DPB05	DOA06	30.16	327.32	-0.70	0.00	0.00	0.00	0.00
	DPB05	BXA04	1.16	186.32	86.55	0.00	0.00	0.00	0.00
	BXA04	BXA05	7.05	260.97	-4.90	0.00	0.00	0.00	0.00
	CXA03	CXA03a	20.26	261.62	-3.00	0.00	0.00	0.00	0.00
	DPB02	DPB02a	33.75	325.92	-1.40	0.00	0.00	0.00	0.00
	DPB02	DPB02b	48.68	326.32	-0.80	0.00	0.00	0.00	0.00
	CXA03	DPB02	10.24	195.17	-5.00	0.00	0.00	0.00	0.00
	CXA06	CXA06a	15.12	263.02	-1.70	0.00	0.00	0.00	0.00
	CXA03	CXA07	5.73	301.52	-4.70	0.00	0.00	0.00	0.00
	CXA07	CXA06	3.60	25.12	-5.60	0.00	0.00	0.00	0.00
	DPB05	DPB06	7.56	73.97	5.10	0.00	0.00	0.00	0.00
	DPB06	DPB07	7.13	343.12	-5.00	0.00	0.00	0.00	0.00
	DPB07	DPB01	2.86	248.42	-9.95	0.00	0.00	0.00	0.00
	CSA04	DQA01	3.55	356.12	-5.00	0.00	0.00	0.00	0.00
	DQA01	DQA01a	9.85	279.32	-4.80	0.00	0.00	0.00	0.00
	CIA01	CIA01b	5.48	129.12	-0.70	0.00	0.00	0.00	0.00
	CSA04	DQA02	10.45	225.12	3.30	0.00	0.00	0.00	0.00
	DQA02	DQA03	9.28	245.72	16.15	0.00	0.00	0.00	0.00
	DQA03	DQA04	8.48	224.27	-18.70	0.00	0.00	0.00	0.00
	DQA04	DQA05	6.25	167.22	-8.60	0.00	0.00	0.00	0.00
	DQA05	CXC14	14.17	156.37	-1.00	0.00	0.00	0.00	0.00
	CXC14	CXC17	4.26	315.42	13.05	0.00	0.00	0.00	0.00
	CXC17	DQA07	11.85	286.22	-1.40	0.00	0.00	0.00	0.00
	DQA05	DQA06	16.75	235.57	-2.50	0.00	0.00	0.00	0.00
	DQA06	DQA07	5.91	61.32	13.00	0.00	0.00	0.00	0.00
	CXC17	CXC17a	9.63	76.12	-3.80	0.00	0.00	0.00	0.00
	CXC17	CXC17b	16.06	47.52	-5.80	0.00	0.00	0.00	0.00
	CXC16	DQA08	11.52	231.52	1.35	0.00	0.00	0.00	0.00
	DQA08	DQB28	12.32	320.92	-3.90	0.00	0.00	0.00	0.00
	CZC15a	DQA09	4.03	175.17	1.45	0.00	0.00	0.00	0.00
	DQA09	CXC16a	7.37	13.67	-7.70	0.00	0.00	0.00	0.00
	CXC16	CXC15a	3.72	214.92	-1.05	0.00	0.00	0.00	0.00
	CXC16	CXC16a	1.01	218.32	-84.90	0.00	0.00	0.00	0.00
	DQA09	DQA10	5.61	253.12	-3.55	0.00	0.00	0.00	0.00
	DQA10	DQA11	2.88	224.47	-0.35	0.00	0.00	0.00	0.00
	DQA09	DQA09a	8.70	137.22	4.50	0.00	0.00	0.00	0.00
	DQA10	DQA10a	7.22	142.52	-2.30	0.00	0.00	0.00	0.00
	DQA11	DQA08	3.64	3.37	9.00	0.00	0.00	0.00	0.00
	DQA08	DQC11	8.93	267.57	-4.70	0.00	0.00	0.00	0.00
	DQC11	DQC12	8.77	41.72	-1.37	0.00	0.00	0.00	0.00
	DQC12	DQB02	2.45	267.72	18.65	0.00	0.00	0.00	0.00
	DQC12	CXC15	4.19	77.57	11.80	0.00	0.00	0.00	0.00
	DQA12	DQC13	12.72	258.22	3.90	0.00	0.00	0.00	0.00
	DQA10	DQA12	3.54	115.17	-13.00	0.00	0.00	0.00	0.00
	CXC15	DQB01	5.20	303.91	0.79	0.00	0.00	0.00	0.00
	DQB01	DQB02	4.49	208.97	-1.33	0.00	0.00	0.00	0.00
	DQB02	DQB03	7.22	293.35	1.16	0.00	0.00	0.00	0.00
	DQB03	DQB04	6.72	226.54	3.15	0.00	0.00	0.00	0.00
	DQB03	DQB03a	8.60	198.69	-7.33	0.00	0.00	0.00	0.00
	DQB04	DQB05	4.99	281.24	0.08	0.00	0.00	0.00	0.00
	DQB05	DQB06	10.99	217.12	8.60	0.00	0.00	0.00	0.00
	DQB06	DQB07	25.41	250.15	-0.01	0.00	0.00	0.00	0.00
	DQB06	DQB06a	3.54	216.49	-57.26	0.00	0.00	0.00	0.00
	DQB07	DQB08	14.40	230.11	1.59	0.00	0.00	0.00	0.00
	DQB08	DQB09	9.74	129.67	-9.65	0.00	0.00	0.00	0.00
	DQB08	DQB10	7.73	331.53	-2.17	0.00	0.00	0.00	0.00
	DQB07	DQB07a	5.28	137.26	-34.48	0.00	0.00	0.00	0.00
	DQB07a	DQB07b	4.07	130.86	1.62	0.00	0.00	0.00	0.00
	DQB10	DQB11	12.44	273.65	14.61	0.00	0.00	0.00	0.00
	DQB11	DQB11a	9.15	219.08	-8.49	0.00	0.00	0.00	0.00
	DQB09	DQB16	6.63	135.71	6.55	0.00	0.00	0.00	0.00
	DQB09	DQB09a	9.45	178.41	-2.12	0.00	0.00	0.00	0.00
	DQB10	DQB12	14.88	304.03	16.76	0.00	0.00	0.00	0.00
	DQB12	DQB13	8.17	31.68	-31.52	0.00	0.00	0.00	0.00
	DQB13	DQB14	10.51	351.76	9.78	0.00	0.00	0.00	0.00
	DQB14	DQB15	5.67	48.72	9.65	0.00	0.00	0.00	0.00
	DQB15	DQB17	21.07	356.81	23.95	0.00	0.00	0.00	0.00
	DQB17	DQB18	21.90	0.02	-10.20	0.00	0.00	0.00	0.00
	DQB18	SPLAY	17.78	56.62	-14.80	0.00	0.00	0.00	0.00
	DQB05	DQB19	4.65	286.43	-3.74	0.00	0.00	0.00	0.00
	DQB19	DQB20	6.30	16.44	-4.76	0.00	0.00	0.00	0.00
	DQB19	DQB19a	12.01	239.64	-5.67	0.00	0.00	0.00	0.00
	DQB20	DQB21	10.26	70.63	2.49	0.00	0.00	0.00	0.00
	DQB21	DQB22	15.22	37.54	1.38	0.00	0.00	0.00	0.00
	DQB22	DQA06	4.86	137.78	-19.56	0.00	0.00	0.00	0.00
	DQB21	DQB23	9.33	69.22	-0.47	0.00	0.00	0.00	0.00
	DQB23	DQB24	6.25	76.01	1.02	0.00	0.00	0.00	0.00
	DQB23	DQB26	8.76	132.04	-7.19	0.00	0.00	0.00	0.00
	DQB24	DQB25	5.48	135.67	-0.69	0.00	0.00	0.00	0.00
	DQB25	DQB26	4.91	225.77	-13.33	0.00	0.00	0.00	0.00
	DQB26	DQB27	3.41	233.12	5.32	0.00	0.00	0.00	0.00
	DQB27	CXC15	6.01	146.58	8.97	0.00	0.00	0.00	0.00
	DQB27	DQB28	5.97	246.68	0.86	0.00	0.00	0.00	0.00
	DQB28	DQB02	4.35	145.73	9.09	0.00	0.00	0.00	0.00
	DQB03	DQB29	8.16	21.27	-0.74	0.00	0.00	0.00	0.00
	DQB29	DQB23	4.30	46.41	-0.52	0.00	0.00	0.00	0.00
	DQB20	DQB04a	11.29	136.65	-3.63	0.00	0.00	0.00	0.00
	DQB04a	DQB04	1.61	35.12	85.05	0.00	0.00	0.00	0.00
	DQA06	DQA06a	12.83	292.93	0.85	0.00	0.00	0.00	0.00
	DQA06	DQA06b	18.57	278.45	0.92	0.00	0.00	0.00	0.00
	DQB22	DQB30	5.30	354.76	-1.59	0.00	0.00	0.00	0.00
	DQB30	DQB31	5.28	57.09	-2.07	0.00	0.00	0.00	0.00
	DQB30	DQB32a	8.14	253.21	-11.18	0.00	0.00	0.00	0.00
	DQB30	DQA06a	9.51	244.97	-8.65	0.00	0.00	0.00	0.00
	DQB31	DQA04	11.98	72.05	1.62	0.00	0.00	0.00	0.00
	DQB31	DQB34	6.97	344.86	-8.27	0.00	0.00	0.00	0.00
	DQB34	DQB33	5.57	358.62	-0.53	0.00	0.00	0.00	0.00
	DQB33	DQB32	7.62	114.98	1.00	0.00	0.00	0.00	0.00
	DQA04	DQB32	8.39	308.93	-9.70	0.00	0.00	0.00	0.00
	DQB30	DQB35	14.42	275.65	0.59	0.00	0.00	0.00	0.00
	DQB35	DQB35a	6.69	144.70	-11.03	0.00	0.00	0.00	0.00
	DQB35	DQB36	17.98	212.29	0.39	0.00	0.00	0.00	0.00
	DQB36	DQB37	6.43	121.63	-0.04	0.00	0.00	0.00	0.00
	DQB36	DQB21	15.48	103.52	-1.43	0.00	0.00	0.00	0.00
	DQB37	DQB20	3.88	183.50	-4.18	0.00	0.00	0.00	0.00
	CCB02	DQC01	7.11	239.30	0.35	0.00	0.00	0.00	0.00
	DQC01	DQC02	6.69	0.92	-2.15	0.00	0.00	0.00	0.00
	DQC02	DQC03	2.90	147.22	0.00	0.00	0.00	0.00	0.00
	DQC03	DQC03a	15.19	39.32	-1.30	0.00	0.00	0.00	0.00
	DQC02	DQC04	6.18	291.17	1.70	0.00	0.00	0.00	0.00
	DQC02	DQC05	2.18	333.42	-0.95	0.00	0.00	0.00	0.00
	DQC05	DQC05a	8.14	33.22	0.40	0.00	0.00	0.00	0.00
	DQC04	DQC06	4.90	209.27	2.90	0.00	0.00	0.00	0.00
	DQC06	DQC07	6.53	236.57	-0.85	0.00	0.00	0.00	0.00
	DQC07	DQC08	10.34	99.42	0.05	0.00	0.00	0.00	0.00
	DQC08	DQC03	6.83	46.47	-1.40	0.00	0.00	0.00	0.00
	DQB05	DQC09	7.63	177.07	-5.75	0.00	0.00	0.00	0.00
	DQC09	DQB03a	6.90	66.82	-4.70	0.00	0.00	0.00	0.00
	DQC09	DQC10	6.71	132.37	-2.80	0.00	0.00	0.00	0.00
	DQC10	DQC11	9.70	49.17	0.45	0.00	0.00	0.00	0.00
	DQC11	DQC13	5.58	165.52	1.50	0.00	0.00	0.00	0.00
	DQC13	DQA12	12.72	78.22	-3.90	0.00	0.00	0.00	0.00
	CIA26	DQD01	5.12	351.17	0.05	0.00	0.00	0.00	0.00
	DQD01	DQD02	7.16	67.47	-1.45	0.00	0.00	0.00	0.00
	DQD02	DQD02a	8.34	153.32	3.20	0.00	0.00	0.00	0.00
	CIA26	CIA26a	9.44	86.92	2.00	0.00	0.00	0.00	0.00
	CIA26	CIA26b	15.52	81.62	-1.40	0.00	0.00	0.00	0.00
	DQD02	DQD03	11.42	276.17	1.45	0.00	0.00	0.00	0.00
	DQD03	DQD04	6.29	43.77	3.50	0.00	0.00	0.00	0.00
	DQD04	DQD04a	4.80	39.52	-7.30	0.00	0.00	0.00	0.00
	DPA12	DPA12a	17.02	216.42	-6.70	0.00	0.00	0.00	0.00
	DPA12	DRA01	13.25	233.52	-2.70	0.00	0.00	0.00	0.00
	DPA12	DPA11	6.61	276.12	-5.60	0.00	0.00	0.00	0.00
	DPA11	DRA02	6.15	241.62	0.20	0.00	0.00	0.00	0.00
	DRA01	DRA02	6.05	346.02	-0.20	0.00	0.00	0.00	0.00
	DRA02	DRA03	6.46	323.22	3.80	0.00	0.00	0.00	0.00
	DRA01	DRA04	9.70	263.32	0.60	0.00	0.00	0.00	0.00
	DRA04	DRA04a	7.98	155.02	9.20	0.00	0.00	0.00	0.00
	DRA04	DRA05	8.67	318.92	5.60	0.00	0.00	0.00	0.00
	DQC09	DQC09a	6.30	232.52	-7.40	0.00	0.00	0.00	0.00
	DQC09	DQC10	6.70	133.52	-2.50	0.00	0.00	0.00	0.00
	DQC10	DRA06	4.94	245.12	-1.45	0.00	0.00	0.00	0.00
	DRA06	DRA06a	8.28	109.72	19.70	0.00	0.00	0.00	0.00
	DRA06	DRA07	15.01	236.47	0.25	0.00	0.00	0.00	0.00
	DRA07	DRA08	6.00	327.97	0.50	0.00	0.00	0.00	0.00
	DRA08	DRA08a	10.64	44.22	-0.80	0.00	0.00	0.00	0.00
	DRA07	DRA07a	9.35	211.32	21.30	0.00	0.00	0.00	0.00
	CIA25	CIA25a	15.37	320.92	-0.90	0.00	0.00	0.00	0.00
	CIA25	DRB01	3.41	305.48	0.47	0.00	0.00	0.00	0.00
	DRB01	DRB01a	6.27	82.52	2.60	0.00	0.00	0.00	0.00
	CIA26	DRB01	9.67	91.17	-1.45	0.00	0.00	0.00	0.00
	DQD03	DRB02	1.65	23.92	4.25	0.00	0.00	0.00	0.00
	DRB02	DRB03	4.12	307.62	2.55	0.00	0.00	0.00	0.00
	DRB03	DQD04	6.95	85.62	0.85	0.00	0.00	0.00	0.00
	DRB03	DRB03a	10.44	338.12	1.00	0.00	0.00	0.00	0.00
	DRB03	DRB03b	6.09	342.82	-0.80	0.00	0.00	0.00	0.00
	DQB18	DQB18a	7.41	312.19	9.79	0.00	0.00	0.00	0.00
	DQB18	DRC01	12.91	43.32	-14.27	0.00	0.00	0.00	0.00
	DRC01	DRC02	9.81	105.25	-18.21	0.00	0.00	0.00	0.00
	DRC02	DRC03	8.56	54.80	-9.23	0.00	0.00	0.00	0.00
	DRC03	DRC04	12.12	83.24	-6.14	0.00	0.00	0.00	0.00
	DRC03	DRC03a	6.73	206.59	-22.04	0.00	0.00	0.00	0.00
	DRC03	DRC03b	13.17	10.36	-4.77	0.00	0.00	0.00	0.00
	DRC03	DRC03c	6.82	124.04	-1.20	0.00	0.00	0.00	0.00
	DRC04	DRC05	11.91	302.56	0.27	0.00	0.00	0.00	0.00
	DRC03	DRC05	8.14	14.13	-7.34	0.00	0.00	0.00	0.00
	DRC05	DRC06	11.58	344.21	-0.03	0.00	0.00	0.00	0.00
	DRC06	DRC07	7.10	286.07	-0.96	0.00	0.00	0.00	0.00
	DRC07	DRC08	11.71	330.49	-2.60	0.00	0.00	0.00	0.00
	DRC08	DRC09	9.20	45.73	-3.76	0.00	0.00	0.00	0.00
	DRC09	DRC10	11.68	338.57	13.41	0.00	0.00	0.00	0.00
	DRC10	CIA21	8.27	354.70	14.39	0.00	0.00	0.00	0.00
	CIA21	CIA19	9.94	68.71	-6.69	0.00	0.00	0.00	0.00
	CIA19	CIA20	14.34	319.90	0.65	0.00	0.00	0.00	0.00
	CIA19	CIA18	6.50	83.50	1.84	0.00	0.00	0.00	0.00
	CIA18	CIA17	20.93	140.50	-0.83	0.00	0.00	0.00	0.00
	CIA18	CIA18a	9.28	198.68	-23.27	0.00	0.00	0.00	0.00
	DRC08	DRC11	15.86	217.33	6.58	0.00	0.00	0.00	0.00
	DRC11	DRC11a	8.99	271.94	21.71	0.00	0.00	0.00	0.00
	DRC11	DRC12	10.64	324.79	-1.15	0.00	0.00	0.00	0.00
	DRC12	DRC13	5.68	276.44	32.03	0.00	0.00	0.00	0.00
	DRC13	DRC13a	10.93	342.22	-33.10	0.00	0.00	0.00	0.00
	DRC07	DRC07a	9.42	242.74	-6.06	0.00	0.00	0.00	0.00
	DRC06	DRC14	12.73	253.81	-4.97	0.00	0.00	0.00	0.00
	DRC14	DRC07a	3.58	290.92	-7.86	0.00	0.00	0.00	0.00
	DRC14	DRC15	4.95	204.11	6.94	0.00	0.00	0.00	0.00
	DRC15	DRC15a	8.92	255.00	21.28	0.00	0.00	0.00	0.00
	DRC05	DRC05a	6.59	48.37	-2.76	0.00	0.00	0.00	0.00
	DRC05a	DRC05c	3.97	152.68	-7.73	0.00	0.00	0.00	0.00
	DRC05a	DRC05b	14.34	247.58	-6.08	0.00	0.00	0.00	0.00
	DRC04	DRC16	5.89	175.57	10.37	0.00	0.00	0.00	0.00
	DRC16	DRC17	4.81	103.66	9.14	0.00	0.00	0.00	0.00
	DRC16	DRC16a	10.01	255.64	-3.67	0.00	0.00	0.00	0.00
	DRC17	DRC17a	13.19	238.15	0.00	0.00	0.00	0.00	0.00
	DRC17	DRC18	10.03	165.28	-11.61	0.00	0.00	0.00	0.00
	DRC18	DRC19	5.20	107.61	4.42	0.00	0.00	0.00	0.00
	DRC19	DRC20	5.30	189.07	-4.76	0.00	0.00	0.00	0.00
	DRC20	DRC21	5.38	124.56	-1.43	0.00	0.00	0.00	0.00
	DRC21	DRC22	2.92	194.80	-0.58	0.00	0.00	0.00	0.00
	DRC22	DQB35	3.68	152.12	0.02	0.00	0.00	0.00	0.00
	DRC20	DRC23	10.20	73.86	-2.37	0.00	0.00	0.00	0.00
	DRC21	DRC23	7.92	42.40	-1.91	0.00	0.00	0.00	0.00
	DRC23	DQB34	13.27	107.03	-4.23	0.00	0.00	0.00	0.00
	DQB34	DRC24	14.43	224.27	0.70	0.00	0.00	0.00	0.00
	DQB35	DRC24	7.38	107.75	-8.37	0.00	0.00	0.00	0.00
	DKB10	DKB12	6.19	52.92	1.70	0.00	0.00	0.00	0.00
	DKB12	DKB13	9.94	87.22	-1.50	0.00	0.00	0.00	0.00
	DKB13	DSA01	4.69	297.57	-0.25	0.00	0.00	0.00	0.00
	DSA01	DSA02	7.83	74.62	-1.75	0.00	0.00	0.00	0.00
	DSA02	DSA03	8.05	287.07	3.80	0.00	0.00	0.00	0.00
	DSA03	DKB08	2.77	317.17	-3.75	0.00	0.00	0.00	0.00
	DKB08	DKB07	9.41	47.52	-3.00	0.00	0.00	0.00	0.00
	DKB07	DSA02	11.03	165.22	1.60	0.00	0.00	0.00	0.00
	DSA02	DSA02a	21.82	53.42	-0.40	0.00	0.00	0.00	0.00
	DSA02	DSA04	3.46	104.37	6.00	0.00	0.00	0.00	0.00
	DSA04	DSA04a	15.28	96.72	-3.90	0.00	0.00	0.00	0.00
	DSA04	DSA05	10.29	236.62	-1.13	0.00	0.00	0.00	0.00
	DSA05	DKB13	2.99	35.72	1.75	0.00	0.00	0.00	0.00
	DKB03	DKB03a	7.08	137.52	0.00	0.00	0.00	0.00	0.00
	DKB05	DSA06	2.22	338.97	-3.50	0.00	0.00	0.00	0.00
	DSA06	DSA07	8.54	89.02	-0.90	0.00	0.00	0.00	0.00
	DSA07	DSA07a	6.26	331.12	0.40	0.00	0.00	0.00	0.00
	DSA07	DSA07x	1.00	269.02	0.90	0.00	0.00	0.00	0.00
	DSA07x	DSA07b	8.01	44.52	-3.40	0.00	0.00	0.00	0.00
	DSA07	DSA07c	8.06	128.22	0.20	0.00	0.00	0.00	0.00
	DSA07	DSA07xx	2.00	269.02	0.90	0.00	0.00	0.00	0.00
	DSA07xx	DSA07d	13.31	153.52	0.90	0.00	0.00	0.00	0.00
	DSA06	DSA06a	22.55	53.32	0.00	0.00	0.00	0.00	0.00
	DND08	DSB01	7.78	68.32	-1.90	0.00	0.00	0.00	0.00
	DSB01	DSB01a	20.14	47.82	0.10	0.00	0.00	0.00	0.00
	DSB01	DSB01b	13.65	103.92	-0.80	0.00	0.00	0.00	0.00
	DSB01	DSB01c	17.08	41.42	-1.20	0.00	0.00	0.00	0.00
	DND08	DSB02	5.40	271.87	0.10	0.00	0.00	0.00	0.00
	DSB02	DSB03	6.94	139.97	-4.00	0.00	0.00	0.00	0.00
	DSB03	DSB03a	10.67	67.82	-1.80	0.00	0.00	0.00	0.00
	DSB03	DSB03b	11.45	105.32	0.50	0.00	0.00	0.00	0.00
	DSB03	DSB03c	10.80	217.52	-3.40	0.00	0.00	0.00	0.00
	DND09	DND09a	12.11	162.42	-4.30	0.00	0.00	0.00	0.00
	DSB03	DSB04	6.38	148.42	3.70	0.00	0.00	0.00	0.00
	DSB02	DND09	5.98	252.17	-2.80	0.00	0.00	0.00	0.00
	DNE04	DTA01	5.36	247.57	-8.00	0.00	0.00	0.00	0.00
	DTA01	DTA02	8.16	122.27	1.30	0.00	0.00	0.00	0.00
	DTA02	DTA03	13.37	87.02	0.05	0.00	0.00	0.00	0.00
	DTA02	DTA05	5.29	165.22	-1.30	0.00	0.00	0.00	0.00
	DTA05	DTA04	3.58	111.22	2.60	0.00	0.00	0.00	0.00
	DTA04	DTA03	11.24	50.87	-0.25	0.00	0.00	0.00	0.00
	DTA03	DTA03a	6.73	341.82	-2.20	0.00	0.00	0.00	0.00
	DTA03	DTA03b	8.21	155.72	-5.10	0.00	0.00	0.00	0.00
	DTA03	DTA06	7.76	68.87	2.00	0.00	0.00	0.00	0.00
	DTA06	DTA07	6.51	334.47	-0.15	0.00	0.00	0.00	0.00
	DTA06	DTA08	5.92	36.42	1.00	0.00	0.00	0.00	0.00
	DTA08	DTA07	6.31	278.72	0.00	0.00	0.00	0.00	0.00
	DTA07	DTA07a	8.55	300.22	1.20	0.00	0.00	0.00	0.00
	DTA07a	DNE03	1.51	33.52	-37.50	0.00	0.00	0.00	0.00
	DNE03	DNE03a	10.79	59.72	0.90	0.00	0.00	0.00	0.00
	DTA08	DTA09	3.98	107.77	-3.50	0.00	0.00	0.00	0.00
	DTA09	DTA10	2.89	316.57	2.95	0.00	0.00	0.00	0.00
	DTA09	DTA11	11.50	328.92	0.85	0.00	0.00	0.00	0.00
	DTA11	DTA11a	6.14	351.47	-9.40	0.00	0.00	0.00	0.00
	DTA11	DTA12	5.61	49.07	-0.95	0.00	0.00	0.00	0.00
	DTA12	DTA13	4.46	357.47	3.60	0.00	0.00	0.00	0.00
	DTA13	DTA14	6.49	78.47	0.00	0.00	0.00	0.00	0.00
	DTA13	DTA13a	2.56	120.12	-12.80	0.00	0.00	0.00	0.00
	DTA13a	DJB02	16.31	310.32	-0.40	0.00	0.00	0.00	0.00
	DTA14	DTA15	10.45	161.67	-2.10	0.00	0.00	0.00	0.00
	DTA15	DTA10	11.90	233.77	0.60	0.00	0.00	0.00	0.00
	DTA16	DTA10	7.90	236.12	-0.55	0.00	0.00	0.00	0.00
	DTA16	DTA16a	32.95	146.12	-2.60	0.00	0.00	0.00	0.00
	DTA15	DTA17	3.11	17.82	-5.75	0.00	0.00	0.00	0.00
	DTA17	DTA17a	7.38	55.02	-4.50	0.00	0.00	0.00	0.00
	DTA15	DTA15a	20.39	77.42	-3.10	0.00	0.00	0.00	0.00
	DTA14	DTA18	4.22	8.87	-2.75	0.00	0.00	0.00	0.00
	DTA18	DTA19	10.51	284.97	-2.80	0.00	0.00	0.00	0.00
	DTA19	DJB03	3.31	190.42	6.00	0.00	0.00	0.00	0.00
	DTA19	DTA20	9.95	70.52	2.55	0.00	0.00	0.00	0.00
	DTA20	DTA20a	2.64	340.42	-24.80	0.00	0.00	0.00	0.00
	DTA20a	DTA20b	9.36	315.42	2.10	0.00	0.00	0.00	0.00
	DTA20	DSB04	8.43	49.52	-1.15	0.00	0.00	0.00	0.00
	DTA19	DTA19a	5.37	2.52	-3.00	0.00	0.00	0.00	0.00
	DTA21	DTA18	8.36	249.12	2.05	0.00	0.00	0.00	0.00
	DTA21	DSB04	9.00	345.67	1.70	0.00	0.00	0.00	0.00
	DMA11	DTB01	5.26	63.52	-4.65	0.00	0.00	0.00	0.00
	DTB01	DTB02	2.57	124.72	-2.35	0.00	0.00	0.00	0.00
	DTB02	DNA07	12.66	51.27	4.00	0.00	0.00	0.00	0.00
	DTB01	DTB03	4.92	159.27	-9.80	0.00	0.00	0.00	0.00
	DTB03	DTB04	18.19	87.12	-0.55	0.00	0.00	0.00	0.00
	DTB03	DTB05	13.43	138.52	10.30	0.00	0.00	0.00	0.00
	DTB05	DTB05a	12.80	277.62	2.30	0.00	0.00	0.00	0.00
	DNA10	DTB06	12.25	126.32	-3.00	0.00	0.00	0.00	0.00
	DTB06	DTB07	7.44	77.27	-12.10	0.00	0.00	0.00	0.00
	DTB07	DTB08	12.03	320.82	3.15	0.00	0.00	0.00	0.00
	DTB08	DTB08a	6.80	223.02	17.50	0.00	0.00	0.00	0.00
	DTB08	DNA12	8.71	338.57	-7.60	0.00	0.00	0.00	0.00
	DTB08	DTB09	10.05	88.12	-3.75	0.00	0.00	0.00	0.00
	DTB09	DTB10	9.53	153.27	-4.10	0.00	0.00	0.00	0.00
	DTB10	DTB07	6.98	257.32	5.20	0.00	0.00	0.00	0.00
	DTB10	DTB11	5.38	35.32	-1.80	0.00	0.00	0.00	0.00
	DTB11	DTB12	14.04	338.02	0.65	0.00	0.00	0.00	0.00
	DTB12	DTB09	9.42	195.72	5.10	0.00	0.00	0.00	0.00
	DTB12	DDA25	6.15	101.62	-0.95	0.00	0.00	0.00	0.00
	DTB12	DDA23	12.98	336.07	8.80	0.00	0.00	0.00	0.00
	DTB11	DTB13	9.56	104.27	5.50	0.00	0.00	0.00	0.00
	DTB13	DDA42	10.77	8.62	2.65	0.00	0.00	0.00	0.00
	DRC19	DUA01	20.72	235.92	-6.80	0.00	0.00	0.00	0.00
	DUA01	DUA02	9.32	124.81	3.51	0.00	0.00	0.00	0.00
	DUA02	DUA03	5.38	47.21	0.33	0.00	0.00	0.00	0.00
	DUA03	DRC21	10.54	63.56	6.39	0.00	0.00	0.00	0.00
	DRC18	DUA04	12.21	253.97	-5.40	0.00	0.00	0.00	0.00
	DUA04	DUA05	7.74	266.08	-1.36	0.00	0.00	0.00	0.00
	DUA05	DUA06	9.76	163.50	0.35	0.00	0.00	0.00	0.00
	DUA06	DUA01	4.35	82.44	-8.36	0.00	0.00	0.00	0.00
	DUA04	DUA07	9.27	312.67	-1.06	0.00	0.00	0.00	0.00
	DUA07	DUA07a	7.36	3.42	4.70	0.00	0.00	0.00	0.00
	DUA07	DUA08	10.07	214.10	0.01	0.00	0.00	0.00	0.00
	DUA08	DUA08a	19.17	258.62	3.60	0.00	0.00	0.00	0.00
	DUA08	DUA08b	15.28	194.22	-2.20	0.00	0.00	0.00	0.00
	DUA06	DUA09	5.85	249.24	-4.53	0.00	0.00	0.00	0.00
	DUA01	DUA10	14.11	197.77	2.38	0.00	0.00	0.00	0.00
	DUA10	DUA10a	14.08	42.92	-2.20	0.00	0.00	0.00	0.00
	DUA10	DUA11	14.42	237.36	-0.67	0.00	0.00	0.00	0.00
	DUA10	DUA10b	14.17	282.32	-2.80	0.00	0.00	0.00	0.00
	DUA10	DUA12	11.99	207.57	-1.60	0.00	0.00	0.00	0.00
	DUA10	DUA13	6.58	166.09	0.06	0.00	0.00	0.00	0.00
	DUA13	DQB37	20.59	95.41	1.49	0.00	0.00	0.00	0.00
	DUA13	DUA14	8.19	198.91	-3.29	0.00	0.00	0.00	0.00
	DQB36	DUA14	20.02	242.48	-5.08	0.00	0.00	0.00	0.00
	DUA13	DUA15	20.32	54.69	1.04	0.00	0.00	0.00	0.00
	DUA15	DUA16	4.79	188.63	-5.67	0.00	0.00	0.00	0.00
	DUA16	DQB36	5.65	188.51	12.59	0.00	0.00	0.00	0.00
	DUA15	DUA03	6.94	339.82	-3.35	0.00	0.00	0.00	0.00
	CEE03	DUB01	15.95	244.47	-5.75	0.00	0.00	0.00	0.00
	CEE03	CEE03a	11.14	267.57	-7.95	0.00	0.00	0.00	0.00
	CEE03	CIA14	13.18	242.02	-1.80	0.00	0.00	0.00	0.00
	CIA14	DUB02	1.91	176.02	-28.30	0.00	0.00	0.00	0.00
	DUB02	DUB02a	5.94	253.32	0.60	0.00	0.00	0.00	0.00
	CIA11	DUC03	16.62	232.62	-3.80	0.00	0.00	0.00	0.00
	DRC05a	DUC01	7.44	94.32	-3.40	0.00	0.00	0.00	0.00
	DUC01	DUC01a	6.50	137.22	-7.10	0.00	0.00	0.00	0.00
	DUC01	DUC01b	10.24	7.92	-7.10	0.00	0.00	0.00	0.00
	DUC01	DUB01	11.25	70.02	-5.75	0.00	0.00	0.00	0.00
	DRC05	DRC05a	6.61	47.62	-3.40	0.00	0.00	0.00	0.00
	DRC05	DUC02	10.59	92.22	-2.80	0.00	0.00	0.00	0.00
	DUC02	DUC02a	14.26	84.02	-4.70	0.00	0.00	0.00	0.00
	DRC17	DUC03	13.57	61.42	-14.80	0.00	0.00	0.00	0.00
	DUC03	CIA11	16.63	51.67	3.80	0.00	0.00	0.00	0.00
	DRC05	DRC06	11.49	345.42	0.10	0.00	0.00	0.00	0.00
	DUC01	DUC04	5.54	14.47	-8.85	0.00	0.00	0.00	0.00
	DUC04	DUC05	5.10	326.77	-1.30	0.00	0.00	0.00	0.00
	DUC05	DUC05a	4.39	19.22	5.30	0.00	0.00	0.00	0.00
	DUC05	DUC05b	6.54	317.42	1.30	0.00	0.00	0.00	0.00
	DUC05	DUC06	7.55	270.67	12.40	0.00	0.00	0.00	0.00
	DUC06	DUC07	3.18	202.62	-4.50	0.00	0.00	0.00	0.00
	DUC07	DRC06	5.56	277.92	4.15	0.00	0.00	0.00	0.00
	DUC07	DUC08	8.86	337.02	-7.70	0.00	0.00	0.00	0.00
	DUC08	DUC08a	5.31	79.42	-1.00	0.00	0.00	0.00	0.00
	CKB28	DVA01	7.07	282.52	-21.50	0.00	0.00	0.00	0.00
	DVA01	DVA01a	4.55	325.12	-4.10	0.00	0.00	0.00	0.00
	DSB04	DVB01	7.87	100.12	-4.40	0.00	0.00	0.00	0.00
	DTA21	DVB01	9.40	36.82	-2.30	0.00	0.00	0.00	0.00
	DTA21	DSB04	9.01	348.68	1.73	0.00	0.00	0.00	0.00
	DVB01	DVB01a	39.00	51.12	-0.30	0.00	0.00	0.00	0.00
	DTA21	DVB02	2.19	343.47	1.80	0.00	0.00	0.00	0.00
	DVB02	DVB02a	15.04	86.62	0.30	0.00	0.00	0.00	0.00
	DNE03	DTA06	14.79	139.07	0.90	0.00	0.00	0.00	0.00
	DNE03	DTA07	8.68	128.02	2.35	0.00	0.00	0.00	0.00
	DTA07	DVB03	11.77	235.72	-2.70	0.00	0.00	0.00	0.00
	DVB03	DTA03	5.87	112.92	2.05	0.00	0.00	0.00	0.00
	DDA26	DDA38	8.72	311.81	-0.07	0.00	0.00	0.00	0.00
	DDA26	DDA36	14.30	157.78	2.13	0.00	0.00	0.00	0.00
	DDA26	DDA25	10.72	226.72	-7.10	0.00	0.00	0.00	0.00
	DDA36	DDA41	15.56	46.56	-0.02	0.00	0.00	0.00	0.00
	DDA41	DDA40	6.06	339.02	-8.90	0.00	0.00	0.00	0.00
	DDA41	DXA01	9.28	172.90	-7.83	0.00	0.00	0.00	0.00
	DXA01	DXA02	8.98	152.37	-1.93	0.00	0.00	0.00	0.00
	DXA01	DXA03	19.02	46.61	3.17	0.00	0.00	0.00	0.00
	DXA03	DXA04	4.17	301.44	-11.28	0.00	0.00	0.00	0.00
	DXA04	DDA40	13.54	267.87	1.37	0.00	0.00	0.00	0.00
	DDA40	DDA39	9.16	306.57	-4.70	0.00	0.00	0.00	0.00
	DDA39	DBA43	10.59	347.37	11.36	0.00	0.00	0.00	0.00
	DDA39	DXA05	20.42	46.25	3.83	0.00	0.00	0.00	0.00
	DXA05	DBA43	17.88	255.60	2.10	0.00	0.00	0.00	0.00
	DXA06	DXA04	17.03	178.47	-2.45	0.00	0.00	0.00	0.00
	DXA05	DXA06	6.01	108.45	-3.22	0.00	0.00	0.00	0.00
	DXA06	DXA07	13.56	278.90	0.57	0.00	0.00	0.00	0.00
	DXA07	DXA08	4.22	8.18	-17.33	0.00	0.00	0.00	0.00
	DXA08	DXA09	21.14	59.09	0.76	0.00	0.00	0.00	0.00
	DXA09	DXA10	4.99	204.27	-0.41	0.00	0.00	0.00	0.00
	DXA10	DXA11	8.59	129.56	-1.03	0.00	0.00	0.00	0.00
	DXA11	DXA12	10.94	253.88	1.22	0.00	0.00	0.00	0.00
	DXA12	DXA06	4.00	169.83	13.51	0.00	0.00	0.00	0.00
	DXA09	DBA34	8.42	310.86	-0.24	0.00	0.00	0.00	0.00
	DXA10	DXA13	21.25	56.77	3.30	0.00	0.00	0.00	0.00
	DXA13	DTA01	3.59	189.77	-23.60	0.00	0.00	0.00	0.00
	DKB04	DKB05	8.92	122.22	2.95	0.00	0.00	0.00	0.00
	DKB04	DKB04c	9.68	55.22	-0.70	0.00	0.00	0.00	0.00
	DKB04	DKB04d	9.39	309.32	0.90	0.00	0.00	0.00	0.00
	DHB11	DHB11a	9.48	133.72	1.00	0.00	0.00	0.00	0.00
	DKB04	DXB01	7.75	305.27	3.35	0.00	0.00	0.00	0.00
	DXB01	DXB01a	7.26	55.72	-2.50	0.00	0.00	0.00	0.00
	DXB01	DHB11	3.14	317.02	-7.55	0.00	0.00	0.00	0.00
	DHB11	DMB06	6.40	323.77	3.40	0.00	0.00	0.00	0.00
	DHB11	DXB02	6.64	37.42	4.05	0.00	0.00	0.00	0.00
	DXB02	DXB02a	10.62	89.12	-2.60	0.00	0.00	0.00	0.00
	DXB02	DMB07	4.99	347.52	-2.00	0.00	0.00	0.00	0.00
	DMB06	DMB07	8.56	49.07	-0.50	0.00	0.00	0.00	0.00
	DTA01	DJB07	14.96	331.07	2.15	0.00	0.00	0.00	0.00
	DTA01	DNE03	20.63	59.82	0.90	0.00	0.00	0.00	0.00
	DNE03	DJB01	10.12	319.67	3.50	0.00	0.00	0.00	0.00
	C4A05	DXD01	4.53	113.47	5.95	0.00	0.00	0.00	0.00
	DXD01	DNF08	7.36	70.42	2.85	0.00	0.00	0.00	0.00
	DNF08	DXD02	3.64	283.72	-12.70	0.00	0.00	0.00	0.00
	DXD02	DXD03	4.44	349.37	-0.55	0.00	0.00	0.00	0.00
	DXD03	C4A06	8.84	245.92	-0.65	0.00	0.00	0.00	0.00
	DXD03	DXD04	3.41	292.52	-0.25	0.00	0.00	0.00	0.00
	DXD04	DXD05	3.62	356.07	-1.45	0.00	0.00	0.00	0.00
	DXD05	DXD06	12.34	259.37	-2.20	0.00	0.00	0.00	0.00
	DXD05	DXD07	6.06	326.07	0.45	0.00	0.00	0.00	0.00
	DXD07	C4A07	7.63	214.42	0.85	0.00	0.00	0.00	0.00
	C4A07	DXD06	4.59	259.52	-7.65	0.00	0.00	0.00	0.00
	DXD07	DXD07a	4.55	327.02	-5.60	0.00	0.00	0.00	0.00
	C4A07	DXD08	5.03	301.87	-0.55	0.00	0.00	0.00	0.00
	DXD08	DEA11	3.30	2.57	-3.15	0.00	0.00	0.00	0.00
	DXD04	DXD09	15.61	56.67	-0.05	0.00	0.00	0.00	0.00
	DXD09	DXD10	3.01	23.52	4.95	0.00	0.00	0.00	0.00
	DXD10	DNF15	6.96	75.17	-0.70	0.00	0.00	0.00	0.00
	CCB04	CCB04a	5.21	278.62	-13.60	0.00	0.00	0.00	0.00
	CCB04a	CCB04b	23.47	328.12	-0.30	0.00	0.00	0.00	0.00
	DMB09	DYB01	10.00	50.04	-1.70	0.00	0.00	0.00	0.00
	DYB01	DYB02	4.04	291.92	-1.15	0.00	0.00	0.00	0.00
	DYB02	DNF04	4.77	288.02	8.10	0.00	0.00	0.00	0.00
	DYB02	DYB03	6.95	348.12	-3.75	0.00	0.00	0.00	0.00
	DYB03	DNF05	9.91	255.42	3.30	0.00	0.00	0.00	0.00
	DYB01	DYB04	8.36	154.62	1.70	0.00	0.00	0.00	0.00
	DYB04	DYB04a	13.44	70.22	-2.40	0.00	0.00	0.00	0.00
	DYB04	DYB04b	8.83	227.32	-0.20	0.00	0.00	0.00	0.00
	DYB02	DYB02a	11.24	44.12	-1.70	0.00	0.00	0.00	0.00
	DYB03	DYB05	1.66	120.32	36.60	0.00	0.00	0.00	0.00
	DYB05	DYB05a	26.80	48.52	-1.40	0.00	0.00	0.00	0.00
	DYB01	DYB01a	14.90	67.62	-0.90	0.00	0.00	0.00	0.00
	DEA06	DEA08	7.19	72.82	-2.90	0.00	0.00	0.00	0.00
	DEA08	DYC01	4.49	18.32	-3.05	0.00	0.00	0.00	0.00
	DYC01	DYC04	4.42	48.67	3.35	0.00	0.00	0.00	0.00
	DYC01	DYC02	6.40	330.02	-0.80	0.00	0.00	0.00	0.00
	DYC02	DYC03	6.47	87.32	1.80	0.00	0.00	0.00	0.00
	DYC01	DYC01a	7.44	124.42	-0.30	0.00	0.00	0.00	0.00
	DYC03	DYC04	2.90	178.72	0.65	0.00	0.00	0.00	0.00
	DYC03	DYC03a	8.21	67.72	-2.00	0.00	0.00	0.00	0.00
	DYC04	DYC05	8.50	82.52	1.75	0.00	0.00	0.00	0.00
	DYC05	DYC06	4.58	16.92	-5.50	0.00	0.00	0.00	0.00
	DYC06	DYC06a	7.22	263.82	3.00	0.00	0.00	0.00	0.00
	DYC06	DYC06b	7.62	49.52	-4.40	0.00	0.00	0.00	0.00
	DYC06	DYC06c	7.51	70.62	-2.10	0.00	0.00	0.00	0.00
	DYC05	DYC07	8.11	214.42	-4.15	0.00	0.00	0.00	0.00
	DYC07	DYC08	3.55	273.62	2.25	0.00	0.00	0.00	0.00
	DYC08	DEA07	4.22	195.32	2.20	0.00	0.00	0.00	0.00
	DEA04	DYC02	10.85	58.47	1.35	0.00	0.00	0.00	0.00
	DEA07	DEA10	6.28	137.67	2.65	0.00	0.00	0.00	0.00
	DEA10	DYC09	7.62	46.17	-0.90	0.00	0.00	0.00	0.00
	DYC07	DYC09	6.05	123.97	1.10	0.00	0.00	0.00	0.00
	DYC07	DYC07a	9.01	75.32	-1.60	0.00	0.00	0.00	0.00
	DEA10	DEA10a	1.00	350.42	-90.00	0.00	0.00	0.00	0.00
	DEA10a	DEA10b	6.55	138.52	0.30	0.00	0.00	0.00	0.00
	DYC09	DYC14	4.00	173.07	0.85	0.00	0.00	0.00	0.00
	DYC14	DYC14a	8.70	75.02	-1.80	0.00	0.00	0.00	0.00
	DYC09	DYC10	7.13	158.12	4.65	0.00	0.00	0.00	0.00
	DYC10	DYC11	5.98	224.62	-4.25	0.00	0.00	0.00	0.00
	DYC11	DYC11a	8.24	328.82	-3.50	0.00	0.00	0.00	0.00
	DYC11	DYC12	5.69	280.87	-0.45	0.00	0.00	0.00	0.00
	DYC12	DYC13	3.97	204.27	5.25	0.00	0.00	0.00	0.00
	DYC13	C3C16	3.46	292.32	8.20	0.00	0.00	0.00	0.00
	CKB60	CKB52	7.00	244.52	2.60	0.00	0.00	0.00	0.00
	CKB52	CKB55	11.36	246.42	-1.70	0.00	0.00	0.00	0.00
	CKB55	CKB54	10.24	217.62	31.20	0.00	0.00	0.00	0.00
	CKB55	DZA01	9.52	257.42	5.70	0.00	0.00	0.00	0.00
	DZA01	DZA01a	7.25	301.92	-40.30	0.00	0.00	0.00	0.00
	CKB54	CKB53	24.51	93.52	1.50	0.00	0.00	0.00	0.00
	CKB53	CKB52	16.96	326.02	-20.30	0.00	0.00	0.00	0.00
	CKB54	DZA02	14.72	133.34	-14.96	0.00	0.00	0.00	0.00
	DZA02	DZA03	10.63	150.09	-18.44	0.00	0.00	0.00	0.00
	DZA03	DZA04	7.47	43.12	0.06	0.00	0.00	0.00	0.00
	DZA03	DZA03a	4.48	133.02	0.20	0.00	0.00	0.00	0.00
	DZA04	DZA05	11.39	76.31	0.01	0.00	0.00	0.00	0.00
	DZA05	DZA05a	9.34	335.22	9.30	0.00	0.00	0.00	0.00
	DZA05	DZA06	9.85	130.97	7.93	0.00	0.00	0.00	0.00
	DZA06	DZA07	18.60	102.27	10.34	0.00	0.00	0.00	0.00
	DZA06	DZA06a	11.45	166.12	1.00	0.00	0.00	0.00	0.00
	DZA07	DZA08	13.36	343.24	-6.17	0.00	0.00	0.00	0.00
	DZA05	DZA09	12.49	68.32	11.97	0.00	0.00	0.00	0.00
	DZA09	CKB56	7.42	42.36	1.34	0.00	0.00	0.00	0.00
	DZA08	CKB56	9.04	326.92	-4.00	0.00	0.00	0.00	0.00
	CKB56	CKB53	24.12	269.13	11.91	0.00	0.00	0.00	0.00
	CKB56	CKB57	11.52	319.07	-23.59	0.00	0.00	0.00	0.00
	CKB57	CKB59	11.87	329.50	10.36	0.00	0.00	0.00	0.00
	CKB57	CKB58	6.72	11.82	19.00	0.00	0.00	0.00	0.00
	CKB59	CKB60	13.88	259.77	4.99	0.00	0.00	0.00	0.00
	CKB59	CKB61	6.82	10.62	3.60	0.00	0.00	0.00	0.00
	DXA04	DZB01	9.73	357.22	-1.35	0.00	0.00	0.00	0.00
	DZB01	DZB02	15.55	61.42	0.65	0.00	0.00	0.00	0.00
	DZB02	DXA11	7.83	332.52	-2.70	0.00	0.00	0.00	0.00
	DXA11	DZB03	10.59	107.12	1.30	0.00	0.00	0.00	0.00
	DZB03	DZB03a	16.50	209.72	-1.40	0.00	0.00	0.00	0.00
	DZB03	DZB04	5.83	54.02	0.15	0.00	0.00	0.00	0.00
	DZB04	DTA05	5.67	40.47	-0.05	0.00	0.00	0.00	0.00
	DTA05	DTA02	5.29	346.42	0.60	0.00	0.00	0.00	0.00
	DTA02	DXA13	9.96	320.57	7.10	0.00	0.00	0.00	0.00
	DXA13	DZB05	6.91	223.77	-10.35	0.00	0.00	0.00	0.00
	DZB05	DJB08	12.67	321.82	3.05	0.00	0.00	0.00	0.00
	DJB08	DJB07	6.51	44.52	-1.70	0.00	0.00	0.00	0.00
	DJB07	DXA13	12.59	141.42	4.25	0.00	0.00	0.00	0.00
	DXA04	DZB06	16.71	59.97	-0.75	0.00	0.00	0.00	0.00
	DZB06	DZB02	8.83	351.37	1.20	0.00	0.00	0.00	0.00
	DZB06	DZB07	5.50	11.37	0.25	0.00	0.00	0.00	0.00
	DZB07	DZB07a	21.82	61.82	-1.50	0.00	0.00	0.00	0.00
	DZB06	DZB08	13.07	86.02	1.50	0.00	0.00	0.00	0.00
	DZB08	DZB04	15.20	347.82	-1.25	0.00	0.00	0.00	0.00
	DZB04	DZB09	9.48	110.32	3.35	0.00	0.00	0.00	0.00
	DZB09	DTA04	6.56	345.42	-3.05	0.00	0.00	0.00	0.00
	DZB09	DZB10	8.36	144.07	-0.65	0.00	0.00	0.00	0.00
	DZB10	DZB08	11.64	245.42	0.45	0.00	0.00	0.00	0.00
	CKB35	CKB35b	8.98	60.11	-16.10	0.00	0.00	0.00	0.00
	DZA07	D1A01	13.14	63.76	12.47	0.00	0.00	0.00	0.00
	DZA07	D1A02	7.26	126.61	-3.38	0.00	0.00	0.00	0.00
	D1A02	D1A03	12.11	115.68	4.78	0.00	0.00	0.00	0.00
	D1A03	D1A04	6.90	121.02	-0.30	0.00	0.00	0.00	0.00
	D1A03	D1A05	7.07	37.89	-2.47	0.00	0.00	0.00	0.00
	D1A04	D1A04a	11.87	101.92	-17.70	0.00	0.00	0.00	0.00
	D1A05	D1A05b	6.96	344.52	-26.80	0.00	0.00	0.00	0.00
	D1A05	D1A05a	9.67	76.82	1.20	0.00	0.00	0.00	0.00
	D1A02	D1A06	16.46	156.39	-4.79	0.00	0.00	0.00	0.00
	D1A06	D1A07	13.67	141.77	3.40	0.00	0.00	0.00	0.00
	D1A07	D1A07a	11.58	150.32	10.30	0.00	0.00	0.00	0.00
	D1A07	D1A08	9.84	45.56	-16.11	0.00	0.00	0.00	0.00
	D1A08	D1A08a	7.86	354.92	1.70	0.00	0.00	0.00	0.00
	D1A08	D1A09	13.64	125.77	2.29	0.00	0.00	0.00	0.00
	D1A09	D1A09a	7.13	246.32	-2.20	0.00	0.00	0.00	0.00
	D1A07	D1A10	22.62	76.05	-5.35	0.00	0.00	0.00	0.00
	D1A10	D1A11	9.11	332.63	1.98	0.00	0.00	0.00	0.00
	DZB09	D1B01	12.93	75.82	2.25	0.00	0.00	0.00	0.00
	D1B01	D1B01a	1.88	163.52	-82.10	0.00	0.00	0.00	0.00
	D1B01a	D1B01b	10.55	324.92	0.90	0.00	0.00	0.00	0.00
	D1B01	D1B02	8.85	61.07	-6.30	0.00	0.00	0.00	0.00
	D1B02	D1B03	5.38	10.22	1.65	0.00	0.00	0.00	0.00
	D1B03	DTA08	9.02	337.57	1.75	0.00	0.00	0.00	0.00
	DTA08	DTA09	3.96	106.62	-3.45	0.00	0.00	0.00	0.00
	DTA09	DTA09a	11.04	86.12	-2.60	0.00	0.00	0.00	0.00
	DTA09	DTA10	2.92	314.92	4.80	0.00	0.00	0.00	0.00
	DTA10	DTA10a	24.50	64.92	-1.70	0.00	0.00	0.00	0.00
	D1B03	D1B03a	9.24	50.42	-7.60	0.00	0.00	0.00	0.00
	D1B03	D1B04	9.46	106.82	-2.70	0.00	0.00	0.00	0.00
	D1B04	D1B04a	7.11	38.12	2.00	0.00	0.00	0.00	0.00
	D1B04	D1B04b	33.85	58.32	-1.50	0.00	0.00	0.00	0.00
	D1B04	D1B04c	28.65	157.42	-1.10	0.00	0.00	0.00	0.00
	D1B01	D1B01c	6.23	69.72	-10.20	0.00	0.00	0.00	0.00
	D1B01	D1B01d	5.20	142.02	-10.60	0.00	0.00	0.00	0.00
	D1B01	D1B01e	11.52	160.32	-1.30	0.00	0.00	0.00	0.00
	D1B01	D1B05	8.69	135.07	-6.40	0.00	0.00	0.00	0.00
	D1B05	D1B06	5.88	184.12	-2.05	0.00	0.00	0.00	0.00
	D1B06	D1B06a	18.91	67.62	-1.10	0.00	0.00	0.00	0.00
	D1B06	D1B06b	13.32	139.72	-2.70	0.00	0.00	0.00	0.00
	D1B05	D1B07	15.36	244.67	0.95	0.00	0.00	0.00	0.00
	D1B07	DZB10	2.84	3.87	0.01	0.00	0.00	0.00	0.00
	D1B07	D1B08	6.90	128.07	-2.75	0.00	0.00	0.00	0.00
	D1B08	D1B08a	1.24	102.22	-88.10	0.00	0.00	0.00	0.00
	D1B08a	D1B08b	9.41	50.72	5.70	0.00	0.00	0.00	0.00
	D1B08	D1B08c	14.22	199.42	-1.60	0.00	0.00	0.00	0.00
	D1B08	D1B09	5.98	171.77	1.05	0.00	0.00	0.00	0.00
	D1B09	D1B10	5.43	122.72	-5.30	0.00	0.00	0.00	0.00
	D1B10	D1B10a	12.29	45.52	0.40	0.00	0.00	0.00	0.00
	D1B10	D1B10b	9.52	151.02	-0.70	0.00	0.00	0.00	0.00
	D1B10	D1B10c	13.34	153.32	-3.20	0.00	0.00	0.00	0.00
	DNC14	D1C01	4.23	153.22	16.05	0.00	0.00	0.00	0.00
	D1C01	D1C02	6.68	28.59	-10.53	0.00	0.00	0.00	0.00
	D1C02	DNC13	2.24	132.52	10.85	0.00	0.00	0.00	0.00
	D1C01	D1C01a	11.92	142.82	-4.50	0.00	0.00	0.00	0.00
	D1C01	D1C01b	8.58	224.52	-4.40	0.00	0.00	0.00	0.00
	D1C02	D1C03	4.63	178.37	-1.05	0.00	0.00	0.00	0.00
	D1C03	D1C04	3.52	58.52	7.00	0.00	0.00	0.00	0.00
	D1C02	D1C04	4.07	129.62	4.40	0.00	0.00	0.00	0.00
	D1C02	D1C05	3.49	59.92	16.95	0.00	0.00	0.00	0.00
	D1C05	D1C06	6.43	85.27	-8.45	0.00	0.00	0.00	0.00
	D1C06	D1C07	6.61	103.72	-1.85	0.00	0.00	0.00	0.00
	D1C07	D1C08	10.32	15.27	0.80	0.00	0.00	0.00	0.00
	D1C08	D1C09	6.01	295.17	8.65	0.00	0.00	0.00	0.00
	D1C09	D1C10	1.56	68.52	-40.90	0.00	0.00	0.00	0.00
	D1C09	D1C11	6.54	229.27	-11.25	0.00	0.00	0.00	0.00
	D1C11	DNC06	8.33	337.07	3.70	0.00	0.00	0.00	0.00
	D1C10	DNC07	9.72	270.47	3.90	0.00	0.00	0.00	0.00
	DTB11	EAA01	4.45	165.53	1.47	0.00	0.00	0.00	0.00
	EAA01	DTB13	8.58	77.62	5.30	0.00	0.00	0.00	0.00
	EAA01	EAA01a	15.03	225.67	-1.77	0.00	0.00	0.00	0.00
	EAA01	EAA02	5.72	132.71	5.15	0.00	0.00	0.00	0.00
	EAA01	EAA05	15.09	225.32	-1.50	0.00	0.00	0.00	0.00
	EAA02	EAA03	4.41	192.42	-15.11	0.00	0.00	0.00	0.00
	EAA03	EAA03a	6.79	140.22	7.90	0.00	0.00	0.00	0.00
	EAA03	EAA04	2.50	229.97	6.48	0.00	0.00	0.00	0.00
	EAA04	EAA06	8.95	249.63	2.84	0.00	0.00	0.00	0.00
	EAA06	EAA07	15.94	326.52	6.30	0.00	0.00	0.00	0.00
	EAA06	EAA05	4.23	301.64	-7.86	0.00	0.00	0.00	0.00
	EAA06	EAA08	9.06	154.34	7.36	0.00	0.00	0.00	0.00
	EAA08	EAA09	11.67	76.84	23.19	0.00	0.00	0.00	0.00
	EAA07	DTB06	4.20	218.72	4.40	0.00	0.00	0.00	0.00
	DGA07	EAB01	5.11	269.97	-0.45	0.00	0.00	0.00	0.00
	EAB01	EAB02	5.30	323.92	-1.25	0.00	0.00	0.00	0.00
	EAB02	EAB03	5.63	348.12	-2.50	0.00	0.00	0.00	0.00
	EAB03	EAB04	8.80	239.32	0.80	0.00	0.00	0.00	0.00
	EAB03	EAB03a	7.45	307.92	7.00	0.00	0.00	0.00	0.00
	EAB04	EAB05	7.27	203.72	-0.40	0.00	0.00	0.00	0.00
	EAB05	EAB06	6.92	212.17	-0.05	0.00	0.00	0.00	0.00
	EAB06	EAB06a	4.79	159.52	-6.90	0.00	0.00	0.00	0.00
	EAB06	EAB06b	7.93	238.42	2.80	0.00	0.00	0.00	0.00
	EAB05	EAB05a	7.40	256.12	-2.90	0.00	0.00	0.00	0.00
	EAB05	C4B08	9.37	96.97	-0.45	0.00	0.00	0.00	0.00
	EAB04	C4B08	10.20	140.07	-0.30	0.00	0.00	0.00	0.00
	EAB02	C4B08	7.12	197.22	-1.50	0.00	0.00	0.00	0.00
	EAB04	EAB07	5.72	289.87	1.35	0.00	0.00	0.00	0.00
	EAB07	EAB07a	12.17	233.12	-3.40	0.00	0.00	0.00	0.00
	EAB07	EAB08	2.89	322.67	-16.15	0.00	0.00	0.00	0.00
	EAB08	EAB09	4.28	67.87	9.85	0.00	0.00	0.00	0.00
	EAB07	EAB10	3.36	217.52	7.05	0.00	0.00	0.00	0.00
	EAB07	EAB11	6.62	259.12	-2.50	0.00	0.00	0.00	0.00
	EAB11	EAB12	3.13	309.42	5.40	0.00	0.00	0.00	0.00
	EAB12	EAB13	2.84	0.37	0.40	0.00	0.00	0.00	0.00
	EAB13	EAB14	3.24	69.67	2.60	0.00	0.00	0.00	0.00
	EAB14	EAB10	8.32	151.77	2.05	0.00	0.00	0.00	0.00
	EAB09	EAB15	3.48	332.06	10.75	0.00	0.00	0.00	0.00
	EAB15	EAB15a	10.44	89.92	-0.60	0.00	0.00	0.00	0.00
	EAB15	EAB14	6.97	253.52	-3.70	0.00	0.00	0.00	0.00
	EAB15	EAB16	2.38	247.02	3.15	0.00	0.00	0.00	0.00
	EAB16	EAB16a	8.32	26.92	-0.50	0.00	0.00	0.00	0.00
	EAB09	EAB04	6.40	151.57	-0.85	0.00	0.00	0.00	0.00
	EAB12	EAB17	4.20	244.62	-5.10	0.00	0.00	0.00	0.00
	EAB17	EAB17a	7.35	136.02	-2.90	0.00	0.00	0.00	0.00
	DZA06	EBA01	12.74	231.27	10.00	0.00	0.00	0.00	0.00
	EBA01	EBA02	14.64	291.37	-18.00	0.00	0.00	0.00	0.00
	EBA02	DZA03	1.69	315.22	27.50	0.00	0.00	0.00	0.00
	EBA01	EBA03	13.34	242.85	-8.37	0.00	0.00	0.00	0.00
	EBA03	EBA04	6.22	131.42	-1.25	0.00	0.00	0.00	0.00
	EBA03	EBA03a	10.33	251.22	4.80	0.00	0.00	0.00	0.00
	EBA04	EBA05	13.34	141.22	5.85	0.00	0.00	0.00	0.00
	EBA05	EBA06	9.93	39.12	-7.35	0.00	0.00	0.00	0.00
	EBA06	EBA07	8.80	79.77	2.25	0.00	0.00	0.00	0.00
	EBA07	EBA08	4.46	341.97	-16.15	0.00	0.00	0.00	0.00
	EBA08	EBA08a	9.17	339.12	8.80	0.00	0.00	0.00	0.00
	EBA07	EBA09	8.81	83.47	3.35	0.00	0.00	0.00	0.00
	EBA09	D1A02	13.29	39.97	8.65	0.00	0.00	0.00	0.00
	EBA09	EBA10	8.11	153.32	-3.15	0.00	0.00	0.00	0.00
	EBA06	EBA11	13.85	150.22	-2.90	0.00	0.00	0.00	0.00
	EBA11	EBA12	9.83	136.47	5.95	0.00	0.00	0.00	0.00
	EBA12	EBA12a	12.46	244.62	32.70	0.00	0.00	0.00	0.00
	EBA04	EBA13	22.41	174.97	-1.55	0.00	0.00	0.00	0.00
	EBA13	EBA14	4.63	148.77	9.85	0.00	0.00	0.00	0.00
	EBA14	EBA14a	14.50	143.42	57.00	0.00	0.00	0.00	0.00
	EBA04	EBA15	9.47	217.34	0.85	0.00	0.00	0.00	0.00
	EBA15	EBA16	7.74	282.77	-6.45	0.00	0.00	0.00	0.00
	EBA16	EBA16a	9.89	351.62	-14.90	0.00	0.00	0.00	0.00
	EBA16	EBA16b	6.00	240.42	0.00	0.00	0.00	0.00	0.00
	EBA16b	EBA16c	9.39	161.42	-10.30	0.00	0.00	0.00	0.00
	EBA16b	EBA16d	12.39	220.42	-34.80	0.00	0.00	0.00	0.00
	CLB07	EBA17	13.13	130.72	0.30	0.00	0.00	0.00	0.00
	EBA17	EBA18	14.55	66.42	-9.55	0.00	0.00	0.00	0.00
	EBA18	EBA18a	17.28	168.22	-17.10	0.00	0.00	0.00	0.00
	EBA18	DJA10	9.97	294.62	9.50	0.00	0.00	0.00	0.00
	DJA10	DJA09	21.84	66.72	-3.20	0.00	0.00	0.00	0.00
	DJA09	EBA19	21.74	160.87	-6.30	0.00	0.00	0.00	0.00
	EBA19	EBA19a	6.38	175.82	2.70	0.00	0.00	0.00	0.00
	DJA08	EBA20	12.45	153.72	-6.15	0.00	0.00	0.00	0.00
	EBA20	EBA21	9.36	110.67	-1.35	0.00	0.00	0.00	0.00
	CZB13a	EBB01	10.85	50.42	-0.85	0.00	0.00	0.00	0.00
	EBB01	EBB02	6.97	164.62	-1.45	0.00	0.00	0.00	0.00
	EBB02	C3C11	1.55	254.62	4.95	0.00	0.00	0.00	0.00
	EBB02	C3C14	10.76	56.07	1.10	0.00	0.00	0.00	0.00
	C3C14	EBB03	0.50	350.42	-90.00	0.00	0.00	0.00	0.00
	EBB03	EBB03a	31.22	147.22	0.10	0.00	0.00	0.00	0.00
	EBB03	EBB04	5.89	323.12	1.00	0.00	0.00	0.00	0.00
	EBB04	EBB04a	8.56	327.22	0.80	0.00	0.00	0.00	0.00
	EBB04	EBB04b	4.04	49.12	1.90	0.00	0.00	0.00	0.00
	EBB01	EBB04	8.38	62.72	-5.30	0.00	0.00	0.00	0.00
	D1C05	D1C11	9.32	37.47	-8.20	0.00	0.00	0.00	0.00
	D1C08	EBC01	1.99	239.92	3.30	0.00	0.00	0.00	0.00
	D1C06	EBC01	10.86	50.22	0.15	0.00	0.00	0.00	0.00
	D1C11	EBC02	1.84	133.32	-0.75	0.00	0.00	0.00	0.00
	EBC02	EBC02a	2.96	145.02	1.60	0.00	0.00	0.00	0.00
	D1C01	EBC03	1.50	88.97	-44.48	0.00	0.00	0.00	0.00
	EBC03	EBC04	7.04	155.32	0.70	0.00	0.00	0.00	0.00
	EBC04	EBC04a	7.91	234.82	0.70	0.00	0.00	0.00	0.00
	EBC04	EBC04b	3.92	19.22	1.30	0.00	0.00	0.00	0.00
	DZB08	EBD01	7.65	133.27	-3.20	0.00	0.00	0.00	0.00
	EBD01	EBD02	13.50	237.22	-3.35	0.00	0.00	0.00	0.00
	EBD02	EBD02a	14.97	152.02	1.20	0.00	0.00	0.00	0.00
	EBD02	EBD03	7.39	283.72	11.25	0.00	0.00	0.00	0.00
	EBD03	DZB06	9.96	358.12	-3.70	0.00	0.00	0.00	0.00
	EBD02	EBD04	6.90	220.12	2.35	0.00	0.00	0.00	0.00
	EBD04	EBD05	8.71	233.42	-1.30	0.00	0.00	0.00	0.00
	EBD05	EBD06	4.22	326.67	11.20	0.00	0.00	0.00	0.00
	EBD06	DXA02	18.92	227.82	-0.15	0.00	0.00	0.00	0.00
	EBD06	DXA03	9.16	332.57	5.85	0.00	0.00	0.00	0.00
	EBD06	EBD07	6.24	16.17	8.15	0.00	0.00	0.00	0.00
	EBD07	EBD03	5.85	62.67	-2.60	0.00	0.00	0.00	0.00
	D1B05	ECA06	12.01	166.92	-0.35	0.00	0.00	0.00	0.00
	ECA06	ECA07	14.89	137.62	-2.30	0.00	0.00	0.00	0.00
	D1B08	ECA02	6.80	147.87	2.15	0.00	0.00	0.00	0.00
	ECA06	ECA08	3.21	186.87	-7.85	0.00	0.00	0.00	0.00
	ECA08	ECA09	7.05	245.37	0.65	0.00	0.00	0.00	0.00
	ECA09	D1B10	2.12	159.12	-0.80	0.00	0.00	0.00	0.00
	ECA02	ECA01	13.06	238.52	-1.55	0.00	0.00	0.00	0.00
	ECA01	ECA03	7.26	146.12	-1.50	0.00	0.00	0.00	0.00
	D1B04	D1B04d	34.03	60.02	-1.40	0.00	0.00	0.00	0.00
	D1B10	D1B10d	9.53	151.62	-5.30	0.00	0.00	0.00	0.00
	D1B10d	D1B10e	5.08	152.12	3.50	0.00	0.00	0.00	0.00
	ECA03	ECA04	3.65	192.62	-0.45	0.00	0.00	0.00	0.00
	ECA04	ECA05	3.98	147.47	6.40	0.00	0.00	0.00	0.00
	ECA05	ECA05a	6.21	242.12	3.10	0.00	0.00	0.00	0.00
	ECA05	ECA05b	9.59	132.62	5.80	0.00	0.00	0.00	0.00
	ECA05	ECA05c	12.74	89.02	1.90	0.00	0.00	0.00	0.00
	ECA01	EBD01	9.91	344.42	0.05	0.00	0.00	0.00	0.00
	DLA06	EDA01	18.15	205.62	-5.39	0.00	0.00	0.00	0.00
	EDA01	EDA02	8.24	291.72	-10.70	0.00	0.00	0.00	0.00
	DLA06	EDA03	19.24	252.71	-8.19	0.00	0.00	0.00	0.00
	EDA03	EDA02	8.15	158.95	-2.90	0.00	0.00	0.00	0.00
	EDA02	EDA02a	7.63	244.89	14.61	0.00	0.00	0.00	0.00
	EDA02	EDA04	15.61	149.96	-0.12	0.00	0.00	0.00	0.00
	DLA06	EDA07	18.86	169.52	-6.88	0.00	0.00	0.00	0.00
	EDA07	EDA06	5.01	303.52	9.33	0.00	0.00	0.00	0.00
	EDA06	EDA05	10.67	173.73	1.09	0.00	0.00	0.00	0.00
	EDA07	EDA07a	10.85	88.52	0.22	0.00	0.00	0.00	0.00
	EDA04	EDA05	8.37	86.90	14.68	0.00	0.00	0.00	0.00
	EDA05	EDA05a	14.11	122.78	35.48	0.00	0.00	0.00	0.00
	EDA04	EDA04a	16.69	285.03	17.21	0.00	0.00	0.00	0.00
	DLA06	EDA09	4.36	42.61	-2.42	0.00	0.00	0.00	0.00
	EDA09	EDA08	5.56	5.50	-7.07	0.00	0.00	0.00	0.00
	EDA09	EDA10	12.43	79.64	2.05	0.00	0.00	0.00	0.00
	EDA10	EDA11	6.06	136.35	1.04	0.00	0.00	0.00	0.00
	EDA10	EDA12	12.60	161.45	-8.41	0.00	0.00	0.00	0.00
	EDA10	EDA13	5.12	283.37	-28.70	0.00	0.00	0.00	0.00
	EDA12	EDA12a	5.57	153.98	-20.07	0.00	0.00	0.00	0.00
	DLA06	DLA05	11.16	344.97	-5.09	0.00	0.00	0.00	0.00
	DLA05	EDA14	12.59	74.33	-6.84	0.00	0.00	0.00	0.00
	EDA14	EDA13	7.99	168.39	1.26	0.00	0.00	0.00	0.00
	EDA14	EDA15	8.67	39.96	5.05	0.00	0.00	0.00	0.00
	EDA15	EDA16	4.65	81.00	-8.86	0.00	0.00	0.00	0.00
	DNF12	EDB01	12.29	42.27	0.25	0.00	0.00	0.00	0.00
	EDB01	EDB02	2.65	138.87	1.45	0.00	0.00	0.00	0.00
	EDB01	EDB03	3.79	171.37	0.15	0.00	0.00	0.00	0.00
	EDB03	EDB03a	18.27	139.12	-3.20	0.00	0.00	0.00	0.00
	EDB01	EDB04	4.09	106.58	0.30	0.00	0.00	0.00	0.00
	EDB04	EDB04a	17.08	50.72	-2.50	0.00	0.00	0.00	0.00
	EDB01	EDB05	2.49	276.07	2.35	0.00	0.00	0.00	0.00
	EDB05	EDB05a	15.77	42.02	-1.00	0.00	0.00	0.00	0.00
	EDB05	DNF13	8.98	246.07	0.15	0.00	0.00	0.00	0.00
	EDB05	EDB06	5.79	332.82	-3.55	0.00	0.00	0.00	0.00
	EDB06	EDB07	2.47	224.27	0.30	0.00	0.00	0.00	0.00
	EDB07	EDB08	7.56	347.92	-1.05	0.00	0.00	0.00	0.00
	EDB06	EDB06a	8.48	55.32	-5.90	0.00	0.00	0.00	0.00
	EDB07	EDB07a	10.93	240.32	-2.90	0.00	0.00	0.00	0.00
	EDB08	EDB08a	13.59	224.12	-3.60	0.00	0.00	0.00	0.00
	EDB08	EDB09	7.49	265.02	3.00	0.00	0.00	0.00	0.00
	EDB09	EDB09a	7.65	172.22	-6.70	0.00	0.00	0.00	0.00
	EDB08	EDB08b	7.31	69.22	-3.80	0.00	0.00	0.00	0.00
	EDB09	EDB10	5.59	263.12	-3.70	0.00	0.00	0.00	0.00
	EDB10	EDB11	9.79	199.57	0.30	0.00	0.00	0.00	0.00
	EDB11	EDB11a	7.73	296.52	-2.70	0.00	0.00	0.00	0.00
	EDB11	DNF15	2.21	322.47	-2.05	0.00	0.00	0.00	0.00
	EDB10	EDB12	6.21	245.72	-0.35	0.00	0.00	0.00	0.00
	EDB09	EDB09b	8.29	306.02	-6.40	0.00	0.00	0.00	0.00
	EDB12	EDB13	3.60	248.87	2.30	0.00	0.00	0.00	0.00
	EDB13	EDB11	7.80	132.07	0.55	0.00	0.00	0.00	0.00
	EDB11	DXD10	8.03	270.02	0.40	0.00	0.00	0.00	0.00
	DXD10	EDB14	9.67	253.12	-1.60	0.00	0.00	0.00	0.00
	EDB14	EDB14a	8.78	131.52	-4.10	0.00	0.00	0.00	0.00
	EDB14	EDB15	4.06	350.02	7.95	0.00	0.00	0.00	0.00
	EDB15	DXD07	8.54	244.97	-4.00	0.00	0.00	0.00	0.00
	EAB03	EDD01	8.35	37.57	1.30	0.00	0.00	0.00	0.00
	EDD01	EDD02	8.99	156.32	-1.20	0.00	0.00	0.00	0.00
	EDD02	EAB02	8.46	243.07	1.40	0.00	0.00	0.00	0.00
	EDD01	EDD03	11.84	309.02	-1.80	0.00	0.00	0.00	0.00
	EDD03	EDD04	4.68	302.77	6.10	0.00	0.00	0.00	0.00
	EDD04	EDD05	4.53	25.57	-0.30	0.00	0.00	0.00	0.00
	EDD05	EDD06	9.13	100.12	-1.40	0.00	0.00	0.00	0.00
	EDD06	EDD07	3.81	165.92	1.50	0.00	0.00	0.00	0.00
	EDD07	EDD03	7.99	260.62	-3.30	0.00	0.00	0.00	0.00
	D1C07	EDE01	4.78	219.47	1.95	0.00	0.00	0.00	0.00
	EDE02	EDE03	9.26	329.92	-1.20	0.00	0.00	0.00	0.00
	EDE03	D1C05	2.92	205.82	8.05	0.00	0.00	0.00	0.00
	D1C05	D1C07	12.84	94.42	-4.90	0.00	0.00	0.00	0.00
	EDE01	EDE1.5	2.96	242.32	2.95	0.00	0.00	0.00	0.00
	EDE03	EDE03a	15.85	152.02	0.10	0.00	0.00	0.00	0.00
	D1C07	EDE04	4.07	126.27	9.20	0.00	0.00	0.00	0.00
	EDE04	EDE04a	9.78	148.12	-7.80	0.00	0.00	0.00	0.00
	EDE04	EDE04b	6.60	160.42	-11.20	0.00	0.00	0.00	0.00
	EDE04	EDE05	9.68	216.42	2.65	0.00	0.00	0.00	0.00
	EDE05	EDE05a	4.45	140.02	-3.40	0.00	0.00	0.00	0.00
	EDE05	EDE05b	2.21	275.02	5.40	0.00	0.00	0.00	0.00
	D1C01	EDE06	5.31	162.42	-0.40	0.00	0.00	0.00	0.00
	EDE06	EDE06a	13.94	68.82	0.70	0.00	0.00	0.00	0.00
	EDE06	EDE07	1.97	175.47	14.80	0.00	0.00	0.00	0.00
	EDE07	EDE08	5.10	244.32	-3.15	0.00	0.00	0.00	0.00
	EDE06	EDE09	6.47	134.82	-2.05	0.00	0.00	0.00	0.00
	EDE09	EDE09a	4.39	134.12	-5.70	0.00	0.00	0.00	0.00
	EDE09	EDE10	5.73	241.97	4.00	0.00	0.00	0.00	0.00
	EDE10	EDE08	4.71	309.37	0.20	0.00	0.00	0.00	0.00
	EDE08	EDE08a	9.21	274.32	4.00	0.00	0.00	0.00	0.00
	EDE10	EDE11	2.68	183.82	-5.75	0.00	0.00	0.00	0.00
	EDE11	EDE12	7.16	243.72	2.00	0.00	0.00	0.00	0.00
	EDE12	EDE13	3.00	357.97	0.15	0.00	0.00	0.00	0.00
	EDE13	EDE08	6.37	28.32	-0.20	0.00	0.00	0.00	0.00
	EDE13	EDE14	4.25	318.12	0.80	0.00	0.00	0.00	0.00
	EDE14	EDE14a	6.51	211.82	-14.00	0.00	0.00	0.00	0.00
	EDE14	EDE15	3.50	290.22	0.85	0.00	0.00	0.00	0.00
	EDE15	EDE15a	7.85	50.72	1.60	0.00	0.00	0.00	0.00
	EDE15	EDE16	8.17	223.37	0.45	0.00	0.00	0.00	0.00
	EDE16	EDE16a	7.42	330.02	-15.30	0.00	0.00	0.00	0.00
	EDE16	EDE16b	3.81	137.42	-12.80	0.00	0.00	0.00	0.00
	CKB16	CKB16a	7.55	150.12	5.40	0.00	0.00	0.00	0.00
	DTB13	EEA01	6.24	102.39	12.95	0.00	0.00	0.00	0.00
	EEA01	EEA02	5.77	209.93	-22.43	0.00	0.00	0.00	0.00
	EEA02	EAA03	9.37	244.18	-3.33	0.00	0.00	0.00	0.00
	EEA02	EEA03	7.36	149.35	9.21	0.00	0.00	0.00	0.00
	EEA03	EEA04	8.97	266.69	-1.00	0.00	0.00	0.00	0.00
	EEA03	EEA03a	9.30	88.22	27.70	0.00	0.00	0.00	0.00
	EEA04	EAA03	4.39	311.56	-22.86	0.00	0.00	0.00	0.00
	EEA01	EEA05	6.50	105.50	-18.82	0.00	0.00	0.00	0.00
	EEA05	EEA06	10.29	42.72	5.17	0.00	0.00	0.00	0.00
	EEA06	DXA02	2.98	118.49	-17.74	0.00	0.00	0.00	0.00
	DXA02	EEA08	9.22	129.15	13.02	0.00	0.00	0.00	0.00
	EEA08	EEA07	10.19	230.08	-1.65	0.00	0.00	0.00	0.00
	EEA07	EEA05	10.66	305.40	-9.90	0.00	0.00	0.00	0.00
	EEA09	EEA07	8.81	44.62	-25.21	0.00	0.00	0.00	0.00
	EEA09	EEA09a	21.82	143.72	1.10	0.00	0.00	0.00	0.00
	EEA09	EAA09	16.83	251.29	0.48	0.00	0.00	0.00	0.00
	EEA08	EEA10	15.55	40.69	-2.91	0.00	0.00	0.00	0.00
	EEA10	EBD05	3.96	344.17	-30.41	0.00	0.00	0.00	0.00
	C3C16	DEA11	7.87	131.02	-6.30	0.00	0.00	0.00	0.00
	DEA11	DEA11a	7.32	54.42	-1.70	0.00	0.00	0.00	0.00
	DXD07	DEA11a	4.85	328.32	-0.50	0.00	0.00	0.00	0.00
	EEB01	DEA11	15.39	232.27	-1.00	0.00	0.00	0.00	0.00
	DEA11	DXD08	3.27	187.32	3.20	0.00	0.00	0.00	0.00
	C3C16	DYC13	3.46	111.32	-9.10	0.00	0.00	0.00	0.00
	EEB01	DYC10	4.01	292.17	4.80	0.00	0.00	0.00	0.00
	EEB01	EEB02	5.68	163.87	3.25	0.00	0.00	0.00	0.00
	EEB02	EDB15	2.34	87.32	1.15	0.00	0.00	0.00	0.00
	EEB03	EEB03a	8.63	21.32	0.10	0.00	0.00	0.00	0.00
	EEB03	EEB03b	5.55	83.42	-4.30	0.00	0.00	0.00	0.00
	EEB01	EEB01a	9.66	89.42	-4.30	0.00	0.00	0.00	0.00
	EEB02	EEB03	12.88	62.82	-2.00	0.00	0.00	0.00	0.00
	EEB03	EDB12	6.52	94.77	2.00	0.00	0.00	0.00	0.00
	EEB03	EEB04	7.66	15.02	0.10	0.00	0.00	0.00	0.00
	EEB04	EEB05	5.53	170.02	-0.65	0.00	0.00	0.00	0.00
	EEB05	EDB12	4.44	124.62	3.70	0.00	0.00	0.00	0.00
	EEB05	EEB05a	14.04	52.72	-1.30	0.00	0.00	0.00	0.00
	EEB04	EEB06	2.98	268.07	3.20	0.00	0.00	0.00	0.00
	EEB04	EEB04a	2.21	121.47	6.20	0.00	0.00	0.00	0.00
	EEB04a	EEB04b	22.05	43.42	-0.90	0.00	0.00	0.00	0.00
	EEB06	EEB06a	13.01	37.02	-1.00	0.00	0.00	0.00	0.00
	EEB06	EEB06b	8.67	235.62	-6.00	0.00	0.00	0.00	0.00
	EEB06	EEB07	3.39	5.62	0.30	0.00	0.00	0.00	0.00
	EEB07	EEB07a	5.01	234.97	-1.15	0.00	0.00	0.00	0.00
	EEB07a	EEB07b	5.95	319.72	-5.70	0.00	0.00	0.00	0.00
	EEB07	DYC10	18.70	239.17	1.10	0.00	0.00	0.00	0.00
	EBD05	EFA01	10.91	144.77	3.59	0.00	0.00	0.00	0.00
	EFA01	EFA01a	13.35	159.97	-1.16	0.00	0.00	0.00	0.00
	EFA01	EFA02	9.93	77.17	-3.57	0.00	0.00	0.00	0.00
	EFA02	EFA02a	6.86	101.02	13.72	0.00	0.00	0.00	0.00
	EEA08	EFA03	8.60	170.24	-2.38	0.00	0.00	0.00	0.00
	EFA03	EFA03a	19.26	85.67	-1.46	0.00	0.00	0.00	0.00
	EDA12	EFA04	8.74	60.82	1.66	0.00	0.00	0.00	0.00
	EFA04	EFA05	6.17	56.74	-5.41	0.00	0.00	0.00	0.00
	EFA04	EFA04a	14.95	81.01	1.30	0.00	0.00	0.00	0.00
	EFA05	EFA06	7.19	26.16	-5.19	0.00	0.00	0.00	0.00
	EFA05	EFA07	18.39	322.08	0.14	0.00	0.00	0.00	0.00
	EFA07	EDA16	6.35	346.30	-3.28	0.00	0.00	0.00	0.00
	EDA16	EFA08	13.41	71.61	-0.25	0.00	0.00	0.00	0.00
	EFA08	EAA08	3.37	339.17	21.49	0.00	0.00	0.00	0.00
	EFA08	EFA09	5.50	149.82	10.68	0.00	0.00	0.00	0.00
	EFA09	EFA09a	9.22	233.70	-5.58	0.00	0.00	0.00	0.00
	EFA09	EFA09b	8.56	3.74	24.37	0.00	0.00	0.00	0.00
	EFA09	EFA10	7.37	158.01	-6.23	0.00	0.00	0.00	0.00
	EFA10	EFA10a	10.27	250.40	0.10	0.00	0.00	0.00	0.00
	EFA10	EFA11	11.06	130.95	-1.49	0.00	0.00	0.00	0.00
	EFA11	EFA06	10.52	273.52	0.88	0.00	0.00	0.00	0.00
	EFA06	EFA06a	11.71	158.21	9.77	0.00	0.00	0.00	0.00
	DYC02	EFB01	3.71	297.67	0.95	0.00	0.00	0.00	0.00
	EFB01	EFB02	5.19	342.07	2.05	0.00	0.00	0.00	0.00
	EFB02	DEA05	13.52	250.27	-2.60	0.00	0.00	0.00	0.00
	DEA05	EFB01a	9.56	142.82	-0.70	0.00	0.00	0.00	0.00
	EFB01	EFB01a	10.84	229.72	-2.70	0.00	0.00	0.00	0.00
	EFB01	EFB01b	11.45	60.62	-0.20	0.00	0.00	0.00	0.00
	EFB01	EFB04	6.59	52.37	0.40	0.00	0.00	0.00	0.00
	EFB04	EFB03	6.56	339.42	3.45	0.00	0.00	0.00	0.00
	EFB03	EFB02	6.89	221.42	-0.95	0.00	0.00	0.00	0.00
	EFB02	EFB05	9.15	311.12	0.25	0.00	0.00	0.00	0.00
	EFB05	DEA01	9.32	217.92	-1.80	0.00	0.00	0.00	0.00
	EFB05	EFB05a	5.60	3.22	-12.60	0.00	0.00	0.00	0.00
	EFB05	EFB06	8.90	60.02	-3.40	0.00	0.00	0.00	0.00
	EFB06	EFB10	6.54	94.92	0.00	0.00	0.00	0.00	0.00
	EFB06	EFB07	8.68	322.27	3.10	0.00	0.00	0.00	0.00
	EFB03	EFB09	2.45	70.27	-18.50	0.00	0.00	0.00	0.00
	EFB09	EFB10	3.99	11.67	5.35	0.00	0.00	0.00	0.00
	EFB07	EFB08	4.91	249.97	-1.55	0.00	0.00	0.00	0.00
	EFB08	DBB14	2.36	281.12	4.30	0.00	0.00	0.00	0.00
	EFB08	EFB11	14.79	230.02	0.65	0.00	0.00	0.00	0.00
	EFB11	DBB19	1.85	152.17	-9.95	0.00	0.00	0.00	0.00
	DBB14	EFB12	6.14	20.62	0.85	0.00	0.00	0.00	0.00
	EFB12	EFB07	6.69	132.07	-0.70	0.00	0.00	0.00	0.00
	EFB12	EFB13	2.41	331.77	-5.75	0.00	0.00	0.00	0.00
	EFB13	EFB14	3.64	234.57	-5.65	0.00	0.00	0.00	0.00
	DBB15	EFB14	2.34	142.02	-11.10	0.00	0.00	0.00	0.00
	EFB12	EFB15	8.24	81.17	-0.45	0.00	0.00	0.00	0.00
	EEB07	EFE01	6.98	303.72	-0.85	0.00	0.00	0.00	0.00
	EFE01	EFE02	4.71	240.07	3.80	0.00	0.00	0.00	0.00
	EFE02	DYC09	9.85	242.32	-3.05	0.00	0.00	0.00	0.00
	EFE02	EFE03	4.10	285.87	-5.60	0.00	0.00	0.00	0.00
	EFE03	DYC07	9.95	257.42	-0.40	0.00	0.00	0.00	0.00
	EFE03	EFE03a	9.84	43.82	-2.50	0.00	0.00	0.00	0.00
	EFE03	EFE03b	11.75	49.82	-2.20	0.00	0.00	0.00	0.00
	EFE03	EFE04	5.06	344.42	2.30	0.00	0.00	0.00	0.00
	EFE04	EFE04a	8.29	77.42	-3.50	0.00	0.00	0.00	0.00
	EFE04	DYC05	3.78	262.47	4.35	0.00	0.00	0.00	0.00
	EFE04	EFE05	6.60	37.82	-0.60	0.00	0.00	0.00	0.00
	EFE05	EFE06	7.97	133.77	0.75	0.00	0.00	0.00	0.00
	EFE06	EFE06a	9.90	35.72	-1.20	0.00	0.00	0.00	0.00
	EFE06	EFE01	3.19	184.62	-3.35	0.00	0.00	0.00	0.00
	EFE01	EFE07	5.69	81.32	3.20	0.00	0.00	0.00	0.00
	EFE07	EFE07a	14.41	37.32	-2.10	0.00	0.00	0.00	0.00
	EFE07	EFE08	9.32	95.57	-1.95	0.00	0.00	0.00	0.00
	EFE08	EFE08a	6.66	200.72	0.10	0.00	0.00	0.00	0.00
	EFE08	EFE08b	14.10	147.82	-1.40	0.00	0.00	0.00	0.00
	EFE08	EFE08c	14.06	78.72	-0.80	0.00	0.00	0.00	0.00
	EFE08	EFE08d	10.18	62.62	-0.40	0.00	0.00	0.00	0.00
	EFE08	EFE08e	10.46	12.92	-0.70	0.00	0.00	0.00	0.00
	EFE08	EFE08f	1.66	351.12	11.20	0.00	0.00	0.00	0.00
	EFE05	EFE09	6.19	51.52	1.35	0.00	0.00	0.00	0.00
	EFE09	EFE09a	10.66	60.22	-0.40	0.00	0.00	0.00	0.00
	EDE16	EFF01	6.06	331.32	-12.55	0.00	0.00	0.00	0.00
	EFF01	EFF01a	2.07	248.62	-11.40	0.00	0.00	0.00	0.00
	EFF01	EFF01b	1.81	317.22	-10.20	0.00	0.00	0.00	0.00
	EFF01	EFF01c	1.95	75.92	-13.90	0.00	0.00	0.00	0.00
	EDE16	EFF02	3.49	246.67	-8.85	0.00	0.00	0.00	0.00
	EFF02	EFF03	8.67	323.42	1.55	0.00	0.00	0.00	0.00
	EFF03	EFF03a	3.18	244.42	-9.70	0.00	0.00	0.00	0.00
	EFF02	EFF02a	10.13	324.02	2.10	0.00	0.00	0.00	0.00
	EFF02	EFF02b	12.11	281.02	3.80	0.00	0.00	0.00	0.00
	EFF02	EFF04	7.58	236.92	1.05	0.00	0.00	0.00	0.00
	EFF04	EFF05	3.67	163.57	0.80	0.00	0.00	0.00	0.00
	EFF05	EFF06	6.73	63.47	0.45	0.00	0.00	0.00	0.00
	EFF06	EFF02	4.72	354.42	-2.45	0.00	0.00	0.00	0.00
	EFF05	EFF07	2.71	186.77	2.15	0.00	0.00	0.00	0.00
	EFF07	EFF08	14.00	313.82	-3.00	0.00	0.00	0.00	0.00
	EFF08	EFF04	9.97	109.22	3.40	0.00	0.00	0.00	0.00
	EFF08	EFF08a	8.17	70.12	10.20	0.00	0.00	0.00	0.00
	EFF08	EFF09	3.37	3.42	10.65	0.00	0.00	0.00	0.00
	EFF08	EFF11	2.16	127.52	20.05	0.00	0.00	0.00	0.00
	EFF09	EFF10	7.73	249.27	0.95	0.00	0.00	0.00	0.00
	EFF11	EFF11a	13.25	39.92	3.20	0.00	0.00	0.00	0.00
	EFF07	EFF12	5.51	297.07	-2.15	0.00	0.00	0.00	0.00
	EFF10	EFF13	4.78	296.92	-0.60	0.00	0.00	0.00	0.00
	EFF13	EFF13a	9.09	263.62	3.60	0.00	0.00	0.00	0.00
	EFF13	EFF14	6.99	214.97	0.35	0.00	0.00	0.00	0.00
	EFF14	EFF15	4.16	232.77	3.30	0.00	0.00	0.00	0.00
	EFF15	AZB10	11.79	227.32	-2.25	0.00	0.00	0.00	0.00
	EFF10	EFF16	6.80	116.07	-0.95	0.00	0.00	0.00	0.00
	EFF16	EFF08	2.64	26.52	-14.00	0.00	0.00	0.00	0.00
	EFF05	EFF18	9.18	129.92	0.05	0.00	0.00	0.00	0.00
	EFF18	EFF17	10.08	231.17	-1.50	0.00	0.00	0.00	0.00
	EFF18	EDD04	7.27	159.42	0.35	0.00	0.00	0.00	0.00
	EFF10	EFF19	2.78	111.32	0.00	0.00	0.00	0.00	0.00
	EFF19	EFF20	6.12	204.37	2.05	0.00	0.00	0.00	0.00
	EFF20	EFF20a	5.38	224.12	-4.80	0.00	0.00	0.00	0.00
	EFF20	EFF20b	10.91	291.32	-4.60	0.00	0.00	0.00	0.00
	EFF20	EFF21	6.20	107.17	-2.80	0.00	0.00	0.00	0.00
	EFF21	EFF21a	8.60	223.82	-0.10	0.00	0.00	0.00	0.00
	EFF21	EFF16	5.74	1.92	-0.65	0.00	0.00	0.00	0.00
	EFF21	EFF12	6.69	84.52	-0.45	0.00	0.00	0.00	0.00
	EFF07	EFF22	3.81	245.22	-7.95	0.00	0.00	0.00	0.00
	EFF22	EFF22a	9.89	132.42	2.40	0.00	0.00	0.00	0.00
	EFF22	EFF23	8.43	207.52	4.20	0.00	0.00	0.00	0.00
	EDE06	EDE06b	13.34	69.92	3.20	0.00	0.00	0.00	0.00
	EFA11	EFA11a	13.72	147.72	-3.30	0.00	0.00	0.00	0.00
	EFA11	EGA01	12.41	57.01	1.97	0.00	0.00	0.00	0.00
	EGA01	EGA02	11.31	307.22	-2.00	0.00	0.00	0.00	0.00
	EGA02	EFA10	11.50	236.79	1.39	0.00	0.00	0.00	0.00
	EGA02	EGA03	7.32	31.99	5.44	0.00	0.00	0.00	0.00
	EGA03	EGA04	10.48	76.22	-5.62	0.00	0.00	0.00	0.00
	EGA04	EGA04a	11.48	154.32	-1.00	0.00	0.00	0.00	0.00
	EGA01	EGA05	7.56	90.59	-1.48	0.00	0.00	0.00	0.00
	EGA05	EGA06	12.62	155.95	-4.80	0.00	0.00	0.00	0.00
	EGA01	EGA08	12.82	153.02	-2.13	0.00	0.00	0.00	0.00
	EGA08	EGA07	9.86	89.61	1.77	0.00	0.00	0.00	0.00
	EGA06	EGA07	2.97	85.30	16.84	0.00	0.00	0.00	0.00
	EGA07	EGA07a	12.50	153.02	-2.70	0.00	0.00	0.00	0.00
	EGA08	EGA09	11.41	154.88	-2.96	0.00	0.00	0.00	0.00
	EFA11	EGA10	14.69	138.39	-2.40	0.00	0.00	0.00	0.00
	EGA08	EGA10	8.98	224.51	-2.69	0.00	0.00	0.00	0.00
	EGA10	EGA10a	8.63	227.22	-1.40	0.00	0.00	0.00	0.00
	EFE09	EGB01	3.49	289.02	-0.20	0.00	0.00	0.00	0.00
	EGB01	EGB01a	0.67	158.22	-85.50	0.00	0.00	0.00	0.00
	DYC06	EGB01a	10.27	52.42	-1.25	0.00	0.00	0.00	0.00
	EFE09	EGB02	7.50	310.47	0.55	0.00	0.00	0.00	0.00
	EGB01a	EGB01b	10.02	65.72	-0.20	0.00	0.00	0.00	0.00
	EGB02	EGB03	8.32	252.92	0.25	0.00	0.00	0.00	0.00
	EGB03	EGB04	3.52	183.72	-5.15	0.00	0.00	0.00	0.00
	EGB04	EGB05	3.56	175.17	-1.75	0.00	0.00	0.00	0.00
	EGB05	DYC06	2.61	108.12	-1.35	0.00	0.00	0.00	0.00
	EGB04	DYC03	9.70	225.42	-0.40	0.00	0.00	0.00	0.00
	EGB02	EGB06	11.38	46.32	-0.70	0.00	0.00	0.00	0.00
	EGB06	EGB07	4.75	347.37	1.60	0.00	0.00	0.00	0.00
	EGB07	EGB08	13.64	246.52	-0.55	0.00	0.00	0.00	0.00
	EGB08	EGB02	8.68	142.72	1.45	0.00	0.00	0.00	0.00
	EDB08	EDB08c	13.44	35.92	3.30	0.00	0.00	0.00	0.00
	EDB08	EDB08d	6.84	66.32	-4.20	0.00	0.00	0.00	0.00
	EDB08	EDB08e	11.82	330.22	-1.40	0.00	0.00	0.00	0.00
	EGB06	EHA01	11.24	138.17	0.35	0.00	0.00	0.00	0.00
	EHA01	EFE09	10.67	238.37	-0.15	0.00	0.00	0.00	0.00
	EHA01	EHA05	4.55	302.97	-0.70	0.00	0.00	0.00	0.00
	EHA05	EHA05a	8.61	225.02	-3.30	0.00	0.00	0.00	0.00
	EHA05	EHA05b	28.96	55.22	-1.90	0.00	0.00	0.00	0.00
	EHA01	EHA04	2.70	178.22	-0.65	0.00	0.00	0.00	0.00
	EHA04	EHA02	3.53	116.42	-1.55	0.00	0.00	0.00	0.00
	EHA02	EHA03	7.31	195.82	-0.95	0.00	0.00	0.00	0.00
	EHA03	EFE07	7.06	224.42	1.20	0.00	0.00	0.00	0.00
	EHA02	EHA02a	13.49	252.72	-2.70	0.00	0.00	0.00	0.00
	EHA02	EHA02b	11.53	52.82	-1.00	0.00	0.00	0.00	0.00
	EGB08	EHA07	3.48	119.97	3.00	0.00	0.00	0.00	0.00
	EHA07	EGB02	5.58	157.37	0.70	0.00	0.00	0.00	0.00
	EHA09	EHA09a	9.13	56.62	-1.60	0.00	0.00	0.00	0.00
	EHA09b	EHA07	2.12	73.47	16.25	0.00	0.00	0.00	0.00
	EGB08	EHA06	2.50	12.27	0.35	0.00	0.00	0.00	0.00
	EHA06	EHA08	12.50	236.67	-1.15	0.00	0.00	0.00	0.00
	EHA08	EHA09	4.18	142.77	-0.50	0.00	0.00	0.00	0.00
	EHA09	EHA10	5.71	121.27	5.45	0.00	0.00	0.00	0.00
	EHA10	EGB03	1.50	350.92	-0.85	0.00	0.00	0.00	0.00
	EGB03	EGB03a	10.35	250.02	-5.40	0.00	0.00	0.00	0.00
	ECA07	EIA01	2.82	75.23	8.70	0.00	0.00	0.00	0.00
	EIA01	EIA01a	7.87	164.23	4.50	0.00	0.00	0.00	0.00
	EIA01	EIA02	7.90	86.93	-8.20	0.00	0.00	0.00	0.00
	EIA02	EIA02a	9.29	42.73	-2.30	0.00	0.00	0.00	0.00
	EIA02	EIA02b	14.07	351.33	4.20	0.00	0.00	0.00	0.00
	EIA03	EIA03a	4.66	185.03	34.60	0.00	0.00	0.00	0.00
	EIA03	EIA03b	5.32	128.93	29.10	0.00	0.00	0.00	0.00
	EIA03	EIA03c	3.96	29.23	-20.10	0.00	0.00	0.00	0.00
	EIA02	EIA04	7.15	141.73	5.30	0.00	0.00	0.00	0.00
	EIA04	EIA03	11.12	154.03	-16.00	0.00	0.00	0.00	0.00
	EFB06	EFB06a	10.71	53.63	-0.20	0.00	0.00	0.00	0.00
	EFB10	EIA05	2.27	297.43	-2.25	0.00	0.00	0.00	0.00
	EIA05	EIA06	7.78	49.33	2.80	0.00	0.00	0.00	0.00
	EFB10	EFB10a	5.60	77.73	-1.90	0.00	0.00	0.00	0.00
	EFB07	EIA08	11.30	63.18	-2.40	0.00	0.00	0.00	0.00
	EIA08	EIA07	4.31	117.53	4.45	0.00	0.00	0.00	0.00
	EIA07	EIA06	4.48	159.03	0.47	0.00	0.00	0.00	0.00
	EIA06	EIA09	8.13	90.13	-0.50	0.00	0.00	0.00	0.00
	EIA09	EHA06	2.59	96.83	-3.50	0.00	0.00	0.00	0.00
	EIA06	EIA10	2.27	255.78	0.10	0.00	0.00	0.00	0.00
	EIA10	EHA08	7.16	157.58	-3.50	0.00	0.00	0.00	0.00
	EIA06	EIA06a	9.69	119.93	-5.80	0.00	0.00	0.00	0.00
	EHA08	EIA11	4.11	210.43	7.47	0.00	0.00	0.00	0.00
	EIA11	EFB09	3.17	282.33	-12.30	0.00	0.00	0.00	0.00
	DGA06	EIB01	2.51	13.13	10.85	0.00	0.00	0.00	0.00
	EIB01	EDD02	4.73	280.08	-8.70	0.00	0.00	0.00	0.00
	EIB01	EIB02	6.31	51.33	-6.05	0.00	0.00	0.00	0.00
	EIB02	DGA10	2.60	183.78	-5.20	0.00	0.00	0.00	0.00
	EIB02	EIB03	5.74	13.78	2.35	0.00	0.00	0.00	0.00
	EIB03	DGA05	10.19	156.48	0.45	0.00	0.00	0.00	0.00
	EIB03	EIB04	7.66	55.58	1.10	0.00	0.00	0.00	0.00
	EIB04	DGA11	6.22	150.88	0.60	0.00	0.00	0.00	0.00
	EIB04	EIB05	10.59	44.98	-1.80	0.00	0.00	0.00	0.00
	EIB05	EIB06	5.35	120.03	-0.55	0.00	0.00	0.00	0.00
	EIB05	EIB05a	6.12	349.23	-2.60	0.00	0.00	0.00	0.00
	EIB06	EIB07	9.41	202.68	2.48	0.00	0.00	0.00	0.00
	EIB07	DGA11	5.68	253.88	1.35	0.00	0.00	0.00	0.00
	EIB07	EIB07a	15.66	142.13	-0.30	0.00	0.00	0.00	0.00
	EIA08	EJA01	8.20	77.18	-0.20	0.00	0.00	0.00	0.00
	EJA01	EJA02	4.85	36.83	1.70	0.00	0.00	0.00	0.00
	EJA02	EJA02a	12.05	137.73	-1.30	0.00	0.00	0.00	0.00
	EJA02	EJA02b	12.46	80.43	-2.90	0.00	0.00	0.00	0.00
	EJA02	EJA03	7.14	337.88	0.75	0.00	0.00	0.00	0.00
	EJA03	EJA04	8.31	211.23	-1.30	0.00	0.00	0.00	0.00
	EJA04	EJA05	4.97	263.83	3.35	0.00	0.00	0.00	0.00
	EJA04	EJA01	5.41	129.08	-0.10	0.00	0.00	0.00	0.00
	EJA05	EIA08	4.97	166.08	-4.65	0.00	0.00	0.00	0.00
	EJA05	EFB15	7.22	236.13	0.75	0.00	0.00	0.00	0.00
	EJA05	EJA05a	7.21	318.23	-1.20	0.00	0.00	0.00	0.00
	EGB07	EJA06	4.40	25.03	-1.90	0.00	0.00	0.00	0.00
	EGB07	EJA07	5.73	298.98	-2.40	0.00	0.00	0.00	0.00
	EGB07	EGB07a	15.12	46.23	0.30	0.00	0.00	0.00	0.00
	EJA07	EJA08	5.26	260.63	0.85	0.00	0.00	0.00	0.00
	EJA08	EIA09	6.51	220.83	0.70	0.00	0.00	0.00	0.00
	EJA08	EJA02	9.97	315.48	-0.30	0.00	0.00	0.00	0.00
	EJA07	EJA07a	14.70	327.23	-1.60	0.00	0.00	0.00	0.00
	EJA04	EJA09	8.98	333.68	1.00	0.00	0.00	0.00	0.00
	EJA09	EJA10	5.94	78.18	0.10	0.00	0.00	0.00	0.00
	EJA10	EJA03	3.36	130.08	-1.50	0.00	0.00	0.00	0.00
	EJA03	EJA03a	13.31	322.73	-1.70	0.00	0.00	0.00	0.00
	EJA09	EJA09a	20.37	238.03	-1.80	0.00	0.00	0.00	0.00
	EJA03	EJA11	14.86	58.38	-0.55	0.00	0.00	0.00	0.00
	EIB03	EJB01	10.06	307.71	-0.98	0.00	0.00	0.00	0.00
	EJB01	EJB02	2.25	133.53	5.65	0.00	0.00	0.00	0.00
	EJB02	EDD01	9.26	237.56	-0.30	0.00	0.00	0.00	0.00
	EJB01	EJB04	5.73	345.93	3.27	0.00	0.00	0.00	0.00
	EJB01	EJB05	10.72	297.78	-0.40	0.00	0.00	0.00	0.00
	EJB05	EDD06	1.45	42.91	10.45	0.00	0.00	0.00	0.00
	EJB01	EJB06	10.00	82.33	2.40	0.00	0.00	0.00	0.00
	EJB06	EIB04	5.29	124.18	-0.80	0.00	0.00	0.00	0.00
	EJB04	EDD05	16.20	278.23	-0.10	0.00	0.00	0.00	0.00
	EJB06	EJB07	6.38	339.33	-0.80	0.00	0.00	0.00	0.00
	EJB07	EJB02	10.71	215.23	-0.60	0.00	0.00	0.00	0.00
	EJB07	EJB04	9.19	259.48	-0.58	0.00	0.00	0.00	0.00
	EJB07	EJB08	7.73	301.53	-2.65	0.00	0.00	0.00	0.00
	EJB08	EJB04	6.19	206.31	3.10	0.00	0.00	0.00	0.00
	EJB05	EJB09	4.34	329.61	2.10	0.00	0.00	0.00	0.00
	EJB09	EJB10	4.25	38.08	5.90	0.00	0.00	0.00	0.00
	C3B23	EKA01	1.66	306.93	-2.15	0.00	0.00	0.00	0.00
	EKA01	EKA02	8.61	44.78	0.05	0.00	0.00	0.00	0.00
	EKA02	DBB11	7.45	97.88	-0.50	0.00	0.00	0.00	0.00
	DBB11	EKA03	7.18	326.13	-3.05	0.00	0.00	0.00	0.00
	EKA01	DBB10	6.17	98.78	0.25	0.00	0.00	0.00	0.00
	EKA03	EKA04	3.28	352.93	2.15	0.00	0.00	0.00	0.00
	EKA04	EKA05	10.85	231.03	0.75	0.00	0.00	0.00	0.00
	EKA05	C3B25	6.23	259.33	0.35	0.00	0.00	0.00	0.00
	EKA03	EKA03a	8.44	80.83	-2.50	0.00	0.00	0.00	0.00
	EKA03	EKA03b	7.30	207.03	-0.80	0.00	0.00	0.00	0.00
	EKA04	EKA06	7.15	305.63	-0.85	0.00	0.00	0.00	0.00
	EKA06	EKA07	4.86	210.38	-0.05	0.00	0.00	0.00	0.00
	EKA07	EKA08	5.25	234.23	0.00	0.00	0.00	0.00	0.00
	EKA08	C3B25	5.38	202.98	3.25	0.00	0.00	0.00	0.00
	EKA07	EKA09	8.42	324.43	0.00	0.00	0.00	0.00	0.00
	EKA09	DFB02	9.92	229.93	2.10	0.00	0.00	0.00	0.00
	DFB02	EKA10	4.70	33.18	-1.10	0.00	0.00	0.00	0.00
	EKA10	DFB09	8.02	329.18	-0.25	0.00	0.00	0.00	0.00
	EKA09	EKA10	5.75	244.68	2.75	0.00	0.00	0.00	0.00
	EKA09	EKA11	7.26	82.03	1.85	0.00	0.00	0.00	0.00
	EKA11	EKA06	3.60	177.23	-4.35	0.00	0.00	0.00	0.00
	EKA11	EKA12	5.81	324.88	0.30	0.00	0.00	0.00	0.00
	EKA12	DFB10	9.09	270.08	-0.20	0.00	0.00	0.00	0.00
	EKA12	EKA13	2.85	312.38	-1.20	0.00	0.00	0.00	0.00
	EKA13	EKA14	7.04	59.88	-1.70	0.00	0.00	0.00	0.00
	EKA14	EKA15	8.85	290.28	1.05	0.00	0.00	0.00	0.00
	EKA15	EKA16	3.74	201.33	0.10	0.00	0.00	0.00	0.00
	EKA16	EKA17	5.54	236.83	-0.45	0.00	0.00	0.00	0.00
	EKA17	DFB10	2.49	150.68	1.25	0.00	0.00	0.00	0.00
	EKA14	EKA14a	15.52	143.63	0.50	0.00	0.00	0.00	0.00
	EKA14	EKA14b	14.99	322.23	-1.30	0.00	0.00	0.00	0.00
	DBB15	DBB15a	22.58	40.23	1.10	0.00	0.00	0.00	0.00
	DBB15	ELA01	0.98	73.93	-40.35	0.00	0.00	0.00	0.00
	ELA01	ELA02	4.76	31.68	3.60	0.00	0.00	0.00	0.00
	DBB16	ELA04	13.97	70.98	-0.55	0.00	0.00	0.00	0.00
	DBB07	ELA02	10.86	96.43	0.20	0.00	0.00	0.00	0.00
	ELA02	ELA03	6.94	33.41	-0.30	0.00	0.00	0.00	0.00
	ELA03	ELA04	6.68	137.03	-1.05	0.00	0.00	0.00	0.00
	ELA04	EFB15	6.22	161.75	-5.40	0.00	0.00	0.00	0.00
	ELA04	ELA04a	11.66	85.63	-1.40	0.00	0.00	0.00	0.00
	ELA04	ELA04b	14.69	59.33	0.60	0.00	0.00	0.00	0.00
	ELA03	ELA05	9.52	61.13	0.40	0.00	0.00	0.00	0.00
	ELA05	ELA05a	13.83	323.13	-2.80	0.00	0.00	0.00	0.00
	ELA05	ELA06	5.15	26.93	0.10	0.00	0.00	0.00	0.00
	ELA06	ELA06a	17.19	260.23	-1.30	0.00	0.00	0.00	0.00
	ELA06	ELA07	4.37	90.23	-2.90	0.00	0.00	0.00	0.00
	ELA07	ELA07a	19.44	143.13	0.00	0.00	0.00	0.00	0.00
	ELA06	ELA06b	9.70	151.53	-2.70	0.00	0.00	0.00	0.00
	ELA07	ELA08	7.94	32.38	3.35	0.00	0.00	0.00	0.00
	ELA08	ELA09	4.30	238.03	-2.20	0.00	0.00	0.00	0.00
	ELA09	ELA09a	16.25	329.23	-1.50	0.00	0.00	0.00	0.00
	ELA07	ELA07b	11.75	91.33	-1.90	0.00	0.00	0.00	0.00
	ELA09	ELA09b	11.95	264.73	0.30	0.00	0.00	0.00	0.00
	ELA08	ELA08a	12.63	140.33	-3.10	0.00	0.00	0.00	0.00
	ELA08	ELA10	9.92	77.03	0.30	0.00	0.00	0.00	0.00
	ELA10	ELA11	5.09	182.03	-3.35	0.00	0.00	0.00	0.00
	ELA11	EJA11	7.52	128.97	0.70	0.00	0.00	0.00	0.00
	ELA11	ELA11a	12.58	214.63	-1.50	0.00	0.00	0.00	0.00
	ELA11	ELA11b	22.02	89.43	0.30	0.00	0.00	0.00	0.00
	ELA11	ELA11c	11.21	55.53	-1.60	0.00	0.00	0.00	0.00
	EJA11	ELA12	2.74	135.23	-2.15	0.00	0.00	0.00	0.00
	ELA12	ELA12a	11.71	215.73	-0.90	0.00	0.00	0.00	0.00
	ELA12	ELA13	4.55	178.88	1.65	0.00	0.00	0.00	0.00
	ELA13	ELA13a	15.18	47.13	-0.10	0.00	0.00	0.00	0.00
	ELA13	ELA14	6.04	119.68	-0.45	0.00	0.00	0.00	0.00
	ELA14	ELA14a	26.17	230.73	-1.70	0.00	0.00	0.00	0.00
	ELA14	ELA15	7.32	111.53	0.20	0.00	0.00	0.00	0.00
	ELA15	ELA16	3.07	213.38	1.05	0.00	0.00	0.00	0.00
	ELA16	ELA16a	15.63	145.13	-1.80	0.00	0.00	0.00	0.00
	ELA16	ELA16b	16.49	82.23	0.10	0.00	0.00	0.00	0.00
	ELA15	ELA15a	18.77	28.43	-0.30	0.00	0.00	0.00	0.00
	ELA10	ELA17	6.02	305.88	-3.15	0.00	0.00	0.00	0.00
	ELA10	ELA10a	16.03	47.73	-3.20	0.00	0.00	0.00	0.00
	ELA17	ELA17a	10.52	52.93	-4.40	0.00	0.00	0.00	0.00
	ELA17	ELA18	4.30	354.53	-0.65	0.00	0.00	0.00	0.00
	ELA18	ELA19	6.35	359.88	1.75	0.00	0.00	0.00	0.00
	DBB07	EMA01	6.91	64.38	2.40	0.00	0.00	0.00	0.00
	EMA01	EMA02	4.34	25.63	-0.50	0.00	0.00	0.00	0.00
	EMA02	EMA03	5.42	64.87	-0.63	0.00	0.00	0.00	0.00
	EMA03	ELA03	4.67	159.28	-0.95	0.00	0.00	0.00	0.00
	EMA03	EMA04	3.67	296.98	2.75	0.00	0.00	0.00	0.00
	EMA04	EMA05	5.27	73.88	1.80	0.00	0.00	0.00	0.00
	EMA05	EMA06	4.38	74.43	-1.15	0.00	0.00	0.00	0.00
	EMA06	ELA05	5.60	133.88	-1.25	0.00	0.00	0.00	0.00
	EMA05	EMA07	4.31	21.18	-5.60	0.00	0.00	0.00	0.00
	EMA01	EMA01a	10.65	345.53	1.40	0.00	0.00	0.00	0.00
	EMA07	EMA07a	20.84	73.93	-0.60	0.00	0.00	0.00	0.00
	EMA07	EMA08	4.35	326.08	0.05	0.00	0.00	0.00	0.00
	EMA08	EMA08a	8.31	54.53	-2.30	0.00	0.00	0.00	0.00
	EMA08	EMA08b	5.02	342.93	2.90	0.00	0.00	0.00	0.00
	EMA08	EMA09	6.76	220.53	1.80	0.00	0.00	0.00	0.00
	EMA09	EMA04	3.68	173.73	-0.65	0.00	0.00	0.00	0.00
	EMA09	EMA10	6.06	259.78	1.05	0.00	0.00	0.00	0.00
	EMA10	EMA10a	10.72	160.73	-1.50	0.00	0.00	0.00	0.00
	EMA10	EMA11	5.95	241.93	-3.15	0.00	0.00	0.00	0.00
	EMA11	DBB11	3.29	176.58	3.90	0.00	0.00	0.00	0.00
	EMA11	EKA03	4.71	305.58	-1.80	0.00	0.00	0.00	0.00
	EMA10	EMA12	7.28	311.53	0.15	0.00	0.00	0.00	0.00
	EMA12	EKA04	4.35	248.98	-2.75	0.00	0.00	0.00	0.00
	EMA10	EMA13	3.93	299.28	-5.90	0.00	0.00	0.00	0.00
	EMA13	EMA13a	9.00	240.23	-1.50	0.00	0.00	0.00	0.00
	EMA13	EMA14	12.44	45.58	1.40	0.00	0.00	0.00	0.00
	EMA14	EMA15	2.83	248.03	-0.10	0.00	0.00	0.00	0.00
	EMA15	EMA16	4.11	344.03	-1.85	0.00	0.00	0.00	0.00
	EMA16	EMA17	1.76	272.73	5.10	0.00	0.00	0.00	0.00
	EMA17	EMA18	5.25	54.73	0.15	0.00	0.00	0.00	0.00
	EMA18	EMA18a	20.09	42.83	-0.80	0.00	0.00	0.00	0.00
	EMA17	EMA19	2.65	2.43	2.65	0.00	0.00	0.00	0.00
	EMA18	EMA18b	12.06	44.03	-3.40	0.00	0.00	0.00	0.00
	EMA18	EMA18c	10.55	339.83	-3.50	0.00	0.00	0.00	0.00
	EMA16	EMA16a	13.95	242.33	-1.30	0.00	0.00	0.00	0.00
	EMA19	EMA20	8.33	242.78	0.10	0.00	0.00	0.00	0.00
	EMA20	EMA23	1.64	226.58	0.35	0.00	0.00	0.00	0.00
	EMA23	EKA06	7.85	242.18	-1.45	0.00	0.00	0.00	0.00
	EMA20	EMA21	4.68	175.43	2.35	0.00	0.00	0.00	0.00
	EMA21	EMA22	3.84	252.88	-3.05	0.00	0.00	0.00	0.00
	EMA22	EKA04	3.36	164.43	-3.55	0.00	0.00	0.00	0.00
	EMA23	EMA24	7.76	336.23	-1.60	0.00	0.00	0.00	0.00
	EMA24	EKA11	8.29	209.13	1.70	0.00	0.00	0.00	0.00
	EMA19	EMA19a	7.59	45.73	-3.40	0.00	0.00	0.00	0.00
	EMA24	EMA25	6.24	246.18	0.20	0.00	0.00	0.00	0.00
	EMA25	EKA13	4.21	299.03	3.25	0.00	0.00	0.00	0.00
	EKA14	EMA24	4.47	130.93	0.20	0.00	0.00	0.00	0.00
	EMA24	EMA26	12.71	61.93	-0.30	0.00	0.00	0.00	0.00
	EMA26	EMA27	2.37	95.63	-1.50	0.00	0.00	0.00	0.00
	EMA27	EMA18	7.82	164.58	2.15	0.00	0.00	0.00	0.00
	EMA26	EMA28	1.70	45.68	25.20	0.00	0.00	0.00	0.00
	EMA28	EMA18b	11.79	90.93	-5.00	0.00	0.00	0.00	0.00
	EMA28	EMA28a	38.17	93.03	-0.90	0.00	0.00	0.00	0.00
	EMA28	EMA28b	22.10	50.23	0.90	0.00	0.00	0.00	0.00
	EMA26	EMA29	5.20	254.53	3.25	0.00	0.00	0.00	0.00
	EMA08	ENA01	2.64	359.93	6.60	0.00	0.00	0.00	0.00
	ENA01	ENA02	1.77	283.58	-5.50	0.00	0.00	0.00	0.00
	ENA02	ENA02a	8.60	35.23	-3.00	0.00	0.00	0.00	0.00
	EMA14	ENA02	3.54	111.38	-1.80	0.00	0.00	0.00	0.00
	ELA08	ENA03	3.89	359.33	-4.25	0.00	0.00	0.00	0.00
	ENA03	ENA04	4.85	310.63	2.50	0.00	0.00	0.00	0.00
	ENA04	ENA04a	14.73	220.13	-0.30	0.00	0.00	0.00	0.00
	ELA18	ENA04	8.73	247.78	0.85	0.00	0.00	0.00	0.00
	ELA10	ENA05	11.63	48.38	-1.75	0.00	0.00	0.00	0.00
	ENA05	ENA05a	17.79	146.03	0.70	0.00	0.00	0.00	0.00
	ENA05	ENA05b	11.33	98.73	1.00	0.00	0.00	0.00	0.00
	ENA05	ENA05c	8.57	60.93	-1.80	0.00	0.00	0.00	0.00
	ENA05	ENA05d	30.76	335.63	0.10	0.00	0.00	0.00	0.00
	ENA05	ENA05e	12.87	303.13	-2.10	0.00	0.00	0.00	0.00
	DQC06	ENB01	11.33	333.68	11.85	0.00	0.00	0.00	0.00
	ENB01	ENB03	12.87	76.98	-3.70	0.00	0.00	0.00	0.00
	ENB03	ENB02	3.92	212.48	-23.90	0.00	0.00	0.00	0.00
	ENB03	ENB04	9.07	323.13	5.60	0.00	0.00	0.00	0.00
	ENB01	ENB01a	5.70	211.53	-8.70	0.00	0.00	0.00	0.00
	ENB01	ENB01b	20.85	67.13	-0.30	0.00	0.00	0.00	0.00
	ENB02	ENB05	10.00	176.73	-0.20	0.00	0.00	0.00	0.00
	ENB02	ENB02a	7.86	97.73	-3.90	0.00	0.00	0.00	0.00
	ENB05	DQC03	3.15	94.23	-4.10	0.00	0.00	0.00	0.00
	ENA05	EOA01	6.86	309.16	2.83	0.00	0.00	0.00	0.00
	EOA01	ELA19	8.98	282.33	-0.70	0.00	0.00	0.00	0.00
	EOA01	EOA02	10.55	14.23	-1.40	0.00	0.00	0.00	0.00
	EOA01	EOA01a	7.02	78.33	-4.30	0.00	0.00	0.00	0.00
	EOA03	EOA02	2.51	7.63	10.50	0.00	0.00	0.00	0.00
	EOA03	EOA03a	29.74	85.83	-0.20	0.00	0.00	0.00	0.00
	EOA03	EOA03b	15.11	32.83	0.90	0.00	0.00	0.00	0.00
	EOA03	EOA03c	31.49	326.23	1.10	0.00	0.00	0.00	0.00
	ELA19	EOA04	3.00	283.43	-4.00	0.00	0.00	0.00	0.00
	EOA04	EOA04a	21.18	333.33	0.00	0.00	0.00	0.00	0.00
	EOA04	EOA04b	16.46	41.93	-0.30	0.00	0.00	0.00	0.00
	EOA04	EOA05	6.68	250.53	1.50	0.00	0.00	0.00	0.00
	EOA05	EOA06	5.51	292.18	0.20	0.00	0.00	0.00	0.00
	EOA05	EOA05a	9.78	223.03	-1.70	0.00	0.00	0.00	0.00
	EOA05	EOA05b	10.45	31.03	-1.00	0.00	0.00	0.00	0.00
	EOA06	EOA07	7.43	225.13	0.70	0.00	0.00	0.00	0.00
	EOA06	EOA08	9.90	316.38	-0.10	0.00	0.00	0.00	0.00
	EOA07	EOA07a	9.46	209.53	1.60	0.00	0.00	0.00	0.00
	EOA07	EOA07b	7.67	156.33	-0.30	0.00	0.00	0.00	0.00
	EOA07	EOA10	5.72	310.73	-0.55	0.00	0.00	0.00	0.00
	EOA10	EOA06	10.10	83.03	0.60	0.00	0.00	0.00	0.00
	EOA08	EOA08a	13.71	40.93	-1.00	0.00	0.00	0.00	0.00
	EOA08	EOA09	3.26	222.38	2.00	0.00	0.00	0.00	0.00
	EOA09	EOA11	3.00	302.58	5.25	0.00	0.00	0.00	0.00
	EOA11	EOA10	7.72	173.58	-2.55	0.00	0.00	0.00	0.00
	EOA11	EOA12	3.80	197.73	-0.85	0.00	0.00	0.00	0.00
	EOA12	EMA26	8.85	246.78	-1.25	0.00	0.00	0.00	0.00
	EOA13	EMA26	9.12	258.93	-0.15	0.00	0.00	0.00	0.00
	EOA13	EOA10	2.71	151.03	-1.80	0.00	0.00	0.00	0.00
	EOA10	EOA14	2.07	139.68	1.10	0.00	0.00	0.00	0.00
	EOA14	EMA17	14.20	233.98	1.45	0.00	0.00	0.00	0.00
	DFB08	DFB07	8.40	273.63	-1.30	0.00	0.00	0.00	0.00
	DFB03	DFB06	3.23	243.73	5.50	0.00	0.00	0.00	0.00
	EKA17	DFB11	7.49	271.03	1.50	0.00	0.00	0.00	0.00
	DFB11	DGA12	10.89	328.63	-0.70	0.00	0.00	0.00	0.00
	DGA12	EOC01	7.97	71.13	-0.20	0.00	0.00	0.00	0.00
	EOC01	EOC02	4.73	148.68	-0.05	0.00	0.00	0.00	0.00
	EOC02	EOC03	4.25	84.08	0.50	0.00	0.00	0.00	0.00
	EOC03	EKA16	6.29	146.68	-0.10	0.00	0.00	0.00	0.00
	EKA16	EKA15	3.72	20.13	0.30	0.00	0.00	0.00	0.00
	EOC03	EOC04	2.56	323.53	-9.55	0.00	0.00	0.00	0.00
	EOC04	EOC05	7.98	58.33	2.70	0.00	0.00	0.00	0.00
	EOC05	EKA14	13.50	144.33	0.80	0.00	0.00	0.00	0.00
	EKA14	EOC06	10.71	48.23	1.35	0.00	0.00	0.00	0.00
	EOC06	EOC07	7.80	296.58	-1.65	0.00	0.00	0.00	0.00
	EOC07	EOC08	8.52	239.73	0.30	0.00	0.00	0.00	0.00
	EOC08	EKA14	8.95	135.98	0.00	0.00	0.00	0.00	0.00
	EOC06	EOC09	7.47	155.28	0.00	0.00	0.00	0.00	0.00
	EOC09	EMA29	1.97	312.38	-0.90	0.00	0.00	0.00	0.00
	EMA29	EMA26	5.20	74.43	-2.60	0.00	0.00	0.00	0.00
	EMA26	EOA13	9.12	78.93	0.15	0.00	0.00	0.00	0.00
	EMA26	EOC10	7.26	332.28	0.35	0.00	0.00	0.00	0.00
	EOC10	EOC06	3.75	236.83	2.60	0.00	0.00	0.00	0.00
	D1C08	EOE01	5.67	68.18	5.90	0.00	0.00	0.00	0.00
	EOE01	EOE02	4.54	38.53	-4.55	0.00	0.00	0.00	0.00
	EOE02	EOE03	6.43	164.08	0.95	0.00	0.00	0.00	0.00
	EOE03	D1C08	9.76	273.23	-2.30	0.00	0.00	0.00	0.00
	EOE03	EOE04	2.36	120.88	8.25	0.00	0.00	0.00	0.00
	EOE04	EDE04	15.55	227.33	-1.10	0.00	0.00	0.00	0.00
	EOE04	EOE05	4.89	164.08	-4.05	0.00	0.00	0.00	0.00
	EOE05	EOE06	2.52	114.43	8.90	0.00	0.00	0.00	0.00
	EOE06	EOE07	3.12	154.28	-5.00	0.00	0.00	0.00	0.00
	EOE07	EOE08	7.52	65.03	-1.60	0.00	0.00	0.00	0.00
	EOE08	EOE06	8.22	265.98	3.45	0.00	0.00	0.00	0.00
	EOE08	EOE08a	8.13	103.73	0.10	0.00	0.00	0.00	0.00
	EDD07	EPA01	7.64	213.23	-3.80	0.00	0.00	0.00	0.00
	EPA01	EPA02	5.11	296.88	2.55	0.00	0.00	0.00	0.00
	EPA02	EDD03	2.85	20.88	-3.20	0.00	0.00	0.00	0.00
	EDD07	EDD07a	4.44	130.73	-2.40	0.00	0.00	0.00	0.00
	EJB09	EJB10	4.22	39.53	6.60	0.00	0.00	0.00	0.00
	EJB09	EPA03	1.67	348.68	-17.95	0.00	0.00	0.00	0.00
	EPA03	EPA04	7.98	303.08	5.25	0.00	0.00	0.00	0.00
	EPA04	EPA05	2.54	253.73	4.80	0.00	0.00	0.00	0.00
	EPA05	EFF18	3.88	198.53	-4.03	0.00	0.00	0.00	0.00
	EPA03	EPA06	10.13	356.53	2.65	0.00	0.00	0.00	0.00
	EPA06	EPA07	3.94	234.93	3.25	0.00	0.00	0.00	0.00
	EPA07	EPA04	4.48	220.18	0.50	0.00	0.00	0.00	0.00
	EPA02	EPA02a	5.41	262.23	9.70	0.00	0.00	0.00	0.00
	EDD04	EDD04a	4.21	257.23	0.60	0.00	0.00	0.00	0.00
	EPA04	EFF02	10.50	329.08	-0.50	0.00	0.00	0.00	0.00
	EFF06	EPA07	7.68	95.48	0.70	0.00	0.00	0.00	0.00
	EPA07	EPA07a	7.82	7.23	-4.10	0.00	0.00	0.00	0.00
	EPA06	EPA06a	15.28	111.53	-1.40	0.00	0.00	0.00	0.00
	EPA06	EPA08	4.89	68.43	5.45	0.00	0.00	0.00	0.00
	EPA08	EDE12	1.74	313.48	-0.05	0.00	0.00	0.00	0.00
	EPA08	EDE11	6.72	50.83	-1.80	0.00	0.00	0.00	0.00
	EDE11	EPA09	5.06	115.18	3.25	0.00	0.00	0.00	0.00
	EPA09	EPA11	2.51	155.68	-12.75	0.00	0.00	0.00	0.00
	EPA11	EPA10	8.53	234.38	1.55	0.00	0.00	0.00	0.00
	EPA10	EPA06	9.04	110.38	0.60	0.00	0.00	0.00	0.00
	EPA10	EJB09	11.47	220.88	-1.10	0.00	0.00	0.00	0.00
	EPA09	EPA12	4.74	58.68	-7.15	0.00	0.00	0.00	0.00
	EPA12	EPA12a	9.64	132.13	-1.70	0.00	0.00	0.00	0.00
	EPA12a	EPA11	10.31	280.33	1.10	0.00	0.00	0.00	0.00
	EPA12	EPA12b	14.44	142.33	0.20	0.00	0.00	0.00	0.00
	EPA12	EPA12c	10.95	101.03	1.00	0.00	0.00	0.00	0.00
	EPA12	EPA12d	12.24	38.43	3.40	0.00	0.00	0.00	0.00
	EPA12	EPA12e	6.91	330.23	-2.60	0.00	0.00	0.00	0.00
	C2B02	C2B07	2.00	332.93	-10.10	0.00	0.00	0.00	0.00
	EDE09	EQA01	6.11	23.53	3.00	0.00	0.00	0.00	0.00
	EQA01	EQA02	5.73	42.88	0.45	0.00	0.00	0.00	0.00
	EQA02	EQA02a	3.13	327.53	2.00	0.00	0.00	0.00	0.00
	EQA02	EDE02	2.56	312.13	15.50	0.00	0.00	0.00	0.00
	EQA02	EQA03	1.86	274.68	11.40	0.00	0.00	0.00	0.00
	EQA03	EDE03	10.55	335.23	1.30	0.00	0.00	0.00	0.00
	EQA02	EQA02b	3.91	83.23	-13.70	0.00	0.00	0.00	0.00
	EQA02	EQA02c	6.39	163.03	5.00	0.00	0.00	0.00	0.00
	EQA03	EQA03a	3.48	42.33	-13.70	0.00	0.00	0.00	0.00
	EQA02	EQA02d	2.77	197.83	-2.90	0.00	0.00	0.00	0.00
	EQA02	EQA02e	4.10	187.43	0.90	0.00	0.00	0.00	0.00
	EQA01	EQA01a	5.12	277.23	2.00	0.00	0.00	0.00	0.00
	EJB10	EQA04	10.70	81.53	-0.05	0.00	0.00	0.00	0.00
	EQA04	EJB08	2.43	196.18	-1.30	0.00	0.00	0.00	0.00
	EPA10	EQA04	6.98	123.48	-1.65	0.00	0.00	0.00	0.00
	EJB08	EJB08a	10.75	97.83	0.80	0.00	0.00	0.00	0.00
	EJB07	EQA05	10.96	26.98	-1.98	0.00	0.00	0.00	0.00
	EDE04	EQB01	6.61	39.43	-3.80	0.00	0.00	0.00	0.00
	EQB01	EQB02	9.78	75.93	3.80	0.00	0.00	0.00	0.00
	EQB02	EQB02a	9.62	233.63	-6.70	0.00	0.00	0.00	0.00
	EQB01	EQB02a	3.40	149.83	-7.60	0.00	0.00	0.00	0.00
	EQB01	EQB01a	9.63	141.53	2.80	0.00	0.00	0.00	0.00
	EOE06	EQB01a	8.95	214.03	-1.50	0.00	0.00	0.00	0.00
	EOE08	EOE08b	8.69	94.93	-0.70	0.00	0.00	0.00	0.00
	EOE08	EQB03	2.50	178.43	4.65	0.00	0.00	0.00	0.00
	EQB03	EQB03a	28.40	156.13	-1.10	0.00	0.00	0.00	0.00
	EQB03	EQB03b	15.41	28.23	-3.00	0.00	0.00	0.00	0.00
	EOE08	EQB04	2.96	298.78	6.90	0.00	0.00	0.00	0.00
	EQB04	EQB04a	6.44	47.63	-1.80	0.00	0.00	0.00	0.00
	CCB03	ERA01	1.04	54.53	-58.80	0.00	0.00	0.00	0.00
	ERA01	ERA02	11.83	246.63	5.05	0.00	0.00	0.00	0.00
	ERA02	ERA02a	5.48	161.03	-24.30	0.00	0.00	0.00	0.00
	ERA01	ERA01a	12.40	309.43	-1.00	0.00	0.00	0.00	0.00
	ERA01	ERA01b	7.83	154.83	-4.00	0.00	0.00	0.00	0.00
	ERA02	ERA02b	6.73	338.93	1.80	0.00	0.00	0.00	0.00
	ERA02	ERA02c	5.98	255.73	0.70	0.00	0.00	0.00	0.00
	CIA26	ERA03	10.65	256.13	-1.20	0.00	0.00	0.00	0.00
	ERA03	ERA04	9.68	55.83	2.00	0.00	0.00	0.00	0.00
	ERA04	ERA04a	1.50	337.58	-7.95	0.00	0.00	0.00	0.00
	DQD01	DQD03	6.02	308.78	1.00	0.00	0.00	0.00	0.00
	DQD03	ERA05	7.82	223.53	-0.40	0.00	0.00	0.00	0.00
	DQD03	ERA06	5.01	221.53	5.10	0.00	0.00	0.00	0.00
	ERA06	ERA07	13.64	265.03	-0.20	0.00	0.00	0.00	0.00
	ERA07	ERA08	5.58	130.33	2.70	0.00	0.00	0.00	0.00
	ERA08	DQD03	15.27	56.13	-0.10	0.00	0.00	0.00	0.00
	ERA07	ERA07a	8.91	178.63	8.30	0.00	0.00	0.00	0.00
	ERA05	ERA05a	7.30	139.83	1.30	0.00	0.00	0.00	0.00
	DLB02	ERB01	2.17	237.73	5.40	0.00	0.00	0.00	0.00
	ERB01	ERB02	8.44	7.13	-0.95	0.00	0.00	0.00	0.00
	ERB02	ERB03	5.67	306.58	3.75	0.00	0.00	0.00	0.00
	ERB03	DLB05	9.74	216.08	3.60	0.00	0.00	0.00	0.00
	ERB03	ERB04	9.28	262.58	2.15	0.00	0.00	0.00	0.00
	ERB04	DNB02	8.51	196.68	-3.35	0.00	0.00	0.00	0.00
	ERB04	ERB04a	14.35	27.03	-2.40	0.00	0.00	0.00	0.00
	DNB04	ERB05	2.68	215.38	9.55	0.00	0.00	0.00	0.00
	ERB05	ERB06	9.85	11.03	-0.05	0.00	0.00	0.00	0.00
	EJB07	ESA01	2.51	190.08	0.10	0.00	0.00	0.00	0.00
	ESA01	ESA01a	20.34	64.93	-0.60	0.00	0.00	0.00	0.00
	EQA05	ESA02	3.80	359.18	3.55	0.00	0.00	0.00	0.00
	ESA02	ESA03	2.26	236.93	-5.65	0.00	0.00	0.00	0.00
	ESA03	ESA04	2.51	216.63	-5.70	0.00	0.00	0.00	0.00
	ESA04	ESA04a	6.11	277.83	-5.30	0.00	0.00	0.00	0.00
	ESA02	EPA12	9.01	312.78	-0.90	0.00	0.00	0.00	0.00
	ESA02	ESA02a	12.25	275.33	-0.60	0.00	0.00	0.00	0.00
	ESA02	ESA05	6.39	29.93	1.25	0.00	0.00	0.00	0.00
	ESA05	EPA12	9.82	273.13	-1.40	0.00	0.00	0.00	0.00
	EQA05	ESA06	11.36	56.73	1.40	0.00	0.00	0.00	0.00
	ESA06	ESA06a	5.04	14.13	2.10	0.00	0.00	0.00	0.00
	ESA06	ESA07	8.61	110.63	0.10	0.00	0.00	0.00	0.00
	ESA07	ESA07a	9.65	22.73	-3.40	0.00	0.00	0.00	0.00
	ESA07	ESA08	9.46	218.78	-0.60	0.00	0.00	0.00	0.00
	ESA07	ESA09	8.20	156.58	-1.10	0.00	0.00	0.00	0.00
	ESA10	ESA08	3.53	294.48	-4.40	0.00	0.00	0.00	0.00
	ESA08	ESA01	18.85	243.93	0.60	0.00	0.00	0.00	0.00
	ESA10	EIB05	8.14	224.23	0.20	0.00	0.00	0.00	0.00
	ESA10	ESA10a	21.59	148.93	-0.10	0.00	0.00	0.00	0.00
	ESA09	ESA09a	25.16	45.83	0.20	0.00	0.00	0.00	0.00
	ESA09	ESA09b	11.75	81.93	-0.10	0.00	0.00	0.00	0.00
	ESA09	ESA10	6.19	256.83	-1.85	0.00	0.00	0.00	0.00
	ESA10	ESA11	8.38	153.28	1.65	0.00	0.00	0.00	0.00
	ESA11	EIB06	4.90	259.08	-3.40	0.00	0.00	0.00	0.00
	ESA11	ESA12	9.25	43.03	-1.15	0.00	0.00	0.00	0.00
	ESA12	ESA09	4.48	298.63	2.85	0.00	0.00	0.00	0.00
	EIB06	ESA13	2.26	145.68	-0.35	0.00	0.00	0.00	0.00
	ESA13	ESA14	8.13	108.83	0.55	0.00	0.00	0.00	0.00
	EQB03	ESB01	3.34	122.93	-7.80	0.00	0.00	0.00	0.00
	ESB01	ESB02	8.03	237.27	0.00	0.00	0.00	0.00	0.00
	ESB02	ESB03	2.80	344.13	0.10	0.00	0.00	0.00	0.00
	ESB03	ESB04	2.30	257.43	10.40	0.00	0.00	0.00	0.00
	ESB04	EQB04	8.71	30.63	1.45	0.00	0.00	0.00	0.00
	EQB03	ESB05	3.35	22.08	-4.30	0.00	0.00	0.00	0.00
	ESB05	ESB06	5.70	124.38	-2.75	0.00	0.00	0.00	0.00
	ESB03	ESB03a	13.40	226.43	2.40	0.00	0.00	0.00	0.00
	DRB03	ETA01	12.15	227.33	0.70	0.00	0.00	0.00	0.00
	ETA01	ERA06	7.80	86.23	-0.50	0.00	0.00	0.00	0.00
	ETA01	ETA01a	14.49	270.93	-1.20	0.00	0.00	0.00	0.00
	ETA01	ETA02	10.56	328.78	-1.35	0.00	0.00	0.00	0.00
	ETA01	ERA07	5.92	254.23	-0.60	0.00	0.00	0.00	0.00
	ETA01	ETA03	9.88	272.43	-0.15	0.00	0.00	0.00	0.00
	ETA03	ETA02	9.59	28.33	-0.65	0.00	0.00	0.00	0.00
	ETA02	ETA02a	7.80	54.63	0.80	0.00	0.00	0.00	0.00
	ETA02	ETA04	10.70	224.83	7.20	0.00	0.00	0.00	0.00
	ETA04	ETA05	7.41	153.08	-11.00	0.00	0.00	0.00	0.00
	ETA05	ERA07	5.91	41.53	3.70	0.00	0.00	0.00	0.00
	ETA04	ETA04a	6.34	344.03	-13.10	0.00	0.00	0.00	0.00
	DQD02	DQD02c	11.71	79.03	-0.30	0.00	0.00	0.00	0.00
	DQD02	DQD02b	7.05	54.33	2.80	0.00	0.00	0.00	0.00
	C2E10	ETB01	3.45	251.43	-5.30	0.00	0.00	0.00	0.00
	ETB01	ETB01a	7.73	19.43	-0.10	0.00	0.00	0.00	0.00
	C2E10	ERB02	10.65	273.33	-0.50	0.00	0.00	0.00	0.00
	C2E10	C2E10a	3.75	109.33	5.20	0.00	0.00	0.00	0.00
	C2E10	C2E10b	11.15	107.33	-1.00	0.00	0.00	0.00	0.00
	CCC17	EXA01	13.96	331.00	-6.05	0.00	0.00	0.00	0.00
	EXA01	CDA04	10.48	233.53	1.08	0.00	0.00	0.00	0.00
	EXA01	EXA01a	7.69	60.73	-1.00	0.00	0.00	0.00	0.00
	EXA01	EXA02	7.07	309.70	-0.20	0.00	0.00	0.00	0.00
	EXA02	EXA02a	8.08	222.99	4.30	0.00	0.00	0.00	0.00
	EXA02	EXA02b	8.71	76.63	6.40	0.00	0.00	0.00	0.00
	ESB01	EXB01	12.43	164.48	0.10	0.00	0.00	0.00	0.00
	EXB01	EXB02	5.79	121.08	0.00	0.00	0.00	0.00	0.00
	EXB02	EXB03	5.78	171.53	2.60	0.00	0.00	0.00	0.00
	EXB03	EXB04	6.55	183.93	-3.00	0.00	0.00	0.00	0.00
	EXB04	EXB05	3.26	241.73	4.50	0.00	0.00	0.00	0.00
	EXB04	EXB06	1.93	282.03	11.45	0.00	0.00	0.00	0.00
	EXB05	EXB07	6.18	128.48	-0.10	0.00	0.00	0.00	0.00
	EXB07	EXB08	4.96	179.88	-1.75	0.00	0.00	0.00	0.00
	EXB01	EXB01a	8.13	13.73	1.80	0.00	0.00	0.00	0.00
	EXB01	EXB01b	16.30	70.53	-0.80	0.00	0.00	0.00	0.00
	EXB02	EXB09	10.46	237.58	-0.15	0.00	0.00	0.00	0.00
	EXB09	EXB06	9.77	131.28	2.20	0.00	0.00	0.00	0.00
	EOA11	EXD01	5.29	50.53	-1.00	0.00	0.00	0.00	0.00
	EXD01	EXD02	5.44	34.98	-2.05	0.00	0.00	0.00	0.00
	EXD02	EXD03	2.35	102.23	0.80	0.00	0.00	0.00	0.00
	EXD03	EXD04	9.90	209.43	0.35	0.00	0.00	0.00	0.00
	EXD04	EOA08	2.65	358.08	-1.15	0.00	0.00	0.00	0.00
	EXD02	EXD02a	6.00	32.93	-6.00	0.00	0.00	0.00	0.00
	EXD03	EXD03a	4.72	349.73	-8.00	0.00	0.00	0.00	0.00
	EXD01	EXD05	8.21	330.88	-1.00	0.00	0.00	0.00	0.00
	EXD05	EXD05a	24.48	49.43	0.10	0.00	0.00	0.00	0.00
	EXD05	EXD06	7.42	236.38	-2.15	0.00	0.00	0.00	0.00
	EXD06	EXD06a	12.61	42.73	1.70	0.00	0.00	0.00	0.00
	EXD06	EXD07	3.64	189.08	3.95	0.00	0.00	0.00	0.00
	EXD07	EXD08	4.62	210.68	3.05	0.00	0.00	0.00	0.00
	EXD08	EXD09	2.04	280.38	-8.95	0.00	0.00	0.00	0.00
	EXD06	EXD10	8.55	155.23	3.20	0.00	0.00	0.00	0.00
	EXD10	EOA11	2.72	58.33	0.40	0.00	0.00	0.00	0.00
	EXD09	EOC10	1.91	271.68	0.50	0.00	0.00	0.00	0.00
	EOC10	EXD11	3.22	233.63	3.05	0.00	0.00	0.00	0.00
	EXD11	EXD12	8.31	23.73	-1.70	0.00	0.00	0.00	0.00
	EXD12	EXD13	5.85	85.73	0.55	0.00	0.00	0.00	0.00
	EXD13	EXD07	2.71	188.38	-0.35	0.00	0.00	0.00	0.00
	EXD11	EOC07	8.21	292.48	-1.65	0.00	0.00	0.00	0.00
	EOC07	EXD14	3.16	29.53	-1.70	0.00	0.00	0.00	0.00
	EXD14	EXD14a	23.20	52.73	-0.20	0.00	0.00	0.00	0.00
	EXD14	EXD15	4.18	285.58	0.00	0.00	0.00	0.00	0.00
	EXD15	EXD16	8.42	46.83	0.40	0.00	0.00	0.00	0.00
	EXD16	EXD17	7.48	261.73	-0.10	0.00	0.00	0.00	0.00
	EXD17	EXD15	4.90	170.68	-0.05	0.00	0.00	0.00	0.00
	EXD16	EXD16a	11.19	136.13	-0.20	0.00	0.00	0.00	0.00
	EXD16	EXD18	4.61	6.38	-0.80	0.00	0.00	0.00	0.00
	EXD18	EXD18a	7.68	331.13	-5.30	0.00	0.00	0.00	0.00
	EXD18	EXD19	7.18	74.63	0.90	0.00	0.00	0.00	0.00
	EXD19	EXB08	8.15	307.23	0.20	0.00	0.00	0.00	0.00
	EXD19	EXD07	14.97	159.88	0.15	0.00	0.00	0.00	0.00
	EXD07	EXD20	8.56	344.13	-0.30	0.00	0.00	0.00	0.00
	EXD20	EXD20a	20.42	242.53	-0.30	0.00	0.00	0.00	0.00
	EXD20	EXD20b	21.91	39.43	-0.70	0.00	0.00	0.00	0.00
	ECA03	EXF01	11.00	271.53	-0.05	0.00	0.00	0.00	0.00
	EXF01	EXF02	2.83	180.13	-22.50	0.00	0.00	0.00	0.00
	EXF02	EFA02	7.81	222.53	0.85	0.00	0.00	0.00	0.00
	EXF02	EBD02	14.65	320.38	0.95	0.00	0.00	0.00	0.00
	EYA03	EYA04	17.35	54.87	-5.54	0.00	0.00	0.00	0.00
	EYA04	EYA04a	10.95	271.53	-2.40	0.00	0.00	0.00	0.00
	DRC19	EYA05	14.97	50.48	-7.70	0.00	0.00	0.00	0.00
	EYA05	EYA05a	5.24	32.03	-2.90	0.00	0.00	0.00	0.00
	DRC19	EYA06	7.30	36.10	-10.90	0.00	0.00	0.00	0.00
	EYA06	EYA06a	3.80	356.93	-13.10	0.00	0.00	0.00	0.00
	EYA06a	DRC17	12.31	277.73	18.00	0.00	0.00	0.00	0.00
	DQB32	EYA01	11.28	80.63	1.35	0.00	0.00	0.00	0.00
	DQB32	EYA02	4.87	43.98	0.20	0.00	0.00	0.00	0.00
	EYA02	EYA04	10.54	324.48	-3.20	0.00	0.00	0.00	0.00
	DQB34	EYA03	10.64	294.78	5.80	0.00	0.00	0.00	0.00
	EYA02	EYA02b	8.40	36.93	0.10	0.00	0.00	0.00	0.00
	EYA01	EYA01a	3.90	83.13	17.80	0.00	0.00	0.00	0.00
	EYA01	EYA01b	7.84	346.53	-5.20	0.00	0.00	0.00	0.00
	CPC14	EYB01	6.83	155.88	-0.55	0.00	0.00	0.00	0.00
	EYB01	DNC03	9.47	259.38	-3.05	0.00	0.00	0.00	0.00
	CPC15	EYB02	11.54	49.58	-1.30	0.00	0.00	0.00	0.00
	CPC14	CPC15	3.55	338.33	-6.10	0.00	0.00	0.00	0.00
	EYB02	EYB03	3.50	8.33	1.70	0.00	0.00	0.00	0.00
	EYB03	EYB03a	4.23	326.73	-1.10	0.00	0.00	0.00	0.00
	EYB03	CPC10	8.53	257.23	0.55	0.00	0.00	0.00	0.00
	EYB03	EYB03b	15.50	101.63	0.10	0.00	0.00	0.00	0.00
	CPC10	CPC11	3.38	321.23	-0.90	0.00	0.00	0.00	0.00
	CPC11	EYB04	5.76	63.53	-0.60	0.00	0.00	0.00	0.00
	EYB04	EYB05	3.39	299.88	-3.15	0.00	0.00	0.00	0.00
	EYB05	EYB05a	5.15	28.23	-2.20	0.00	0.00	0.00	0.00
	EYB04	EYB06	2.06	185.08	-8.95	0.00	0.00	0.00	0.00
	EYB06	EYB07	7.84	73.28	2.35	0.00	0.00	0.00	0.00
	EYB01	EYB08	1.69	127.38	-13.30	0.00	0.00	0.00	0.00
	CPC14	EYB09	2.55	60.73	-3.20	0.00	0.00	0.00	0.00
	EYB09	EYB09a	9.19	104.53	-1.00	0.00	0.00	0.00	0.00
	EYB08	EYB09a	8.74	49.23	1.00	0.00	0.00	0.00	0.00
	EYB08	EYB08a	7.65	198.43	2.70	0.00	0.00	0.00	0.00
	EYB09	EYB09b	26.85	93.63	-1.10	0.00	0.00	0.00	0.00
	EYB08	EYB08b	17.58	46.23	0.00	0.00	0.00	0.00	0.00
	EZA02	EZA06	5.31	195.73	3.80	0.00	0.00	0.00	0.00
	EZA06	EZA03	6.32	97.63	2.45	0.00	0.00	0.00	0.00
	EZA03	EZA03a	15.49	39.73	2.40	0.00	0.00	0.00	0.00
	EZA03	EZA03b	13.17	267.13	-1.00	0.00	0.00	0.00	0.00
	DQB19	DQB19b	13.11	266.13	-5.20	0.00	0.00	0.00	0.00
	DQB36	EZA01	9.72	242.33	0.10	0.00	0.00	0.00	0.00
	EZA01	DUA14	10.26	242.13	-8.60	0.00	0.00	0.00	0.00
	DUA14	EZA02	15.35	212.08	-0.20	0.00	0.00	0.00	0.00
	EZA03	EZA04	4.67	200.88	-4.15	0.00	0.00	0.00	0.00
	EZA04	DQB07	3.01	19.93	72.00	0.00	0.00	0.00	0.00
	EZA01	EZA01a	10.78	156.63	-4.70	0.00	0.00	0.00	0.00
	EZA03	EZA05	1.04	268.98	-63.10	0.00	0.00	0.00	0.00
	EZA05	DUA14	19.42	11.28	0.70	0.00	0.00	0.00	0.00
	EYB07	EYB07a	3.63	51.83	1.00	0.00	0.00	0.00	0.00
	EYB07	EYB07b	6.43	76.13	-0.90	0.00	0.00	0.00	0.00
	EYB07	EYB07c	33.98	91.43	-1.30	0.00	0.00	0.00	0.00
	CLB06	CLB06a	1.00	350.43	-90.00	0.00	0.00	0.00	0.00
	CLB06a	CLB06b	13.70	55.83	-1.10	0.00	0.00	0.00	0.00
	CLB05	FAA02	4.90	10.98	-23.40	0.00	0.00	0.00	0.00
	FAA02	FAA01	11.09	154.98	5.10	0.00	0.00	0.00	0.00
	FAA01	CLB08	2.28	66.23	57.20	0.00	0.00	0.00	0.00
	FAA02	CLB03	7.26	333.88	-8.50	0.00	0.00	0.00	0.00
	CKB65	CKB65a	9.94	166.73	-10.90	0.00	0.00	0.00	0.00
	CSA02a	CSA02b	6.00	220.43	-10.00	0.00	0.00	0.00	0.00
	FAB02	FAB03	5.84	50.78	5.85	0.00	0.00	0.00	0.00
	FAB02	FAB01	1.96	111.63	13.20	0.00	0.00	0.00	0.00
	EFF17	FAB03	2.71	270.68	21.40	0.00	0.00	0.00	0.00
	FAB01	FAB01a	13.25	141.83	-0.50	0.00	0.00	0.00	0.00
	EFF23	FAB01	4.95	161.98	6.35	0.00	0.00	0.00	0.00
	FAB01	FAB04	10.41	242.23	-2.50	0.00	0.00	0.00	0.00
	FAB04	FAB05	3.31	165.23	-11.80	0.00	0.00	0.00	0.00
	FAB05	FAB05a	19.71	266.63	2.10	0.00	0.00	0.00	0.00
	FAB04	FAB04a	12.28	145.53	2.40	0.00	0.00	0.00	0.00
	FAB05	FAB06	13.28	98.93	2.15	0.00	0.00	0.00	0.00
	FAB06	EAB13	3.15	234.93	0.50	0.00	0.00	0.00	0.00
	EFF23	FAB07	7.93	288.08	-0.45	0.00	0.00	0.00	0.00
	FAB07	FAB08	3.32	310.98	0.10	0.00	0.00	0.00	0.00
	FAB08	FAB08a	18.74	37.03	-3.00	0.00	0.00	0.00	0.00
	FAB08	FAB08b	11.42	39.43	-2.40	0.00	0.00	0.00	0.00
	FAB08	FAB08c	16.67	324.13	-1.80	0.00	0.00	0.00	0.00
	FAB07	FAB09	4.02	182.28	-1.78	0.00	0.00	0.00	0.00
	FAB09	FAB09a	3.49	230.53	-18.20	0.00	0.00	0.00	0.00
	FBA03	FBA03a	7.21	328.93	4.00	0.00	0.00	0.00	0.00
	FBA05	FBA07	7.41	202.58	-1.65	0.00	0.00	0.00	0.00
	FBA07	AGB01	7.00	101.93	4.30	0.00	0.00	0.00	0.00
	DFA09	DFA09b	9.05	276.33	-26.40	0.00	0.00	0.00	0.00
	DFA03	FBA01	6.37	139.78	-2.10	0.00	0.00	0.00	0.00
	FBA01	CKB69	1.50	216.43	87.60	0.00	0.00	0.00	0.00
	AFB12	FBA02	3.58	327.48	-24.80	0.00	0.00	0.00	0.00
	AFB11	FBA03	1.40	39.98	0.75	0.00	0.00	0.00	0.00
	FBA03	FBA02	5.50	265.93	-6.60	0.00	0.00	0.00	0.00
	AXC05	FBA04	2.02	254.98	-7.25	0.00	0.00	0.00	0.00
	FBA04	AFB11	5.27	264.08	-5.35	0.00	0.00	0.00	0.00
	FBA03	FBA05	11.32	278.73	3.20	0.00	0.00	0.00	0.00
	FBA05	FBA06	2.44	217.03	-3.65	0.00	0.00	0.00	0.00
	FBA06	FBA06a	6.86	310.95	-5.30	0.00	0.00	0.00	0.00
	FBA06	FBA06b	8.18	279.63	-3.20	0.00	0.00	0.00	0.00
	FBA06	FBA06c	14.41	283.63	-1.90	0.00	0.00	0.00	0.00
	FBA05	FBA05a	4.40	338.63	-7.60	0.00	0.00	0.00	0.00
	CZC01	CZC01a	20.78	28.53	1.70	0.00	0.00	0.00	0.00
	AUA02	AUA02a	7.74	338.23	0.50	0.00	0.00	0.00	0.00
	AUA02a	AUA02b	5.67	70.63	-4.20	0.00	0.00	0.00	0.00
	AUA02b	AUA02c	5.43	306.43	3.50	0.00	0.00	0.00	0.00
	AUA02	AUA02d	20.57	273.03	-0.60	0.00	0.00	0.00	0.00
	ALA09	A11	2.42	145.33	28.60	0.00	0.00	0.00	0.00
	EOC01	FCB01	11.83	40.63	-1.45	0.00	0.00	0.00	0.00
	FCB01	FCB02	2.63	16.93	7.15	0.00	0.00	0.00	0.00
	FCB02	ESA14	2.58	295.88	-6.30	0.00	0.00	0.00	0.00
	FCB01	FCB03	8.42	58.08	1.90	0.00	0.00	0.00	0.00
	FCB03	FCB04	2.46	326.38	-1.15	0.00	0.00	0.00	0.00
	FCB04	FCB04a	14.03	32.33	1.20	0.00	0.00	0.00	0.00
	FCB04	FCB02	6.37	230.68	0.00	0.00	0.00	0.00	0.00
	FCB03	FCB03a	8.85	69.83	-5.10	0.00	0.00	0.00	0.00
	FCB03	FCB05	8.55	152.08	-1.00	0.00	0.00	0.00	0.00
	FCB05	EXD14	5.75	119.83	-2.25	0.00	0.00	0.00	0.00
	FCB04	FCB06	7.78	307.98	-2.40	0.00	0.00	0.00	0.00
	FCB06	ESA12	4.43	14.43	0.60	0.00	0.00	0.00	0.00
	FCB01	FCB07	8.76	133.93	-1.60	0.00	0.00	0.00	0.00
	FCB07	EXD16	13.79	49.38	0.75	0.00	0.00	0.00	0.00
	ADB01	FDB01	13.19	18.93	-3.60	0.00	0.00	0.00	0.00
	FDB01	FDB02	3.00	285.48	-38.80	0.00	0.00	0.00	0.00
	FDB02	FDB02a	8.46	321.43	-9.50	0.00	0.00	0.00	0.00
	FDB02	FDB02b	6.35	272.43	-6.70	0.00	0.00	0.00	0.00
	ADB07	ADB07b	22.02	270.93	0.70	0.00	0.00	0.00	0.00
	ADB07	ADB09	7.69	242.33	-0.90	0.00	0.00	0.00	0.00
	ADB09	FDB03	3.00	199.03	11.90	0.00	0.00	0.00	0.00
	FDB03	FDB03a	7.88	274.73	-6.00	0.00	0.00	0.00	0.00
	FDB03	FDB03b	9.70	207.83	-8.80	0.00	0.00	0.00	0.00
	ADB11	FDB04	2.07	61.23	4.70	0.00	0.00	0.00	0.00
	FDB04	BIB07	4.17	342.53	-0.60	0.00	0.00	0.00	0.00
	BIB03	BIB03a	3.31	160.23	10.00	0.00	0.00	0.00	0.00
	BIB07	BIB07a	5.28	101.73	-10.80	0.00	0.00	0.00	0.00
	BIB07	BIB07b	6.12	7.83	-1.90	0.00	0.00	0.00	0.00
	BIB06	BIB06a	9.53	331.03	-7.80	0.00	0.00	0.00	0.00
	BIB07	BIB06	4.38	251.13	7.15	0.00	0.00	0.00	0.00
	BIB06	BIB05	4.41	280.43	-11.20	0.00	0.00	0.00	0.00
	BIB05	FDB05	7.89	253.08	2.05	0.00	0.00	0.00	0.00
	FDB05	FDB06	1.60	296.33	-4.15	0.00	0.00	0.00	0.00
	FDB06	FDB07	3.09	212.03	-3.75	0.00	0.00	0.00	0.00
	FDB07	FDB07a	4.47	282.23	5.80	0.00	0.00	0.00	0.00
	FDB07	FDB08	2.13	182.58	1.10	0.00	0.00	0.00	0.00
	FDB08	FDB08a	9.42	267.53	4.60	0.00	0.00	0.00	0.00
	FDB08	FDB08b	10.48	157.03	3.00	0.00	0.00	0.00	0.00
	AFB05	AFB05a	10.79	324.83	-2.60	0.00	0.00	0.00	0.00
	BNC14	FEA01	4.81	195.73	-12.10	0.00	0.00	0.00	0.00
	FEA01	FEA02	6.62	244.26	1.38	0.00	0.00	0.00	0.00
	FEA02	FEA05	10.50	227.73	-5.90	0.00	0.00	0.00	0.00
	FEA05	BRB07	3.74	344.93	31.17	0.00	0.00	0.00	0.00
	FEA05	FEA06	2.38	180.23	-16.00	0.00	0.00	0.00	0.00
	FEA06	FEA07	8.02	230.88	9.50	0.00	0.00	0.00	0.00
	FEA07	BNC20	9.84	3.93	12.20	0.00	0.00	0.00	0.00
	BNC14	FEA03	2.36	226.13	2.57	0.00	0.00	0.00	0.00
	FEA03	FEA04	9.93	273.60	-1.57	0.00	0.00	0.00	0.00
	FEA04	BRB03	4.63	106.96	7.05	0.00	0.00	0.00	0.00
	BNC17	BNC17a	15.12	136.83	-15.40	0.00	0.00	0.00	0.00
	AHA03	FEB01	1.75	342.23	-6.90	0.00	0.00	0.00	0.00
	FEB01	FEB01a	15.63	326.03	-4.10	0.00	0.00	0.00	0.00
	FBA03	FEB02	5.00	332.28	-0.35	0.00	0.00	0.00	0.00
	FEB02	AXC06	5.02	104.33	6.50	0.00	0.00	0.00	0.00
	BQC05	FEB03	2.18	156.31	22.48	0.00	0.00	0.00	0.00
	FEB03	FEB04	5.11	212.33	-11.15	0.00	0.00	0.00	0.00
	FEB04	FEB02	2.13	69.43	3.40	0.00	0.00	0.00	0.00
	FEB02	FEB02a	15.16	272.43	-1.30	0.00	0.00	0.00	0.00
	FEB02	FEB02b	19.93	272.23	0.40	0.00	0.00	0.00	0.00
	FBA03	FEB05	2.89	240.63	6.40	0.00	0.00	0.00	0.00
	FEB05	FEB05a	7.55	329.93	-2.70	0.00	0.00	0.00	0.00
	BQC05	BQC05a	11.29	281.53	2.60	0.00	0.00	0.00	0.00
	BQC09	BQC09a	4.54	337.43	5.80	0.00	0.00	0.00	0.00
	BQC09a	BQC09b	8.11	39.43	-7.30	0.00	0.00	0.00	0.00
	BQC03	BQC03a	16.48	31.43	-1.50	0.00	0.00	0.00	0.00
	EOE02	FEB06	5.30	336.18	-1.30	0.00	0.00	0.00	0.00
	FEB06	FEB07	5.40	250.13	0.05	0.00	0.00	0.00	0.00
	FEB07	FEB09	8.85	234.68	-0.35	0.00	0.00	0.00	0.00
	FEB09	D1C10	2.19	105.38	-7.65	0.00	0.00	0.00	0.00
	FEB06	FEB06a	15.26	53.93	0.20	0.00	0.00	0.00	0.00
	FEB06	FEB06b	5.23	63.93	-2.20	0.00	0.00	0.00	0.00
	FEB07	FEB08	2.64	337.43	8.05	0.00	0.00	0.00	0.00
	FEB08	FEB08a	16.66	30.63	-1.60	0.00	0.00	0.00	0.00
	FEB07	FEB07a	7.92	292.43	-0.60	0.00	0.00	0.00	0.00
	EJA07	EGB07	5.73	117.73	1.95	0.00	0.00	0.00	0.00
	EGB07	EJA06	4.33	24.98	-1.85	0.00	0.00	0.00	0.00
	EJA06	FFB01	3.10	292.76	-5.45	0.00	0.00	0.00	0.00
	FFB01	FFB01a	19.69	30.43	-0.30	0.00	0.00	0.00	0.00
	FFB01	FFB01b	18.81	46.63	-1.00	0.00	0.00	0.00	0.00
	EJA06	EJA06a	8.19	75.43	-1.10	0.00	0.00	0.00	0.00
	ELA16	FFB02	9.78	94.23	0.40	0.00	0.00	0.00	0.00
	FFB02	FFB02a	5.95	325.33	-10.90	0.00	0.00	0.00	0.00
	FFB02	FFB02b	12.55	40.03	0.20	0.00	0.00	0.00	0.00
	FFB02	FFB02c	5.48	189.43	-9.60	0.00	0.00	0.00	0.00
	FFB02	FFB02d	9.93	148.53	1.40	0.00	0.00	0.00	0.00
	BHD10	BHD10a	7.43	249.53	-7.50	0.00	0.00	0.00	0.00
	BJA12	FGA01	1.75	301.23	-21.30	0.00	0.00	0.00	0.00
	FGA01	BJA03	9.71	318.93	4.70	0.00	0.00	0.00	0.00
	BMB03	FGA02	2.30	301.63	-21.25	0.00	0.00	0.00	0.00
	FGA02	FGA03	8.75	269.68	1.65	0.00	0.00	0.00	0.00
	FGA03	BMB04	5.09	148.13	-0.40	0.00	0.00	0.00	0.00
	BUB32	BUB32a	6.13	228.83	-12.40	0.00	0.00	0.00	0.00
	BXB09	FGA04	3.27	36.98	2.85	0.00	0.00	0.00	0.00
	FGA04	CFC03	11.72	153.58	0.60	0.00	0.00	0.00	0.00
	C1A13	FHB01	1.45	334.98	-5.75	0.00	0.00	0.00	0.00
	C1A03a	FHB02	9.15	0.73	0.95	0.00	0.00	0.00	0.00
	FHB03	FHB04	3.51	291.48	2.20	0.00	0.00	0.00	0.00
	FHB03	FHB02	2.13	250.03	17.30	0.00	0.00	0.00	0.00
	FHB01	FHB02	8.54	252.03	-6.45	0.00	0.00	0.00	0.00
	FHB04	FHB05	3.26	250.03	4.10	0.00	0.00	0.00	0.00
	FHB05	C1A01	2.21	250.28	32.10	0.00	0.00	0.00	0.00
	DBA21	DBA21a	8.28	47.63	-7.90	0.00	0.00	0.00	0.00
	EXD19	FKA01	11.59	41.33	1.20	0.00	0.00	0.00	0.00
	FKA01	FKA02	4.99	300.38	-0.35	0.00	0.00	0.00	0.00
	FKA02	FKA03	4.09	28.73	-0.20	0.00	0.00	0.00	0.00
	FKA03	FKA04	3.91	65.98	-1.25	0.00	0.00	0.00	0.00
	FKA04	FKA05	4.28	115.58	0.25	0.00	0.00	0.00	0.00
	FKA05	FKA06	5.84	194.98	0.40	0.00	0.00	0.00	0.00
	FKA06	FKA02	8.19	285.63	1.15	0.00	0.00	0.00	0.00
	FKA05	FKA07	7.86	161.33	1.35	0.00	0.00	0.00	0.00
	FKA07	FKA08	2.54	88.68	-2.65	0.00	0.00	0.00	0.00
	BXA18	FLA01	5.02	166.01	-3.00	0.00	0.00	0.00	0.00
	FLA01	FLA01a	5.50	53.63	0.20	0.00	0.00	0.00	0.00
	BRA11	FLA02	2.37	328.18	-11.25	0.00	0.00	0.00	0.00
	FLA02	FLA03	10.01	34.53	0.80	0.00	0.00	0.00	0.00
	FLA03	BNA14	4.03	250.36	-2.68	0.00	0.00	0.00	0.00
	BNA10	FLA04	4.33	175.28	-23.25	0.00	0.00	0.00	0.00
	FLA04	FLA05	12.58	69.78	4.55	0.00	0.00	0.00	0.00
	FLA05	BNA15	8.07	310.78	-7.25	0.00	0.00	0.00	0.00
	CCC19	FLA06	5.40	248.18	-24.05	0.00	0.00	0.00	0.00
	FLA06	FLA07	14.70	226.93	2.00	0.00	0.00	0.00	0.00
	FLA07	CSA02a	7.42	82.73	4.50	0.00	0.00	0.00	0.00
	CCC30	FMA01	7.41	356.43	-6.75	0.00	0.00	0.00	0.00
	FMA01	FMA01a	8.18	14.93	-11.50	0.00	0.00	0.00	0.00
	DFA17	FMA02	11.40	248.23	-0.90	0.00	0.00	0.00	0.00
	FMA02	FMA03	6.88	236.48	-2.85	0.00	0.00	0.00	0.00
	FMA03	FMA04	3.95	250.78	8.45	0.00	0.00	0.00	0.00
	FMA04	FMA04a	4.59	178.23	4.90	0.00	0.00	0.00	0.00
	FMA04	FMA04b	5.55	217.33	37.50	0.00	0.00	0.00	0.00
	CXC07	CXC07a	13.43	64.43	2.30	0.00	0.00	0.00	0.00
	EOE05	FMB01	11.75	25.93	-3.75	0.00	0.00	0.00	0.00
	FMB01	FMB02	3.44	12.73	15.40	0.00	0.00	0.00	0.00
	FMB02	FMB03	10.73	237.83	2.20	0.00	0.00	0.00	0.00
	FMB03	EOE03	2.07	193.38	-12.00	0.00	0.00	0.00	0.00
	FMB02	FMB05	9.45	271.28	0.65	0.00	0.00	0.00	0.00
	FMB05	EOE02	2.48	221.78	-4.35	0.00	0.00	0.00	0.00
	FMB02	FMB04	2.36	282.48	-7.45	0.00	0.00	0.00	0.00
	FMB02	FMB02a	17.82	93.93	0.10	0.00	0.00	0.00	0.00
	FMB04	FMB04a	6.68	26.33	-2.80	0.00	0.00	0.00	0.00
	FEB06	FMB06	4.39	57.28	4.90	0.00	0.00	0.00	0.00
	FMB06	FMB06a	9.34	328.13	-1.40	0.00	0.00	0.00	0.00
	EOE02	FEB06	5.31	336.28	-1.25	0.00	0.00	0.00	0.00
	BVC03	FMC01	4.14	19.28	7.30	0.00	0.00	0.00	0.00
	FMC01	FMC01a	16.98	95.13	0.80	0.00	0.00	0.00	0.00
	DLD03	DLD03b	0.33	320.43	0.00	0.00	0.00	0.00	0.00
	DLD03b	DLD03c	27.74	219.58	-1.70	0.00	0.00	0.00	0.00
	CMF06b	DLD03d	24.37	321.33	-0.90	0.00	0.00	0.00	0.00
	EXB05	FNB01	11.80	276.23	2.35	0.00	0.00	0.00	0.00
	FNB01	FNB01a	5.16	201.63	4.00	0.00	0.00	0.00	0.00
	FNB01	FNB02	8.08	51.43	1.45	0.00	0.00	0.00	0.00
	FNB02	EXB09	1.73	339.23	-18.60	0.00	0.00	0.00	0.00
	BXC25	FSA01	4.64	288.33	-9.80	0.00	0.00	0.00	0.00
	FSA01	FSA01a	11.73	64.13	-3.40	0.00	0.00	0.00	0.00
	FSA01	FSA01b	7.39	12.83	-4.50	0.00	0.00	0.00	0.00
	FSA01	FSA01c	20.17	277.63	-0.40	0.00	0.00	0.00	0.00
	FSA01	FSA01d	13.38	332.83	-2.00	0.00	0.00	0.00	0.00
	FKA02	EXB08	11.53	237.23	-0.80	0.00	0.00	0.00	0.00
	FKA02	FSB01	4.46	265.03	-2.15	0.00	0.00	0.00	0.00
	FSB01	EXB07	5.24	259.53	2.45	0.00	0.00	0.00	0.00
	EXB07	EXB08	4.85	180.73	-2.25	0.00	0.00	0.00	0.00
	FSB01	FSB02	4.47	348.38	-0.20	0.00	0.00	0.00	0.00
	FSB02	EXB04	6.32	268.58	0.20	0.00	0.00	0.00	0.00
	EXB01	EXB02	5.70	120.18	-2.30	0.00	0.00	0.00	0.00
	EXB02	EXB09	10.50	236.73	1.40	0.00	0.00	0.00	0.00
	EXB09	FTA01	2.90	18.83	-0.30	0.00	0.00	0.00	0.00
	FTA01	EXB02	8.30	69.83	-1.45	0.00	0.00	0.00	0.00
	FTA01	FTA02	9.00	359.48	-0.90	0.00	0.00	0.00	0.00
	FTA02	EXB01	4.35	137.58	1.70	0.00	0.00	0.00	0.00
	FTA01	FTA03	5.60	350.68	0.05	0.00	0.00	0.00	0.00
	FTA03	FTA04	6.10	299.68	-0.15	0.00	0.00	0.00	0.00
	FTA01	FTA04	10.60	323.88	-0.05	0.00	0.00	0.00	0.00
	FTA04	FTA05	8.90	230.48	1.75	0.00	0.00	0.00	0.00
	FTA01	FTA05	13.65	281.13	1.10	0.00	0.00	0.00	0.00
	FTA05	FTA06	6.90	264.38	1.60	0.00	0.00	0.00	0.00
	FTA06	ESB03	18.50	40.98	-2.15	0.00	0.00	0.00	0.00
	FTA05	FTA07	10.70	316.18	-1.10	0.00	0.00	0.00	0.00
	FTA07	FTA08	6.05	38.93	2.75	0.00	0.00	0.00	0.00
	FTA08	EQB01	8.90	317.28	-2.05	0.00	0.00	0.00	0.00
	FTA08	FTA08a	9.70	41.63	-0.20	0.00	0.00	0.00	0.00
	FTA07	FTA09	5.80	192.13	2.65	0.00	0.00	0.00	0.00
	FTA09	FTA10	9.50	280.93	2.60	0.00	0.00	0.00	0.00
	ESB02	FTA04	4.64	166.13	-0.15	0.00	0.00	0.00	0.00
	BQB23	FUA01	6.53	144.68	-9.55	0.00	0.00	0.00	0.00
	EXB03	FUB01	8.58	32.63	-2.55	0.00	0.00	0.00	0.00
	FUB01	FUB02	5.54	89.23	1.05	0.00	0.00	0.00	0.00
	FUB02	FUB03	7.61	172.33	-1.25	0.00	0.00	0.00	0.00
	FUB03	FUB04	7.22	254.78	0.20	0.00	0.00	0.00	0.00
	FUB04	EXB03	4.74	296.48	2.95	0.00	0.00	0.00	0.00
	FUB01	FUB05	2.82	320.28	0.45	0.00	0.00	0.00	0.00
	FUB05	FUB06	7.97	72.88	-0.95	0.00	0.00	0.00	0.00
	FUB06	FUB02	4.62	184.83	1.30	0.00	0.00	0.00	0.00
	FUB03	FKA04	7.23	133.08	0.90	0.00	0.00	0.00	0.00
	AAA01	FUC01	19.76	94.68	-13.17	0.00	0.00	0.00	0.00
	FUC01	AAA04	9.85	120.68	-12.35	0.00	0.00	0.00	0.00
	FUC01	AAA03	3.57	48.03	-20.80	0.00	0.00	0.00	0.00
	FLA01	FUD01	9.71	55.53	-2.10	0.00	0.00	0.00	0.00
	DPA05	FUD01	3.43	208.43	-5.30	0.00	0.00	0.00	0.00
	FLA01	BXA18	5.08	349.08	-3.60	0.00	0.00	0.00	0.00
	ELA18	FVA01	3.55	279.53	0.55	0.00	0.00	0.00	0.00
	FVA01	FVA02	7.58	285.03	-5.50	0.00	0.00	0.00	0.00
	FVA02	EOA05	2.97	40.03	14.80	0.00	0.00	0.00	0.00
	EOA07	FVA03	5.53	147.93	3.60	0.00	0.00	0.00	0.00
	FVA03	FVA02	8.02	49.93	-7.80	0.00	0.00	0.00	0.00
	FVA03	FVA03a	5.34	273.03	5.34	0.00	0.00	0.00	0.00
	FVA03	FVA04	2.75	34.68	-5.05	0.00	0.00	0.00	0.00
	FVA04	FVA05	9.15	139.93	-0.75	0.00	0.00	0.00	0.00
	FVA05	FVA05a	8.82	166.33	1.20	0.00	0.00	0.00	0.00
	FVA05	FVA05b	11.09	267.93	-0.40	0.00	0.00	0.00	0.00
	FVA05	FVA05c	5.75	232.43	-0.30	0.00	0.00	0.00	0.00
	FVA05	ENA04	4.34	20.33	1.95	0.00	0.00	0.00	0.00
	DUA05	DUA06	9.74	163.63	0.30	0.00	0.00	0.00	0.00
	DUA05	DUA08	5.03	251.93	0.70	0.00	0.00	0.00	0.00
	DMA03	FWA01	4.91	249.03	11.45	0.00	0.00	0.00	0.00
	FWA01	FWA02	6.37	104.93	1.40	0.00	0.00	0.00	0.00
	FWA02	FWA03	4.60	145.18	26.20	0.00	0.00	0.00	0.00
	FWA03	DLA02	8.81	163.98	-9.20	0.00	0.00	0.00	0.00
	FWA04	DMA09	5.96	29.23	-37.40	0.00	0.00	0.00	0.00
	FWA03	FWA04	1.57	52.93	-60.50	0.00	0.00	0.00	0.00
	AAA01	AAA01a	13.16	82.58	-26.10	0.00	0.00	0.00	0.00
	AAA01a	AAA01b	13.48	45.73	-3.20	0.00	0.00	0.00	0.00
	AAA03	AAA02a	8.02	222.33	3.10	0.00	0.00	0.00	0.00
	AAA02a	AAA02b	16.00	16.13	-3.50	0.00	0.00	0.00	0.00
	AAA02a	AAA02c	1.00	350.43	-90.00	0.00	0.00	0.00	0.00
	AAA02c	AAA02d	7.83	228.93	-7.30	0.00	0.00	0.00	0.00
	ESB06	FYB01	4.78	56.13	0.75	0.00	0.00	0.00	0.00
	FYB01	FYB02	7.64	330.58	0.00	0.00	0.00	0.00	0.00
	FYB02	EQB03	10.40	212.53	1.50	0.00	0.00	0.00	0.00
	FYB02	FYB02a	15.89	68.13	-0.60	0.00	0.00	0.00	0.00
	FYB02	FYB02b	11.66	24.43	-0.40	0.00	0.00	0.00	0.00
	FYB02	FYB02c	7.78	247.03	1.90	0.00	0.00	0.00	0.00
	FYB01	FYB03	4.92	123.08	0.05	0.00	0.00	0.00	0.00
	FYB03	FYB03a	8.02	162.63	1.10	0.00	0.00	0.00	0.00
	FYB03	FYB03b	4.94	244.33	7.10	0.00	0.00	0.00	0.00
	FYB01	FYB04	6.58	31.33	0.45	0.00	0.00	0.00	0.00
	FYB03	FYB05	7.20	30.23	0.35	0.00	0.00	0.00	0.00
	FYB05	FYB04	4.68	296.03	2.75	0.00	0.00	0.00	0.00
	FYB03	FYB06	6.62	55.13	1.20	0.00	0.00	0.00	0.00
	FYB06	FYB06a	9.23	158.53	-1.30	0.00	0.00	0.00	0.00
	FYB06	FYB06b	36.70	327.53	0.10	0.00	0.00	0.00	0.00
	FYB06	FYB07	6.72	59.03	0.00	0.00	0.00	0.00	0.00
	FYB04	FYB08	9.18	63.38	-3.30	0.00	0.00	0.00	0.00
	FYB08	FYB08a	10.17	315.03	1.20	0.00	0.00	0.00	0.00
	FYB07	FYB08	6.15	326.38	-3.05	0.00	0.00	0.00	0.00
	FYB07	FYB09	12.14	32.89	-1.60	0.00	0.00	0.00	0.00
	FYB09	FYB10	4.15	143.28	-1.75	0.00	0.00	0.00	0.00
	FYB10	FYB10a	23.30	143.03	1.20	0.00	0.00	0.00	0.00
	FYB10	FYB10b	16.59	34.33	-0.30	0.00	0.00	0.00	0.00
	FYB06	FYB06c	13.11	107.03	-1.00	0.00	0.00	0.00	0.00
	FYB06	FYB11	7.68	160.33	-1.05	0.00	0.00	0.00	0.00
	FYB11	FYB11a	31.59	205.83	-0.10	0.00	0.00	0.00	0.00
	FYB11	FYB11b	20.40	49.13	-1.60	0.00	0.00	0.00	0.00
	FUB01	FYB11	13.04	25.03	-0.15	0.00	0.00	0.00	0.00
	DVB02	FYC01	12.95	132.83	-3.15	0.00	0.00	0.00	0.00
	FYC01	FYC02	4.26	44.13	3.45	0.00	0.00	0.00	0.00
	FYC02	FYC03	9.63	85.38	-0.95	0.00	0.00	0.00	0.00
	FYC02	FYC04	4.30	79.98	3.33	0.00	0.00	0.00	0.00
	FYC04	FYC04a	18.82	340.93	-1.00	0.00	0.00	0.00	0.00
	FYC03	FYC05	5.71	24.03	3.65	0.00	0.00	0.00	0.00
	FYC05	FYC05a	8.67	3.13	-2.40	0.00	0.00	0.00	0.00
	FYC05	FYC05b	18.98	64.73	-0.90	0.00	0.00	0.00	0.00
	FYC05	FYC06	7.63	145.73	-3.75	0.00	0.00	0.00	0.00
	FYC06	FYC07	12.71	246.03	0.40	0.00	0.00	0.00	0.00
	FYC06	FYC08	5.13	210.93	-2.10	0.00	0.00	0.00	0.00
	FYC08	FYC08a	11.70	160.23	2.50	0.00	0.00	0.00	0.00
	FYC08	FYC08b	8.30	204.03	4.80	0.00	0.00	0.00	0.00
	FYC07	FYC09	1.95	200.68	-27.90	0.00	0.00	0.00	0.00
	FYC07	FYC07a	8.81	246.03	2.45	0.00	0.00	0.00	0.00
	FYC09	FYC02	8.13	328.58	8.75	0.00	0.00	0.00	0.00
	FYC01	FYC10	8.81	245.98	2.45	0.00	0.00	0.00	0.00
	FYC10	FYC10a	9.19	248.93	3.10	0.00	0.00	0.00	0.00
	FYC10	FYC11	11.47	121.03	-1.55	0.00	0.00	0.00	0.00
	FYC11	DTA15	15.75	268.43	3.35	0.00	0.00	0.00	0.00
	FYC11	FYC11a	19.41	46.63	-0.50	0.00	0.00	0.00	0.00
	FYC11	FYC12	5.60	165.28	0.50	0.00	0.00	0.00	0.00
	FYC12	FYC12a	17.59	54.73	-0.40	0.00	0.00	0.00	0.00
	FYC12	FYC13	5.65	106.98	0.00	0.00	0.00	0.00	0.00
	FYC13	FYC13a	21.29	242.83	2.10	0.00	0.00	0.00	0.00
	FYC13	FYC13b	7.58	164.53	-6.70	0.00	0.00	0.00	0.00
	FYC13	FYC13c	13.78	68.03	-0.80	0.00	0.00	0.00	0.00
	W01	W02	36.25	133.83	-11.50	0.00	0.00	0.00	0.00
	W02	W03	48.50	149.33	-1.00	0.00	0.00	0.00	0.00
	W03	W04	25.35	155.33	-0.30	0.00	0.00	0.00	0.00
	W04	W05	35.45	147.33	0.00	0.00	0.00	0.00	0.00
	W05	W06	28.00	145.33	-1.50	0.00	0.00	0.00	0.00
	W06	W07	32.20	48.33	0.10	0.00	0.00	0.00	0.00
	W07	W08	24.77	119.83	2.30	0.00	0.00	0.00	0.00
	W08	W09	37.27	47.33	-1.50	0.00	0.00	0.00	0.00
	W09	W10	35.38	40.33	0.50	0.00	0.00	0.00	0.00
	W10	W11	8.75	58.33	12.00	0.00	0.00	0.00	0.00
	W11	W12	23.30	326.08	-1.00	0.00	0.00	0.00	0.00
	W12	W13	17.00	248.58	-4.50	0.00	0.00	0.00	0.00
	W13	W14	38.80	325.33	0.50	0.00	0.00	0.00	0.00
	W14	W15	27.10	23.33	0.00	0.00	0.00	0.00	0.00
	W15	W16	5.76	9.83	-1.00	0.00	0.00	0.00	0.00
	W16	W17	8.12	326.83	-1.75	0.00	0.00	0.00	0.00
	W17	W18	8.60	43.63	0.50	0.00	0.00	0.00	0.00
	W18	W19	36.05	325.63	-0.30	0.00	0.00	0.00	0.00
	W19	W20	17.65	50.83	1.30	0.00	0.00	0.00	0.00
	W20	W21	20.44	36.33	4.00	0.00	0.00	0.00	0.00
	W21	W22	19.03	67.33	-3.50	0.00	0.00	0.00	0.00
	W22	W23	26.80	23.08	-1.25	0.00	0.00	0.00	0.00
	W23	W24	42.70	49.83	1.75	0.00	0.00	0.00	0.00
	W24	W25	90.79	280.33	0.00	0.00	0.00	0.00	0.00
	W25	W26	21.75	269.33	10.30	0.00	0.00	0.00	0.00
	W26	W27	24.45	279.83	-11.00	0.00	0.00	0.00	0.00
	W27	W28	28.90	17.33	-4.80	0.00	0.00	0.00	0.00
	W28	W29	30.96	274.33	9.00	0.00	0.00	0.00	0.00
	W29	AAA01	0.00	351.33	0.00	0.00	0.00	0.00	0.00
	W17	B015	2.10	201.33	0.00	0.00	0.00	0.00	0.00
	W07	X001	5.45	115.33	9.80	0.00	0.00	0.00	0.00
	X001	X002	71.60	45.33	-0.50	0.00	0.00	0.00	0.00
	X002	W13	5.22	322.13	-0.30	0.00	0.00	0.00	0.00
